# relative_time, cycles_done, cur_item, corpus_count, pending_total, pending_favs, map_size, saved_crashes, saved_hangs, max_depth, execs_per_sec, total_execs, edges_found
9, 0, 1, 4, 2, 1, 32.69%, 0, 0, 1, 52.13, 538, 743
14, 0, 2, 4, 2, 1, 32.34%, 0, 0, 1, 134.13, 729, 735
36, 0, 1, 35, 33, 1, 32.69%, 6, 0, 2, 136.84, 3238, 743
49, 0, 3, 43, 40, 1, 32.73%, 7, 0, 2, 139.90, 2253, 744
74, 0, 22, 70, 67, 0, 31.96%, 0, 0, 2, 143.25, 4122, 739
91, 0, 47, 87, 83, 0, 31.96%, 0, 0, 2, 141.67, 3313, 739
91, 18446744073709551615, 0, 87, 87, 2, 31.92%, 0, 0, 2, 0.00, 195, 738
97, 0, 30, 91, 87, 1, 32.73%, 4, 0, 2, 131.24, 1912, 744
139, 0, 43, 99, 93, 0, 32.93%, 9, 0, 2, 140.22, 6968, 753
169, 0, 22, 110, 103, 0, 31.46%, 5, 0, 2, 138.43, 5120, 746
172, 0, 42, 110, 103, 1, 31.46%, 0, 0, 1, 142.90, 1694, 746
175, 0, 67, 111, 104, 2, 31.46%, 0, 0, 2, 140.42, 1677, 746
178, 0, 43, 111, 106, 2, 31.46%, 1, 0, 2, 142.06, 1701, 746
181, 0, 38, 111, 106, 4, 32.73%, 2, 0, 2, 141.14, 1677, 744
181, 18446744073709551615, 0, 111, 110, 3, 32.05%, 0, 0, 2, 0.00, 242, 733
184, 0, 22, 111, 104, 2, 31.46%, 0, 0, 2, 109.67, 1601, 746
184, 18446744073709551615, 0, 111, 111, 2, 31.72%, 0, 0, 2, 0.00, 81, 721
187, 0, 67, 111, 105, 1, 31.46%, 0, 0, 2, 140.38, 1706, 746
248, 0, 45, 123, 114, 0, 31.46%, 6, 0, 2, 137.84, 9390, 746
253, 0, 43, 123, 114, 0, 31.46%, 6, 0, 2, 142.86, 10074, 746
258, 0, 45, 124, 115, 0, 31.46%, 6, 0, 2, 138.40, 10784, 746
263, 0, 45, 124, 115, 0, 31.46%, 6, 0, 2, 145.42, 11499, 746
268, 0, 45, 124, 115, 0, 31.46%, 6, 0, 2, 143.48, 12179, 746
273, 0, 45, 124, 115, 0, 31.46%, 7, 0, 2, 142.43, 12891, 746
278, 0, 43, 124, 115, 0, 31.46%, 7, 0, 2, 142.60, 13605, 746
284, 0, 45, 124, 115, 0, 31.46%, 7, 0, 2, 141.42, 14343, 746
289, 0, 45, 125, 116, 0, 31.46%, 7, 0, 2, 142.47, 15057, 746
294, 0, 43, 126, 117, 0, 31.46%, 8, 0, 2, 141.47, 15790, 746
295, 0, 45, 126, 117, 0, 31.46%, 8, 0, 2, 140.13, 15947, 746
356, 0, 82, 138, 128, 0, 33.28%, 5, 0, 3, 141.89, 10308, 789
361, 0, 82, 138, 128, 0, 33.28%, 6, 0, 3, 143.61, 11053, 789
366, 0, 126, 139, 129, 0, 33.28%, 7, 0, 3, 143.77, 11798, 789
371, 0, 82, 139, 129, 0, 33.28%, 7, 0, 3, 143.10, 12540, 789
377, 0, 82, 139, 129, 0, 33.28%, 7, 0, 3, 144.80, 13288, 789
382, 0, 126, 139, 129, 0, 33.28%, 7, 0, 3, 142.65, 14002, 789
382, 0, 82, 139, 129, 0, 33.28%, 7, 0, 3, 141.88, 14106, 789
443, 0, 58, 146, 134, 0, 33.70%, 8, 0, 3, 142.84, 10092, 799
448, 0, 58, 146, 134, 0, 33.70%, 8, 0, 3, 143.82, 10836, 799
453, 0, 58, 146, 134, 0, 33.70%, 8, 0, 3, 144.19, 11580, 799
458, 0, 58, 146, 134, 0, 33.70%, 8, 0, 3, 143.78, 12324, 799
464, 0, 58, 146, 134, 0, 33.70%, 8, 0, 3, 143.72, 13066, 799
469, 0, 58, 146, 134, 0, 33.70%, 8, 0, 3, 143.97, 13804, 799
474, 0, 146, 147, 135, 1, 33.70%, 8, 0, 3, 144.56, 14554, 799
479, 0, 58, 147, 134, 0, 33.70%, 8, 0, 3, 144.96, 15303, 799
484, 0, 58, 148, 135, 0, 33.70%, 9, 0, 3, 144.77, 16058, 799
489, 0, 58, 148, 135, 0, 33.70%, 9, 0, 3, 143.40, 16797, 799
495, 0, 58, 149, 136, 0, 33.70%, 9, 0, 3, 144.26, 17541, 799
500, 0, 58, 151, 138, 0, 33.70%, 9, 0, 3, 144.62, 18267, 799
505, 0, 58, 151, 138, 0, 33.70%, 9, 0, 3, 144.21, 19011, 799
510, 0, 58, 152, 139, 0, 33.70%, 9, 0, 3, 144.34, 19755, 799
515, 0, 58, 153, 140, 0, 33.70%, 9, 0, 3, 144.47, 20499, 799
520, 0, 56, 154, 141, 0, 33.70%, 9, 0, 3, 143.90, 21243, 799
525, 0, 58, 156, 143, 0, 33.70%, 10, 0, 3, 143.42, 21985, 799
531, 0, 139, 156, 143, 0, 33.70%, 11, 0, 3, 117.63, 22563, 799
536, 0, 58, 157, 144, 0, 33.70%, 11, 0, 3, 111.60, 23135, 799
541, 0, 58, 157, 144, 0, 33.70%, 11, 0, 3, 110.40, 23701, 799
546, 0, 58, 157, 144, 0, 33.70%, 11, 0, 3, 113.79, 24283, 799
551, 0, 58, 157, 144, 0, 33.70%, 11, 0, 3, 137.75, 25027, 799
556, 0, 58, 159, 146, 0, 33.70%, 11, 0, 3, 142.07, 25753, 799
561, 0, 58, 159, 146, 0, 33.70%, 11, 0, 3, 143.72, 26498, 799
567, 0, 58, 159, 146, 0, 33.70%, 11, 0, 3, 144.44, 27242, 799
572, 0, 58, 159, 146, 0, 33.70%, 11, 0, 3, 144.53, 27986, 799
577, 0, 58, 160, 147, 0, 33.70%, 11, 0, 3, 144.33, 28735, 799
582, 0, 58, 161, 148, 0, 33.70%, 11, 0, 3, 144.46, 29479, 799
587, 0, 56, 161, 148, 0, 33.70%, 11, 0, 3, 144.47, 30223, 799
592, 0, 58, 161, 148, 0, 33.70%, 11, 0, 3, 144.59, 30967, 799
598, 0, 139, 161, 148, 0, 33.70%, 11, 0, 3, 144.51, 31711, 799
603, 0, 58, 161, 148, 0, 33.70%, 11, 0, 3, 144.11, 32455, 799
608, 0, 56, 162, 149, 0, 33.70%, 11, 0, 3, 144.69, 33199, 799
613, 0, 58, 163, 150, 0, 33.70%, 11, 0, 3, 144.42, 33947, 799
618, 0, 58, 163, 150, 0, 33.70%, 11, 0, 3, 143.72, 34691, 799
623, 0, 58, 163, 150, 0, 33.70%, 11, 0, 3, 141.76, 35425, 799
629, 0, 58, 163, 150, 0, 33.70%, 11, 0, 3, 142.13, 36161, 799
634, 0, 58, 163, 150, 0, 33.70%, 11, 0, 3, 143.97, 36905, 799
639, 0, 58, 163, 150, 0, 33.70%, 11, 0, 3, 143.94, 37643, 799
644, 0, 58, 163, 150, 0, 33.70%, 11, 0, 3, 144.29, 38393, 799
649, 0, 58, 163, 150, 0, 33.70%, 11, 0, 3, 144.41, 39137, 799
654, 0, 58, 163, 150, 0, 33.70%, 11, 0, 3, 144.66, 39885, 799
660, 0, 58, 163, 150, 0, 33.70%, 11, 0, 3, 143.95, 40629, 799
665, 0, 58, 163, 150, 0, 33.70%, 11, 0, 3, 144.87, 41373, 799
670, 0, 146, 163, 150, 0, 33.70%, 11, 0, 3, 144.57, 42115, 799
675, 0, 58, 163, 150, 0, 33.70%, 11, 0, 3, 144.58, 42865, 799
680, 1, 58, 163, 150, 0, 33.70%, 11, 0, 3, 143.96, 43609, 799
685, 1, 58, 163, 150, 0, 33.70%, 11, 0, 3, 144.12, 44353, 799
691, 1, 146, 163, 150, 0, 33.70%, 11, 0, 3, 144.23, 45097, 799
696, 1, 58, 163, 150, 0, 33.70%, 11, 0, 3, 138.97, 45799, 799
701, 1, 58, 163, 150, 0, 33.70%, 11, 0, 3, 143.54, 46549, 799
706, 1, 163, 164, 151, 1, 33.70%, 11, 0, 3, 144.26, 47297, 799
711, 1, 58, 164, 150, 0, 33.70%, 11, 0, 3, 144.77, 48047, 799
716, 1, 58, 164, 150, 0, 33.70%, 11, 0, 3, 144.70, 48791, 799
722, 1, 58, 164, 150, 0, 33.70%, 12, 0, 3, 144.24, 49535, 799
727, 1, 58, 165, 151, 0, 33.70%, 12, 0, 3, 143.62, 50283, 799
732, 1, 165, 167, 153, 1, 33.78%, 12, 0, 4, 144.19, 51029, 801
737, 1, 58, 167, 152, 0, 33.78%, 13, 0, 4, 144.70, 51775, 801
742, 1, 4, 167, 152, 0, 33.78%, 13, 0, 4, 144.36, 52521, 801
747, 1, 58, 167, 151, 0, 33.78%, 13, 0, 4, 144.10, 53261, 801
753, 1, 139, 168, 152, 0, 33.78%, 13, 0, 4, 143.89, 54005, 801
758, 1, 58, 168, 152, 0, 33.78%, 13, 0, 4, 144.31, 54749, 801
763, 1, 6, 168, 152, 0, 33.78%, 13, 0, 4, 144.81, 55496, 801
768, 1, 58, 168, 151, 0, 33.78%, 13, 0, 4, 144.16, 56240, 801
773, 1, 163, 168, 151, 0, 33.78%, 13, 0, 4, 131.89, 56934, 801
778, 1, 58, 168, 150, 0, 33.78%, 13, 0, 4, 115.06, 57490, 801
783, 1, 58, 168, 150, 0, 33.78%, 13, 0, 4, 111.67, 58046, 801
788, 1, 58, 168, 150, 0, 33.78%, 13, 0, 4, 110.89, 58614, 801
793, 1, 58, 168, 150, 0, 33.78%, 13, 0, 4, 130.92, 59266, 801
799, 1, 58, 168, 150, 0, 33.78%, 13, 0, 4, 141.65, 60014, 801
804, 1, 58, 169, 151, 0, 33.78%, 13, 0, 4, 143.13, 60762, 801
809, 1, 58, 169, 151, 0, 33.78%, 13, 0, 4, 142.15, 61487, 801
814, 1, 58, 169, 151, 0, 33.78%, 13, 0, 4, 144.63, 62238, 801
819, 1, 58, 169, 151, 0, 33.78%, 13, 0, 4, 143.83, 62980, 801
824, 1, 30, 169, 151, 0, 33.78%, 13, 0, 4, 143.71, 63726, 801
830, 1, 58, 169, 150, 0, 33.78%, 13, 0, 4, 144.47, 64472, 801
835, 1, 58, 169, 150, 0, 33.78%, 13, 0, 4, 143.17, 65210, 801
840, 1, 58, 169, 150, 0, 33.78%, 13, 0, 4, 143.15, 65954, 801
845, 1, 58, 169, 150, 0, 33.78%, 13, 0, 4, 143.10, 66692, 801
850, 1, 58, 170, 151, 0, 33.78%, 13, 0, 4, 143.42, 67434, 801
855, 1, 58, 171, 152, 0, 33.78%, 13, 0, 4, 142.69, 68156, 801
861, 1, 58, 171, 152, 0, 33.78%, 13, 0, 4, 143.39, 68896, 801
866, 1, 58, 171, 152, 0, 33.78%, 13, 0, 4, 143.87, 69642, 801
871, 1, 58, 171, 152, 0, 33.78%, 13, 0, 4, 144.22, 70386, 801
876, 1, 144, 171, 152, 0, 33.78%, 13, 0, 4, 143.74, 71130, 801
881, 1, 58, 171, 151, 0, 33.78%, 13, 0, 4, 144.57, 71880, 801
886, 1, 58, 172, 152, 0, 33.78%, 13, 0, 4, 144.85, 72609, 801
892, 1, 79, 172, 152, 0, 33.78%, 13, 0, 4, 144.37, 73358, 801
897, 1, 58, 173, 152, 0, 33.78%, 13, 0, 4, 144.64, 74082, 801
902, 1, 58, 174, 153, 0, 33.78%, 13, 0, 4, 144.47, 74806, 801
907, 1, 58, 174, 153, 0, 33.78%, 13, 0, 4, 144.13, 75550, 801
912, 1, 159, 174, 153, 0, 33.78%, 13, 0, 4, 144.75, 76300, 801
917, 1, 58, 174, 152, 0, 33.78%, 13, 0, 4, 142.34, 77038, 801
922, 1, 151, 174, 152, 0, 33.78%, 14, 0, 4, 143.74, 77786, 801
927, 1, 58, 174, 151, 0, 33.78%, 14, 0, 4, 144.18, 78533, 801
933, 1, 85, 174, 151, 0, 33.78%, 14, 0, 4, 144.56, 79278, 801
938, 1, 58, 176, 152, 0, 33.78%, 14, 0, 4, 144.61, 80008, 801
943, 1, 58, 177, 153, 0, 33.78%, 14, 0, 4, 144.75, 80758, 801
948, 1, 58, 177, 153, 0, 33.78%, 14, 0, 4, 144.53, 81504, 801
953, 1, 58, 178, 154, 0, 33.78%, 14, 0, 4, 144.21, 82248, 801
958, 1, 148, 178, 154, 0, 33.78%, 14, 0, 4, 144.61, 82996, 801
963, 1, 58, 178, 153, 0, 33.78%, 15, 0, 4, 144.52, 83746, 801
969, 1, 58, 179, 154, 0, 33.78%, 15, 0, 4, 143.42, 84492, 801
974, 1, 58, 179, 154, 0, 33.78%, 15, 0, 4, 143.90, 85238, 801
979, 1, 168, 179, 154, 0, 33.78%, 15, 0, 4, 143.91, 85980, 801
984, 1, 163, 179, 153, 0, 33.78%, 15, 0, 4, 143.47, 86723, 801
989, 1, 179, 180, 154, 1, 34.08%, 15, 0, 4, 143.24, 87465, 808
995, 1, 58, 180, 153, 0, 34.08%, 15, 0, 4, 144.19, 88214, 808
1000, 1, 58, 180, 153, 0, 34.08%, 15, 0, 4, 118.42, 88798, 808
1005, 1, 125, 180, 153, 0, 34.08%, 15, 0, 4, 112.15, 89350, 808
1010, 1, 163, 180, 152, 0, 34.08%, 15, 0, 4, 110.60, 89917, 808
1015, 1, 139, 180, 152, 0, 34.08%, 15, 0, 4, 110.02, 90483, 808
1020, 1, 58, 181, 153, 0, 34.08%, 15, 0, 4, 109.91, 91053, 808
1021, 1, 58, 181, 153, 0, 34.08%, 15, 0, 4, 109.12, 91133, 808
1082, 2, 93, 186, 169, 0, 34.16%, 11, 0, 2, 144.51, 10622, 810
1087, 2, 49, 186, 168, 0, 34.16%, 12, 0, 2, 144.88, 11371, 810
1093, 2, 49, 186, 168, 0, 34.16%, 12, 0, 2, 143.98, 12115, 810
1098, 2, 49, 186, 168, 0, 34.16%, 13, 0, 2, 141.92, 12827, 810
1103, 2, 49, 186, 168, 0, 34.16%, 13, 0, 2, 144.61, 13575, 810
1108, 2, 49, 186, 168, 0, 34.16%, 13, 0, 2, 145.33, 14325, 810
1113, 2, 49, 186, 168, 0, 34.16%, 13, 0, 2, 145.27, 15071, 810
1118, 2, 62, 186, 168, 0, 34.16%, 13, 0, 2, 145.43, 15821, 810
1124, 2, 49, 186, 167, 0, 34.16%, 13, 0, 2, 144.06, 16567, 810
1129, 2, 49, 186, 167, 0, 34.16%, 13, 0, 2, 144.87, 17313, 810
1134, 2, 49, 187, 168, 0, 34.16%, 13, 0, 2, 144.98, 18039, 810
1139, 2, 49, 187, 168, 0, 34.16%, 13, 0, 2, 144.75, 18783, 810
1144, 2, 49, 187, 168, 0, 34.16%, 13, 0, 2, 143.69, 19523, 810
1149, 2, 100, 187, 168, 0, 34.16%, 13, 0, 2, 145.11, 20272, 810
1154, 2, 41, 187, 167, 0, 34.16%, 13, 0, 2, 144.98, 21018, 810
1159, 2, 51, 187, 167, 0, 34.16%, 13, 0, 2, 144.79, 21764, 810
1165, 2, 49, 187, 166, 0, 34.16%, 13, 0, 2, 145.07, 22512, 810
1170, 2, 49, 187, 166, 0, 34.16%, 13, 0, 2, 145.36, 23260, 810
1175, 2, 86, 187, 166, 0, 34.16%, 14, 0, 2, 145.57, 24008, 810
1180, 2, 49, 187, 165, 0, 34.16%, 14, 0, 2, 145.33, 24755, 810
1185, 2, 49, 187, 165, 0, 34.16%, 14, 0, 2, 145.73, 25506, 810
1190, 2, 49, 188, 166, 0, 34.16%, 14, 0, 3, 145.64, 26256, 810
1196, 2, 49, 188, 166, 0, 34.16%, 14, 0, 3, 135.17, 26960, 810
1201, 2, 49, 188, 166, 0, 34.16%, 14, 0, 3, 124.59, 27602, 810
1206, 2, 49, 188, 166, 0, 34.16%, 14, 0, 3, 140.00, 28332, 810
1211, 2, 14, 188, 166, 0, 34.16%, 15, 0, 3, 144.39, 29082, 810
1216, 2, 49, 188, 165, 0, 34.16%, 16, 0, 3, 144.77, 29830, 810
1221, 2, 49, 188, 165, 0, 34.16%, 16, 0, 3, 144.61, 30572, 810
1226, 2, 148, 188, 165, 0, 34.16%, 16, 0, 3, 145.00, 31322, 810
1231, 2, 49, 188, 164, 0, 34.16%, 16, 0, 3, 145.09, 32071, 810
1237, 2, 49, 188, 164, 0, 34.16%, 16, 0, 3, 145.08, 32817, 810
1242, 2, 49, 188, 164, 0, 34.16%, 17, 0, 3, 145.46, 33565, 810
1247, 2, 49, 188, 164, 0, 34.16%, 17, 0, 3, 145.52, 34313, 810
1252, 2, 49, 188, 164, 0, 34.16%, 17, 0, 3, 145.39, 35061, 810
1257, 2, 68, 188, 164, 0, 34.16%, 17, 0, 3, 145.07, 35809, 810
1262, 2, 106, 188, 163, 0, 34.16%, 17, 0, 3, 145.42, 36558, 810
1267, 2, 49, 188, 162, 0, 34.16%, 17, 0, 3, 145.77, 37307, 810
1273, 2, 32, 188, 162, 0, 34.16%, 17, 0, 3, 141.14, 38035, 810
1278, 2, 32, 188, 162, 0, 34.16%, 17, 0, 3, 119.18, 38655, 810
1283, 2, 49, 188, 161, 0, 34.16%, 18, 0, 3, 109.59, 39201, 810
1288, 2, 49, 188, 161, 0, 34.16%, 18, 0, 3, 108.55, 39755, 810
1293, 2, 49, 188, 161, 0, 34.16%, 18, 0, 3, 133.34, 40467, 810
1298, 2, 49, 188, 161, 0, 34.16%, 18, 0, 3, 133.36, 41165, 810
1304, 2, 49, 188, 161, 0, 34.16%, 18, 0, 3, 133.71, 41859, 810
1309, 2, 99, 188, 161, 0, 34.16%, 18, 0, 3, 137.59, 42567, 810
1314, 2, 49, 188, 160, 0, 34.16%, 18, 0, 3, 138.17, 43273, 810
1319, 2, 23, 188, 160, 0, 34.16%, 19, 0, 3, 143.80, 44021, 810
1324, 2, 49, 188, 159, 0, 34.16%, 19, 0, 3, 144.60, 44770, 810
1329, 2, 49, 188, 159, 0, 34.16%, 19, 0, 3, 143.77, 45508, 810
1334, 2, 49, 189, 159, 0, 34.16%, 19, 0, 3, 144.32, 46251, 810
1340, 2, 49, 189, 159, 0, 34.16%, 19, 0, 3, 144.25, 46995, 810
1345, 2, 49, 189, 159, 0, 34.16%, 19, 0, 3, 143.30, 47733, 810
1350, 2, 49, 189, 159, 0, 34.16%, 19, 0, 3, 144.98, 48479, 810
1355, 2, 110, 189, 159, 0, 34.16%, 19, 0, 3, 145.34, 49229, 810
1360, 2, 49, 189, 158, 0, 34.16%, 19, 0, 3, 145.40, 49980, 810
1365, 2, 49, 189, 158, 0, 34.16%, 19, 0, 3, 145.30, 50730, 810
1371, 2, 49, 189, 158, 0, 34.16%, 19, 0, 3, 144.54, 51474, 810
1376, 2, 49, 189, 158, 0, 34.16%, 19, 0, 3, 144.58, 52220, 810
1381, 2, 146, 189, 158, 0, 34.16%, 19, 0, 3, 145.41, 52966, 810
1386, 2, 111, 189, 157, 0, 34.16%, 19, 0, 3, 145.30, 53714, 810
1391, 2, 49, 189, 156, 0, 34.16%, 19, 0, 3, 144.44, 54460, 810
1396, 2, 49, 189, 156, 0, 34.16%, 19, 0, 3, 118.92, 55036, 810
1401, 2, 49, 189, 156, 0, 34.16%, 19, 0, 3, 112.64, 55602, 810
1406, 2, 49, 189, 156, 0, 34.16%, 19, 0, 3, 111.20, 56166, 810
1412, 2, 49, 189, 156, 0, 34.16%, 19, 0, 3, 137.28, 56896, 810
1417, 2, 49, 189, 156, 0, 34.16%, 19, 0, 3, 143.94, 57644, 810
1422, 2, 36, 189, 156, 0, 34.16%, 19, 0, 3, 144.45, 58392, 810
1427, 2, 80, 190, 156, 0, 34.16%, 19, 0, 3, 144.91, 59143, 810
1432, 2, 49, 190, 155, 0, 34.16%, 19, 0, 3, 142.11, 59854, 810
1437, 2, 112, 190, 155, 0, 34.16%, 19, 0, 3, 142.18, 60590, 810
1442, 2, 130, 190, 155, 0, 34.16%, 19, 0, 3, 144.46, 61338, 810
1448, 2, 49, 190, 154, 0, 34.16%, 19, 0, 3, 144.23, 62083, 810
1453, 2, 53, 190, 154, 0, 34.16%, 19, 0, 3, 143.61, 62829, 810
1458, 2, 49, 190, 153, 0, 34.16%, 19, 0, 3, 123.97, 63465, 810
1463, 2, 49, 190, 153, 0, 34.16%, 19, 0, 3, 113.49, 64021, 810
1468, 3, 1, 190, 153, 0, 34.16%, 19, 0, 3, 111.23, 64577, 810
1473, 3, 49, 190, 153, 0, 34.16%, 19, 0, 3, 110.34, 65129, 810
1478, 3, 33, 190, 153, 0, 34.16%, 19, 0, 3, 110.77, 65686, 810
1483, 3, 49, 190, 152, 0, 34.16%, 19, 0, 3, 111.17, 66252, 810
1488, 3, 49, 190, 152, 0, 34.16%, 19, 0, 3, 110.80, 66812, 810
1493, 3, 181, 191, 153, 0, 34.16%, 19, 0, 3, 111.20, 67384, 810
1498, 3, 49, 191, 153, 0, 34.16%, 19, 0, 3, 111.40, 67956, 810
1504, 3, 49, 192, 154, 0, 34.16%, 19, 0, 3, 111.11, 68528, 810
1509, 3, 49, 192, 154, 0, 34.16%, 19, 0, 3, 111.19, 69098, 810
1514, 3, 49, 192, 154, 0, 34.16%, 19, 0, 3, 111.21, 69664, 810
1519, 3, 49, 192, 154, 0, 34.16%, 19, 0, 3, 110.95, 70230, 810
1524, 3, 49, 193, 155, 0, 34.16%, 19, 0, 3, 110.93, 70794, 810
1529, 3, 49, 193, 155, 0, 34.16%, 19, 0, 3, 111.15, 71360, 810
1534, 3, 49, 193, 155, 0, 34.16%, 19, 0, 3, 117.33, 71946, 810
1539, 3, 120, 193, 155, 0, 34.16%, 19, 0, 3, 139.33, 72696, 810
1545, 3, 49, 193, 154, 0, 34.16%, 19, 0, 3, 143.31, 73444, 810
1550, 3, 67, 193, 154, 0, 34.16%, 19, 0, 3, 143.94, 74185, 810
1555, 3, 49, 193, 153, 0, 34.16%, 19, 0, 3, 144.38, 74927, 810
1560, 3, 49, 193, 153, 0, 34.16%, 19, 0, 3, 143.52, 75671, 810
1565, 3, 49, 194, 154, 0, 34.16%, 19, 0, 3, 143.75, 76411, 810
1570, 3, 49, 194, 154, 0, 34.16%, 19, 0, 3, 143.66, 77155, 810
1575, 3, 49, 195, 155, 0, 34.16%, 19, 0, 3, 128.59, 77835, 810
1581, 3, 119, 196, 156, 0, 34.16%, 19, 0, 3, 136.29, 78547, 810
1586, 3, 49, 196, 155, 0, 34.16%, 19, 0, 3, 140.90, 79282, 810
1591, 3, 49, 196, 155, 0, 34.16%, 19, 0, 3, 142.03, 80022, 810
1596, 3, 49, 196, 155, 0, 34.16%, 19, 0, 3, 123.53, 80670, 810
1601, 3, 49, 196, 155, 0, 34.16%, 19, 0, 3, 122.65, 81274, 810
1607, 3, 49, 196, 155, 0, 34.16%, 19, 0, 3, 139.58, 82020, 810
1612, 3, 49, 196, 155, 0, 34.16%, 19, 0, 3, 143.29, 82762, 810
1617, 3, 127, 197, 156, 0, 34.16%, 19, 0, 3, 143.92, 83510, 810
1622, 3, 127, 200, 159, 0, 34.16%, 19, 0, 3, 140.16, 84231, 810
1627, 3, 49, 200, 158, 0, 34.16%, 19, 0, 3, 116.40, 84803, 810
1632, 3, 49, 200, 158, 0, 34.16%, 19, 0, 3, 121.34, 85451, 810
1637, 3, 56, 200, 158, 0, 34.16%, 19, 0, 3, 107.92, 85974, 810
1642, 3, 49, 201, 158, 0, 34.16%, 19, 0, 3, 126.83, 86620, 810
1647, 3, 13, 201, 158, 0, 34.16%, 19, 0, 3, 138.44, 87330, 810
1652, 3, 49, 201, 158, 0, 34.16%, 19, 0, 3, 140.93, 88046, 810
1657, 3, 49, 201, 158, 0, 34.16%, 19, 0, 3, 140.76, 88778, 810
1663, 3, 49, 201, 158, 0, 34.16%, 19, 0, 3, 141.69, 89510, 810
1668, 3, 49, 202, 159, 0, 34.16%, 20, 0, 3, 144.16, 90256, 810
1673, 3, 49, 203, 160, 0, 34.16%, 20, 0, 3, 143.38, 90998, 810
1678, 3, 49, 203, 160, 0, 34.16%, 20, 0, 3, 143.52, 91740, 810
1683, 3, 49, 203, 160, 0, 34.16%, 20, 0, 3, 144.08, 92490, 810
1688, 3, 49, 203, 160, 0, 34.16%, 20, 0, 3, 141.54, 93226, 810
1694, 3, 124, 203, 160, 0, 34.16%, 20, 0, 3, 139.07, 93948, 810
1699, 3, 49, 203, 159, 0, 34.16%, 20, 0, 3, 142.59, 94687, 810
1704, 3, 49, 203, 159, 0, 34.16%, 20, 0, 3, 144.34, 95433, 810
1709, 3, 49, 203, 159, 0, 34.16%, 20, 0, 3, 144.86, 96181, 810
1714, 3, 180, 203, 159, 0, 34.16%, 20, 0, 3, 141.99, 96921, 810
1719, 3, 15, 203, 158, 0, 34.16%, 20, 0, 3, 143.35, 97665, 810
1725, 3, 49, 203, 158, 0, 34.16%, 20, 0, 3, 144.21, 98411, 810
1730, 3, 182, 204, 159, 0, 34.16%, 20, 0, 3, 134.99, 99119, 810
1735, 3, 49, 204, 159, 0, 34.16%, 20, 0, 3, 128.14, 99725, 810
1740, 3, 49, 204, 159, 0, 34.16%, 20, 0, 3, 141.65, 100473, 810
1745, 3, 49, 204, 159, 0, 34.16%, 20, 0, 3, 144.28, 101220, 810
1750, 3, 49, 204, 159, 0, 34.16%, 20, 0, 3, 144.71, 101969, 810
1756, 3, 49, 205, 160, 0, 34.16%, 20, 0, 3, 144.94, 102721, 810
1761, 3, 49, 206, 161, 0, 34.16%, 20, 0, 3, 144.65, 103471, 810
1766, 3, 49, 206, 161, 0, 34.16%, 20, 0, 3, 144.46, 104215, 810
1771, 3, 49, 207, 162, 0, 34.16%, 20, 0, 3, 144.10, 104957, 810
1776, 3, 49, 208, 163, 0, 34.16%, 20, 0, 3, 144.32, 105704, 810
1781, 3, 49, 208, 163, 0, 34.16%, 20, 0, 3, 144.64, 106449, 810
1787, 3, 49, 208, 163, 0, 34.16%, 20, 0, 3, 144.63, 107193, 810
1792, 3, 49, 208, 163, 0, 34.16%, 20, 0, 3, 144.85, 107937, 810
1797, 3, 49, 208, 163, 0, 34.16%, 20, 0, 3, 128.54, 108617, 810
1802, 3, 49, 208, 163, 0, 34.16%, 20, 0, 3, 114.15, 109193, 810
1807, 3, 49, 208, 163, 0, 34.16%, 20, 0, 3, 110.35, 109757, 810
1812, 3, 49, 208, 163, 0, 34.16%, 20, 0, 3, 110.26, 110327, 810
1817, 3, 49, 208, 163, 0, 34.16%, 20, 0, 3, 110.49, 110887, 810
1822, 3, 49, 208, 163, 0, 34.16%, 20, 0, 3, 111.32, 111445, 810
1828, 3, 49, 208, 163, 0, 34.16%, 20, 0, 3, 137.12, 112189, 810
1833, 3, 49, 208, 163, 0, 34.16%, 20, 0, 3, 131.20, 112859, 810
1838, 3, 49, 208, 163, 0, 34.16%, 20, 0, 3, 136.22, 113559, 810
1843, 3, 162, 208, 163, 0, 34.16%, 20, 0, 3, 139.16, 114275, 810
1848, 3, 49, 209, 163, 0, 34.16%, 20, 0, 3, 141.23, 115013, 810
1853, 3, 49, 210, 164, 0, 34.16%, 20, 0, 3, 141.28, 115721, 810
1858, 3, 49, 210, 164, 0, 34.16%, 20, 0, 3, 140.27, 116436, 810
1863, 3, 41, 214, 168, 0, 34.16%, 21, 0, 3, 142.34, 117167, 810
1868, 3, 41, 219, 173, 0, 34.16%, 21, 0, 3, 142.56, 117884, 810
1873, 3, 41, 219, 173, 0, 34.16%, 21, 0, 3, 143.29, 118602, 810
1878, 3, 49, 220, 174, 0, 34.16%, 21, 0, 3, 142.09, 119314, 810
1884, 3, 49, 220, 174, 0, 34.16%, 21, 0, 3, 143.11, 120058, 810
1889, 3, 1, 221, 175, 0, 34.16%, 21, 0, 3, 143.25, 120800, 810
1894, 3, 121, 221, 175, 0, 34.16%, 21, 0, 3, 142.77, 121516, 810
1899, 3, 49, 221, 174, 0, 34.16%, 21, 0, 3, 143.73, 122264, 810
1904, 3, 49, 221, 174, 0, 34.16%, 21, 0, 3, 143.83, 123008, 810
1909, 3, 49, 222, 175, 0, 34.16%, 21, 0, 3, 143.52, 123730, 810
1914, 3, 49, 222, 175, 0, 34.16%, 21, 0, 3, 143.55, 124474, 810
1920, 3, 49, 222, 175, 0, 34.16%, 21, 0, 3, 143.26, 125216, 810
1925, 3, 49, 222, 175, 0, 34.16%, 22, 0, 3, 142.68, 125932, 810
1930, 3, 49, 222, 175, 0, 34.16%, 22, 0, 3, 142.88, 126648, 810
1935, 3, 49, 222, 175, 0, 34.16%, 22, 0, 3, 142.12, 127388, 810
1940, 3, 182, 223, 176, 0, 34.16%, 22, 0, 3, 143.01, 128130, 810
1945, 3, 103, 224, 177, 0, 34.16%, 22, 0, 3, 143.90, 128874, 810
1950, 3, 49, 224, 176, 0, 34.16%, 22, 0, 3, 143.24, 129621, 810
1955, 3, 49, 224, 176, 0, 34.16%, 22, 0, 3, 143.30, 130339, 810
1961, 4, 49, 224, 176, 0, 34.16%, 22, 0, 3, 143.54, 131083, 810
1966, 4, 49, 224, 176, 0, 34.16%, 22, 0, 3, 143.99, 131827, 810
1971, 4, 49, 224, 176, 0, 34.16%, 22, 0, 3, 144.17, 132571, 810
1976, 4, 49, 225, 177, 0, 34.16%, 22, 0, 3, 143.00, 133295, 810
1981, 4, 49, 226, 178, 0, 34.16%, 22, 0, 3, 144.23, 134043, 810
1986, 4, 41, 226, 178, 0, 34.16%, 22, 0, 3, 144.38, 134787, 810
1992, 4, 49, 226, 178, 0, 34.16%, 22, 0, 3, 144.32, 135535, 810
1997, 4, 182, 226, 178, 0, 34.16%, 22, 0, 3, 143.98, 136282, 810
2002, 4, 49, 226, 178, 0, 34.16%, 22, 0, 3, 143.62, 137021, 810
2007, 4, 126, 226, 178, 0, 34.16%, 22, 0, 3, 143.67, 137765, 810
2012, 4, 49, 226, 177, 0, 34.16%, 22, 0, 3, 144.32, 138515, 810
2017, 4, 49, 226, 177, 0, 34.16%, 22, 0, 3, 144.37, 139263, 810
2023, 4, 49, 227, 178, 0, 34.16%, 22, 0, 3, 143.52, 140003, 810
2028, 4, 49, 227, 178, 0, 34.16%, 22, 0, 3, 144.30, 140747, 810
2033, 4, 49, 227, 178, 0, 34.16%, 22, 0, 3, 140.91, 141461, 810
2038, 4, 49, 227, 178, 0, 34.16%, 22, 0, 3, 144.06, 142205, 810
2043, 4, 15, 228, 179, 0, 34.20%, 22, 0, 3, 144.79, 142956, 811
2048, 4, 41, 228, 179, 0, 34.20%, 22, 0, 3, 145.09, 143701, 811
2054, 4, 163, 229, 180, 0, 34.20%, 22, 0, 3, 145.22, 144451, 811
2059, 4, 206, 229, 179, 0, 34.20%, 22, 0, 3, 144.34, 145193, 811
2064, 4, 206, 229, 179, 0, 34.20%, 22, 0, 3, 143.24, 145939, 811
2069, 4, 49, 229, 178, 0, 34.20%, 22, 0, 3, 142.49, 146675, 811
2074, 4, 49, 229, 178, 0, 34.20%, 22, 0, 3, 143.90, 147423, 811
2079, 4, 49, 229, 178, 0, 34.20%, 22, 0, 3, 142.58, 148159, 811
2085, 4, 49, 229, 178, 0, 34.20%, 22, 0, 3, 143.07, 148893, 811
2090, 4, 49, 229, 178, 0, 34.20%, 22, 0, 3, 142.29, 149629, 811
2095, 4, 214, 229, 178, 0, 34.20%, 22, 0, 3, 143.24, 150375, 811
2100, 4, 214, 229, 178, 0, 34.20%, 22, 0, 3, 142.04, 151085, 811
2105, 4, 214, 229, 178, 0, 34.20%, 22, 0, 3, 143.41, 151827, 811
2110, 4, 49, 230, 178, 0, 34.20%, 22, 0, 3, 144.45, 152577, 811
2115, 4, 17, 230, 178, 0, 34.20%, 22, 0, 3, 144.47, 153323, 811
2121, 4, 49, 230, 177, 0, 34.20%, 22, 0, 3, 144.78, 154067, 811
2126, 4, 49, 230, 177, 0, 34.20%, 22, 0, 3, 141.39, 154777, 811
2131, 4, 49, 230, 177, 0, 34.20%, 22, 0, 3, 144.50, 155525, 811
2136, 4, 50, 230, 177, 0, 34.20%, 22, 0, 3, 145.01, 156273, 811
2141, 4, 49, 230, 176, 0, 34.20%, 22, 0, 3, 144.56, 157021, 811
2146, 4, 49, 230, 176, 0, 34.20%, 22, 0, 3, 142.19, 157761, 811
2152, 4, 49, 230, 176, 0, 34.20%, 22, 0, 3, 142.79, 158499, 811
2157, 4, 49, 230, 176, 0, 34.20%, 22, 0, 3, 141.87, 159225, 811
2162, 4, 13, 230, 176, 0, 34.20%, 22, 0, 3, 144.38, 159971, 811
2167, 4, 49, 231, 177, 0, 34.20%, 22, 0, 3, 144.90, 160715, 811
2172, 4, 49, 231, 177, 0, 34.20%, 22, 0, 3, 144.80, 161465, 811
2177, 4, 49, 231, 177, 0, 34.20%, 22, 0, 3, 145.26, 162215, 811
2183, 4, 41, 231, 177, 0, 34.20%, 22, 0, 3, 145.01, 162959, 811
2188, 4, 49, 231, 177, 0, 34.20%, 22, 0, 3, 145.15, 163707, 811
2193, 4, 13, 231, 177, 0, 34.20%, 22, 0, 3, 144.82, 164455, 811
2198, 4, 49, 232, 178, 0, 34.20%, 22, 0, 3, 144.33, 165200, 811
2203, 4, 49, 232, 178, 0, 34.20%, 22, 0, 3, 144.85, 165949, 811
2208, 4, 41, 232, 178, 0, 34.20%, 22, 0, 3, 144.53, 166695, 811
2214, 4, 49, 232, 178, 0, 34.20%, 22, 0, 3, 144.68, 167443, 811
2219, 4, 49, 232, 178, 0, 34.20%, 22, 0, 3, 144.42, 168189, 811
2224, 4, 49, 232, 178, 0, 34.20%, 22, 0, 3, 143.72, 168933, 811
2229, 4, 49, 232, 178, 0, 34.20%, 22, 0, 3, 143.71, 169677, 811
2234, 4, 217, 232, 178, 0, 34.20%, 22, 0, 3, 143.64, 170423, 811
2239, 4, 217, 232, 178, 0, 34.20%, 22, 0, 3, 141.56, 171133, 811
2244, 4, 49, 232, 177, 0, 34.20%, 22, 0, 3, 143.57, 171879, 811
2250, 4, 49, 232, 177, 0, 34.20%, 22, 0, 3, 145.12, 172623, 811
2255, 4, 1, 232, 177, 0, 34.20%, 22, 0, 3, 143.37, 173361, 811
2260, 4, 49, 232, 177, 0, 34.20%, 22, 0, 3, 144.60, 174107, 811
2265, 4, 49, 232, 177, 0, 34.20%, 22, 0, 3, 145.06, 174851, 811
2270, 4, 49, 232, 177, 0, 34.20%, 22, 0, 3, 145.29, 175597, 811
2275, 4, 49, 232, 177, 0, 34.20%, 22, 0, 3, 145.03, 176347, 811
2281, 4, 49, 232, 177, 0, 34.20%, 22, 0, 3, 144.93, 177097, 811
2286, 4, 49, 232, 177, 0, 34.20%, 22, 0, 3, 144.91, 177845, 811
2291, 4, 182, 232, 177, 0, 34.20%, 22, 0, 3, 144.24, 178585, 811
2296, 4, 77, 232, 177, 0, 34.20%, 22, 0, 3, 144.87, 179333, 811
2301, 4, 49, 232, 176, 0, 34.20%, 22, 0, 3, 144.90, 180082, 811
2306, 4, 69, 232, 176, 0, 34.20%, 22, 0, 3, 145.44, 180833, 811
2311, 4, 49, 232, 175, 0, 34.20%, 22, 0, 3, 145.00, 181582, 811
2317, 4, 49, 232, 175, 0, 34.20%, 22, 0, 3, 144.72, 182327, 811
2322, 4, 49, 232, 175, 0, 34.20%, 22, 0, 3, 144.34, 183071, 811
2327, 4, 49, 232, 175, 0, 34.20%, 22, 0, 3, 143.67, 183813, 811
2332, 4, 49, 232, 175, 0, 34.20%, 22, 0, 3, 144.60, 184554, 811
2337, 4, 49, 232, 175, 0, 34.20%, 22, 0, 3, 144.62, 185299, 811
2342, 4, 49, 232, 175, 0, 34.20%, 22, 0, 3, 143.75, 186041, 811
2348, 4, 49, 232, 175, 0, 34.20%, 22, 0, 3, 144.51, 186787, 811
2353, 4, 15, 232, 175, 0, 34.20%, 22, 0, 3, 138.79, 187515, 811
2358, 4, 49, 232, 175, 0, 34.20%, 22, 0, 3, 116.75, 188073, 811
2363, 4, 49, 232, 175, 0, 34.20%, 22, 0, 3, 112.05, 188631, 811
2368, 4, 49, 232, 175, 0, 34.20%, 22, 0, 3, 110.59, 189203, 811
2373, 4, 49, 232, 175, 0, 34.20%, 22, 0, 3, 110.46, 189757, 811
2378, 4, 49, 232, 175, 0, 34.20%, 22, 0, 3, 110.50, 190331, 811
2383, 4, 49, 232, 175, 0, 34.20%, 22, 0, 3, 129.80, 190997, 811
2389, 4, 96, 232, 175, 0, 34.20%, 22, 0, 3, 140.26, 191737, 811
2394, 4, 41, 232, 174, 0, 34.20%, 22, 0, 3, 143.22, 192483, 811
2399, 4, 49, 232, 174, 0, 34.20%, 22, 0, 3, 144.51, 193233, 811
2404, 4, 49, 232, 174, 0, 34.20%, 22, 0, 3, 145.05, 193981, 811
2409, 4, 49, 232, 174, 0, 34.20%, 22, 0, 3, 145.04, 194730, 811
2414, 4, 49, 232, 174, 0, 34.20%, 22, 0, 3, 145.19, 195481, 811
2420, 4, 194, 233, 175, 0, 34.20%, 22, 0, 3, 144.77, 196229, 811
2425, 4, 49, 233, 174, 0, 34.20%, 22, 0, 3, 144.58, 196977, 811
2430, 4, 49, 233, 174, 0, 34.20%, 22, 0, 3, 136.43, 197691, 811
2435, 4, 112, 233, 174, 0, 34.20%, 22, 0, 3, 116.02, 198247, 811
2440, 4, 49, 233, 174, 0, 34.20%, 22, 0, 3, 137.17, 198975, 811
2445, 4, 49, 233, 174, 0, 34.20%, 22, 0, 3, 143.81, 199725, 811
2450, 5, 34, 233, 174, 0, 34.20%, 22, 0, 3, 144.92, 200475, 811
2456, 5, 49, 233, 173, 0, 34.20%, 22, 0, 3, 144.94, 201220, 811
2461, 5, 49, 233, 173, 0, 34.20%, 22, 0, 3, 145.60, 201969, 811
2466, 5, 49, 233, 173, 0, 34.20%, 22, 0, 3, 145.53, 202715, 811
2471, 5, 41, 233, 173, 0, 34.20%, 22, 0, 3, 145.04, 203463, 811
2476, 5, 49, 233, 173, 0, 34.20%, 22, 0, 3, 144.68, 204209, 811
2481, 5, 15, 233, 173, 0, 34.20%, 22, 0, 3, 142.69, 204943, 811
2486, 5, 49, 233, 173, 0, 34.20%, 22, 0, 3, 144.67, 205693, 811
2492, 5, 41, 233, 173, 0, 34.20%, 22, 0, 3, 144.96, 206443, 811
2497, 5, 13, 233, 173, 0, 34.20%, 22, 0, 3, 138.49, 207139, 811
2502, 5, 41, 233, 173, 0, 34.20%, 22, 0, 3, 143.56, 207884, 811
2507, 5, 49, 233, 173, 0, 34.20%, 22, 0, 3, 143.20, 208627, 811
2512, 5, 49, 233, 173, 0, 34.20%, 22, 0, 3, 143.01, 209359, 811
2517, 5, 49, 233, 173, 0, 34.20%, 22, 0, 3, 143.48, 210099, 811
2523, 5, 49, 233, 173, 0, 34.20%, 22, 0, 3, 144.69, 210849, 811
2528, 5, 49, 233, 173, 0, 34.20%, 22, 0, 3, 144.42, 211599, 811
2533, 5, 49, 233, 173, 0, 34.20%, 22, 0, 3, 144.16, 212343, 811
2538, 5, 49, 233, 173, 0, 34.20%, 22, 0, 3, 144.61, 213093, 811
2543, 5, 112, 233, 173, 0, 34.20%, 22, 0, 3, 144.35, 213839, 811
2548, 5, 49, 233, 173, 0, 34.20%, 22, 0, 3, 144.69, 214583, 811
2554, 5, 49, 233, 173, 0, 34.20%, 22, 0, 3, 144.26, 215321, 811
2559, 5, 44, 233, 173, 0, 34.20%, 22, 0, 3, 144.61, 216069, 811
2564, 5, 49, 233, 172, 0, 34.20%, 22, 0, 3, 144.78, 216818, 811
2569, 5, 49, 233, 172, 0, 34.20%, 22, 0, 3, 144.72, 217569, 811
2574, 5, 49, 233, 172, 0, 34.20%, 22, 0, 3, 144.49, 218313, 811
2579, 5, 203, 233, 172, 0, 34.20%, 22, 0, 3, 144.95, 219059, 811
2585, 5, 203, 233, 172, 0, 34.20%, 22, 0, 3, 145.11, 219808, 811
2590, 5, 161, 233, 171, 0, 34.20%, 22, 0, 3, 144.37, 220556, 811
2595, 5, 49, 233, 170, 0, 34.20%, 22, 0, 3, 144.87, 221304, 811
2600, 5, 49, 233, 170, 0, 34.20%, 22, 0, 3, 144.84, 222048, 811
2605, 5, 41, 233, 170, 0, 34.20%, 22, 0, 3, 145.28, 222798, 811
2610, 5, 49, 233, 170, 0, 34.20%, 22, 0, 3, 145.05, 223546, 811
2616, 5, 49, 233, 170, 0, 34.20%, 22, 0, 3, 145.10, 224293, 811
2621, 5, 49, 233, 170, 0, 34.20%, 22, 0, 3, 145.24, 225044, 811
2626, 5, 49, 233, 170, 0, 34.20%, 22, 0, 3, 145.17, 225794, 811
2631, 5, 49, 233, 170, 0, 34.20%, 22, 0, 3, 145.20, 226540, 811
2636, 5, 49, 233, 170, 0, 34.20%, 22, 0, 3, 145.30, 227288, 811
2641, 5, 49, 233, 170, 0, 34.20%, 22, 0, 3, 145.65, 228036, 811
2646, 5, 49, 233, 170, 0, 34.20%, 22, 0, 3, 145.50, 228784, 811
2652, 5, 49, 233, 169, 0, 34.20%, 22, 0, 3, 145.23, 229530, 811
2657, 5, 49, 233, 169, 0, 34.20%, 22, 0, 3, 145.37, 230279, 811
2662, 5, 49, 233, 169, 0, 34.20%, 22, 0, 3, 144.73, 231025, 811
2667, 5, 172, 233, 169, 0, 34.20%, 22, 0, 3, 144.29, 231769, 811
2672, 5, 49, 233, 168, 0, 34.20%, 22, 0, 3, 144.64, 232518, 811
2677, 5, 49, 233, 168, 0, 34.20%, 22, 0, 3, 144.90, 233262, 811
2683, 5, 200, 233, 168, 0, 34.20%, 22, 0, 3, 144.72, 234010, 811
2688, 5, 49, 233, 167, 0, 34.20%, 22, 0, 3, 143.23, 234748, 811
2693, 5, 41, 233, 167, 0, 34.20%, 22, 0, 3, 143.84, 235492, 811
2698, 5, 49, 233, 167, 0, 34.20%, 22, 0, 3, 143.94, 236232, 811
2703, 5, 49, 233, 167, 0, 34.20%, 22, 0, 3, 144.97, 236977, 811
2708, 5, 49, 233, 167, 0, 34.20%, 22, 0, 3, 145.11, 237726, 811
2713, 5, 49, 233, 167, 0, 34.20%, 22, 0, 3, 133.37, 238432, 811
2719, 5, 41, 233, 167, 0, 34.20%, 22, 0, 3, 130.66, 239068, 811
2724, 5, 95, 233, 167, 0, 34.20%, 22, 0, 3, 142.17, 239816, 811
2729, 5, 49, 233, 166, 0, 34.20%, 22, 0, 3, 142.38, 240559, 811
2734, 5, 49, 233, 166, 0, 34.20%, 22, 0, 3, 144.19, 241303, 811
2739, 5, 49, 233, 166, 0, 34.20%, 22, 0, 3, 121.17, 241901, 811
2744, 5, 49, 233, 166, 0, 34.20%, 22, 0, 3, 113.10, 242461, 811
2749, 5, 49, 233, 166, 0, 34.20%, 22, 0, 3, 136.64, 243185, 811
2754, 5, 49, 233, 166, 0, 34.20%, 22, 0, 3, 141.70, 243929, 811
2760, 5, 49, 233, 166, 0, 34.20%, 22, 0, 3, 144.14, 244673, 811
2765, 5, 49, 233, 166, 0, 34.20%, 22, 0, 3, 144.14, 245417, 811
2770, 5, 49, 233, 166, 0, 34.20%, 22, 0, 3, 143.49, 246157, 811
2775, 5, 49, 233, 166, 0, 34.20%, 22, 0, 3, 144.68, 246907, 811
2780, 5, 25, 233, 166, 0, 34.20%, 22, 0, 3, 144.67, 247656, 811
2785, 5, 233, 234, 166, 1, 34.20%, 22, 0, 3, 144.92, 248409, 811
2791, 5, 49, 234, 165, 0, 34.20%, 22, 0, 3, 144.89, 249156, 811
2796, 5, 183, 234, 165, 0, 34.20%, 22, 0, 3, 144.47, 249904, 811
2801, 5, 49, 234, 164, 0, 34.20%, 22, 0, 3, 143.98, 250640, 811
2806, 5, 49, 234, 164, 0, 34.20%, 22, 0, 3, 144.92, 251388, 811
2811, 5, 49, 234, 164, 0, 34.20%, 22, 0, 3, 145.23, 252136, 811
2816, 5, 233, 234, 164, 0, 34.20%, 22, 0, 3, 144.88, 252880, 811
2822, 5, 15, 234, 164, 0, 34.20%, 22, 0, 3, 145.01, 253630, 811
2827, 5, 233, 234, 164, 0, 34.20%, 22, 0, 3, 145.27, 254378, 811
2832, 5, 49, 234, 164, 0, 34.20%, 22, 0, 3, 144.67, 255124, 811
2837, 5, 49, 234, 164, 0, 34.20%, 22, 0, 3, 145.04, 255874, 811
2842, 5, 218, 234, 164, 0, 34.20%, 22, 0, 3, 144.98, 256624, 811
2847, 5, 218, 234, 164, 0, 34.20%, 22, 0, 3, 144.47, 257373, 811
2853, 5, 49, 234, 163, 0, 34.20%, 22, 0, 3, 144.44, 258121, 811
2858, 5, 49, 234, 163, 0, 34.20%, 22, 0, 3, 144.64, 258869, 811
2863, 5, 43, 234, 163, 0, 34.20%, 22, 0, 3, 145.24, 259619, 811
2868, 5, 49, 234, 162, 0, 34.20%, 22, 0, 3, 145.21, 260367, 811
2873, 5, 49, 234, 162, 0, 34.20%, 22, 0, 3, 144.82, 261117, 811
2878, 5, 49, 234, 162, 0, 34.20%, 22, 0, 3, 141.48, 261847, 811
2884, 5, 49, 234, 162, 0, 34.20%, 22, 0, 3, 143.78, 262595, 811
2889, 5, 52, 234, 162, 0, 34.20%, 22, 0, 3, 144.69, 263343, 811
2894, 5, 49, 234, 161, 0, 34.20%, 22, 0, 3, 145.01, 264092, 811
2899, 5, 41, 234, 161, 0, 34.20%, 22, 0, 3, 144.30, 264839, 811
2904, 5, 112, 234, 161, 0, 34.20%, 22, 0, 3, 145.02, 265587, 811
2909, 5, 49, 234, 161, 0, 34.20%, 22, 0, 3, 144.97, 266335, 811
2915, 5, 49, 234, 161, 0, 34.20%, 22, 0, 3, 145.00, 267083, 811
2920, 5, 49, 234, 161, 0, 34.20%, 22, 0, 3, 144.76, 267827, 811
2925, 5, 13, 234, 161, 0, 34.20%, 22, 0, 3, 145.00, 268577, 811
2930, 5, 49, 234, 161, 0, 34.20%, 22, 0, 3, 144.55, 269321, 811
2935, 5, 49, 234, 161, 0, 34.20%, 22, 0, 3, 144.71, 270065, 811
2940, 6, 76, 234, 161, 0, 34.20%, 22, 0, 3, 125.99, 270729, 811
2945, 6, 76, 234, 161, 0, 34.20%, 22, 0, 3, 113.93, 271289, 811
2951, 6, 49, 234, 160, 0, 34.20%, 22, 0, 3, 111.37, 271855, 811
2956, 6, 49, 234, 160, 0, 34.20%, 22, 0, 3, 136.10, 272569, 811
2961, 6, 49, 234, 160, 0, 34.20%, 22, 0, 3, 143.01, 273319, 811
2966, 6, 49, 234, 160, 0, 34.20%, 22, 0, 3, 144.40, 274069, 811
2971, 6, 49, 234, 160, 0, 34.20%, 22, 0, 3, 144.70, 274815, 811
2976, 6, 6, 234, 160, 0, 34.20%, 22, 0, 3, 145.13, 275561, 811
2981, 6, 49, 234, 159, 0, 34.20%, 22, 0, 3, 144.84, 276309, 811
2987, 6, 49, 234, 159, 0, 34.20%, 22, 0, 3, 144.80, 277057, 811
2992, 6, 49, 234, 159, 0, 34.20%, 22, 0, 3, 144.28, 277803, 811
2997, 6, 49, 234, 159, 0, 34.20%, 22, 0, 3, 144.64, 278545, 811
3002, 6, 49, 234, 159, 0, 34.20%, 22, 0, 3, 145.44, 279295, 811
3007, 6, 219, 234, 159, 0, 34.20%, 22, 0, 3, 144.63, 280045, 811
3013, 6, 219, 234, 159, 0, 34.20%, 22, 0, 3, 144.11, 280795, 811
3018, 6, 49, 234, 158, 0, 34.20%, 22, 0, 3, 144.69, 281542, 811
3023, 6, 49, 234, 158, 0, 34.20%, 22, 0, 3, 145.28, 282290, 811
3028, 6, 70, 234, 158, 0, 34.20%, 22, 0, 3, 145.19, 283038, 811
3033, 6, 49, 234, 157, 0, 34.20%, 22, 0, 3, 144.48, 283787, 811
3038, 6, 49, 234, 157, 0, 34.20%, 22, 0, 3, 144.88, 284537, 811
3043, 6, 49, 234, 157, 0, 34.20%, 22, 0, 3, 145.14, 285283, 811
3049, 6, 49, 234, 157, 0, 34.20%, 22, 0, 3, 145.35, 286029, 811
3054, 6, 49, 234, 157, 0, 34.20%, 22, 0, 3, 145.25, 286779, 811
3059, 6, 49, 234, 157, 0, 34.20%, 22, 0, 3, 145.27, 287529, 811
3064, 6, 49, 234, 157, 0, 34.20%, 22, 0, 3, 144.97, 288277, 811
3069, 6, 49, 234, 157, 0, 34.20%, 22, 0, 3, 145.19, 289027, 811
3074, 6, 49, 234, 157, 0, 34.20%, 22, 0, 3, 145.27, 289775, 811
3080, 6, 112, 234, 157, 0, 34.20%, 22, 0, 3, 145.27, 290525, 811
3085, 6, 49, 234, 157, 0, 34.20%, 22, 0, 3, 144.87, 291273, 811
3090, 6, 49, 234, 157, 0, 34.20%, 22, 0, 3, 145.27, 292021, 811
3095, 6, 49, 234, 157, 0, 34.20%, 22, 0, 3, 145.16, 292769, 811
3100, 6, 49, 234, 157, 0, 34.20%, 22, 0, 3, 145.13, 293519, 811
3105, 6, 49, 234, 157, 0, 34.20%, 22, 0, 3, 145.80, 294268, 811
3110, 6, 49, 234, 157, 0, 34.20%, 22, 0, 3, 145.06, 295013, 811
3116, 6, 49, 234, 157, 0, 34.20%, 22, 0, 3, 145.10, 295757, 811
3121, 6, 49, 234, 157, 0, 34.20%, 22, 0, 3, 145.04, 296505, 811
3126, 6, 49, 234, 157, 0, 34.20%, 22, 0, 3, 145.00, 297255, 811
3131, 6, 49, 234, 157, 0, 34.20%, 22, 0, 3, 144.87, 298005, 811
3136, 6, 113, 234, 157, 0, 34.20%, 22, 0, 3, 144.74, 298754, 811
3141, 6, 15, 234, 156, 0, 34.20%, 22, 0, 3, 145.21, 299504, 811
3147, 6, 181, 234, 156, 0, 34.20%, 22, 0, 3, 145.29, 300254, 811
3152, 6, 49, 234, 156, 0, 34.20%, 22, 0, 3, 145.14, 301002, 811
3157, 6, 49, 234, 156, 0, 34.20%, 22, 0, 3, 145.19, 301752, 811
3162, 6, 49, 234, 156, 0, 34.20%, 22, 0, 3, 145.24, 302500, 811
3167, 6, 49, 234, 156, 0, 34.20%, 22, 0, 3, 145.14, 303249, 811
3172, 6, 49, 234, 156, 0, 34.20%, 22, 0, 3, 145.43, 303998, 811
3178, 6, 49, 234, 156, 0, 34.20%, 22, 0, 3, 144.77, 304738, 811
3183, 6, 220, 234, 156, 0, 34.20%, 22, 0, 3, 144.27, 305488, 811
3188, 6, 220, 234, 156, 0, 34.20%, 22, 0, 3, 144.27, 306238, 811
3193, 6, 20, 234, 155, 0, 34.20%, 22, 0, 3, 144.99, 306988, 811
3198, 6, 49, 234, 154, 0, 34.20%, 22, 0, 3, 140.72, 307719, 811
3203, 6, 49, 234, 154, 0, 34.20%, 22, 0, 3, 117.45, 308285, 811
3208, 6, 49, 234, 154, 0, 34.20%, 22, 0, 3, 112.13, 308847, 811
3214, 6, 49, 234, 154, 0, 34.20%, 22, 0, 3, 137.84, 309585, 811
3219, 6, 132, 234, 154, 0, 34.20%, 22, 0, 3, 143.49, 310333, 811
3224, 6, 175, 234, 153, 0, 34.20%, 22, 0, 3, 144.71, 311083, 811
3229, 6, 49, 234, 152, 0, 34.20%, 22, 0, 3, 143.15, 311825, 811
3234, 6, 41, 234, 152, 0, 34.20%, 22, 0, 3, 143.94, 312571, 811
3239, 6, 49, 234, 152, 0, 34.20%, 22, 0, 3, 145.19, 313319, 811
3245, 6, 49, 234, 152, 0, 34.20%, 22, 0, 3, 145.32, 314069, 811
3250, 6, 49, 234, 152, 0, 34.20%, 22, 0, 3, 145.30, 314817, 811
3255, 6, 176, 234, 152, 0, 34.20%, 22, 0, 3, 145.12, 315567, 811
3260, 6, 49, 234, 151, 0, 34.20%, 22, 0, 3, 145.01, 316314, 811
3265, 6, 49, 234, 151, 0, 34.20%, 22, 0, 3, 144.55, 317062, 811
3270, 6, 49, 234, 151, 0, 34.20%, 22, 0, 3, 144.77, 317808, 811
3275, 6, 41, 234, 151, 0, 34.20%, 22, 0, 3, 144.83, 318554, 811
3281, 6, 89, 234, 151, 0, 34.20%, 22, 0, 3, 144.64, 319300, 811
3286, 6, 49, 234, 150, 0, 34.20%, 22, 0, 3, 145.49, 320049, 811
3291, 6, 13, 234, 150, 0, 34.20%, 22, 0, 3, 145.19, 320798, 811
3296, 6, 135, 234, 150, 0, 34.20%, 22, 0, 3, 145.02, 321547, 811
3301, 6, 49, 234, 149, 0, 34.20%, 22, 0, 3, 145.32, 322295, 811
3306, 6, 49, 234, 149, 0, 34.20%, 22, 0, 3, 144.88, 323044, 811
3312, 6, 49, 234, 149, 0, 34.20%, 22, 0, 3, 144.32, 323783, 811
3317, 6, 49, 234, 149, 0, 34.20%, 22, 0, 3, 145.00, 324531, 811
3322, 6, 49, 234, 149, 0, 34.20%, 22, 0, 3, 145.02, 325277, 811
3327, 6, 49, 234, 149, 0, 34.20%, 22, 0, 3, 145.35, 326023, 811
3332, 6, 49, 234, 149, 0, 34.20%, 22, 0, 3, 144.82, 326771, 811
3337, 6, 49, 234, 149, 0, 34.20%, 22, 0, 3, 144.53, 327517, 811
3343, 6, 134, 234, 149, 0, 34.20%, 22, 0, 3, 144.84, 328267, 811
3348, 6, 49, 234, 148, 0, 34.20%, 22, 0, 3, 144.85, 329017, 811
3353, 6, 49, 234, 148, 0, 34.20%, 22, 0, 3, 144.65, 329765, 811
3358, 6, 49, 234, 148, 0, 34.20%, 22, 0, 3, 144.64, 330511, 811
3363, 6, 41, 234, 148, 0, 34.20%, 22, 0, 3, 144.83, 331256, 811
3368, 6, 49, 234, 148, 0, 34.20%, 22, 0, 3, 144.88, 332007, 811
3374, 6, 49, 234, 148, 0, 34.20%, 22, 0, 3, 144.26, 332751, 811
3379, 6, 49, 234, 148, 0, 34.20%, 22, 0, 3, 144.49, 333495, 811
3384, 6, 49, 234, 148, 0, 34.20%, 22, 0, 3, 143.07, 334237, 811
3389, 6, 49, 234, 148, 0, 34.20%, 22, 0, 3, 142.75, 334969, 811
3394, 6, 233, 234, 148, 0, 34.20%, 22, 0, 3, 141.57, 335704, 811
3399, 6, 49, 234, 148, 0, 34.20%, 22, 0, 3, 133.76, 336335, 811
3404, 6, 49, 234, 148, 0, 34.20%, 22, 0, 3, 143.31, 337083, 811
3410, 6, 49, 234, 148, 0, 34.20%, 22, 0, 3, 143.58, 337823, 811
3415, 6, 49, 234, 148, 0, 34.20%, 22, 0, 3, 144.89, 338573, 811
3420, 6, 49, 234, 148, 0, 34.20%, 22, 0, 3, 144.83, 339319, 811
3425, 7, 49, 234, 148, 0, 34.20%, 22, 0, 3, 144.97, 340065, 811
3430, 7, 49, 234, 148, 0, 34.20%, 22, 0, 3, 145.48, 340815, 811
3435, 7, 49, 234, 148, 0, 34.20%, 22, 0, 3, 145.21, 341563, 811
3440, 7, 49, 234, 148, 0, 34.20%, 22, 0, 3, 145.30, 342307, 811
3446, 7, 49, 234, 148, 0, 34.20%, 22, 0, 3, 145.21, 343051, 811
3451, 7, 49, 234, 148, 0, 34.20%, 22, 0, 3, 144.68, 343793, 811
3456, 7, 49, 234, 148, 0, 34.20%, 22, 0, 3, 144.99, 344541, 811
3461, 7, 37, 234, 148, 0, 34.20%, 22, 0, 3, 143.96, 345287, 811
3466, 7, 49, 234, 147, 0, 34.20%, 22, 0, 3, 145.10, 346031, 811
3471, 7, 49, 234, 147, 0, 34.20%, 22, 0, 3, 145.21, 346781, 811
3476, 7, 71, 234, 147, 0, 34.20%, 22, 0, 3, 143.90, 347523, 811
3482, 7, 41, 234, 146, 0, 34.20%, 22, 0, 3, 145.15, 348274, 811
3487, 7, 49, 234, 146, 0, 34.20%, 22, 0, 3, 127.29, 348944, 811
3492, 7, 16, 234, 146, 0, 34.20%, 22, 0, 3, 114.31, 349508, 811
3497, 7, 49, 234, 145, 0, 34.20%, 22, 0, 3, 135.82, 350219, 811
3502, 7, 185, 234, 145, 0, 34.20%, 22, 0, 3, 142.02, 350959, 811
3507, 7, 49, 234, 144, 0, 34.20%, 22, 0, 3, 143.66, 351706, 811
3513, 7, 49, 234, 144, 0, 34.20%, 22, 0, 3, 144.03, 352450, 811
3518, 7, 136, 234, 144, 0, 34.20%, 22, 0, 3, 144.93, 353199, 811
3523, 7, 213, 234, 143, 0, 34.20%, 22, 0, 3, 144.24, 353947, 811
3528, 7, 213, 234, 143, 0, 34.20%, 22, 0, 3, 144.46, 354697, 811
3533, 7, 41, 234, 142, 0, 34.20%, 22, 0, 3, 143.59, 355438, 811
3538, 7, 49, 234, 142, 0, 34.20%, 22, 0, 3, 144.73, 356184, 811
3544, 7, 49, 234, 142, 0, 34.20%, 22, 0, 3, 144.95, 356930, 811
3549, 7, 49, 234, 142, 0, 34.20%, 22, 0, 3, 145.29, 357677, 811
3554, 7, 49, 234, 142, 0, 34.20%, 22, 0, 3, 145.32, 358426, 811
3559, 7, 28, 234, 142, 0, 34.20%, 22, 0, 3, 144.99, 359174, 811
3564, 7, 49, 234, 141, 0, 34.20%, 22, 0, 3, 145.34, 359924, 811
3569, 7, 181, 234, 141, 0, 34.20%, 22, 0, 3, 145.09, 360674, 811
3574, 7, 49, 234, 141, 0, 34.20%, 22, 0, 3, 144.05, 361412, 811
3580, 7, 112, 234, 141, 0, 34.20%, 22, 0, 3, 144.76, 362162, 811
3585, 7, 49, 234, 141, 0, 34.20%, 22, 0, 3, 145.08, 362910, 811
3590, 7, 49, 234, 141, 0, 34.20%, 22, 0, 3, 144.95, 363658, 811
3595, 7, 49, 234, 141, 0, 34.20%, 22, 0, 3, 144.82, 364408, 811
3600, 7, 49, 234, 141, 0, 34.20%, 22, 0, 3, 145.28, 365158, 811
3605, 7, 49, 234, 141, 0, 34.20%, 22, 0, 3, 145.22, 365906, 811
3611, 7, 49, 234, 141, 0, 34.20%, 22, 0, 3, 143.46, 366650, 811
3616, 7, 49, 234, 141, 0, 34.20%, 22, 0, 3, 134.78, 367308, 811
3621, 7, 41, 234, 141, 0, 34.20%, 22, 0, 3, 142.44, 368054, 811
3626, 7, 49, 234, 141, 0, 34.20%, 22, 0, 3, 144.36, 368798, 811
3631, 7, 49, 234, 141, 0, 34.20%, 22, 0, 3, 145.18, 369542, 811
3636, 7, 49, 234, 141, 0, 34.20%, 22, 0, 3, 145.12, 370290, 811
3642, 7, 49, 234, 141, 0, 34.20%, 22, 0, 3, 145.32, 371040, 811
3647, 7, 13, 234, 141, 0, 34.20%, 22, 0, 3, 144.70, 371788, 811
3652, 7, 49, 234, 141, 0, 34.20%, 22, 0, 3, 145.09, 372532, 811
3657, 7, 49, 234, 141, 0, 34.20%, 22, 0, 3, 145.11, 373277, 811
3662, 7, 49, 234, 141, 0, 34.20%, 23, 0, 3, 145.03, 374022, 811
3667, 7, 49, 234, 141, 0, 34.20%, 23, 0, 3, 145.52, 374770, 811
3672, 7, 49, 234, 141, 0, 34.20%, 23, 0, 3, 143.93, 375510, 811
3678, 7, 13, 234, 141, 0, 34.20%, 23, 0, 3, 144.84, 376260, 811
3683, 7, 49, 234, 141, 0, 34.20%, 23, 0, 3, 144.86, 377004, 811
3688, 7, 49, 234, 141, 0, 34.20%, 23, 0, 3, 145.25, 377754, 811
3693, 7, 49, 234, 141, 0, 34.20%, 23, 0, 3, 144.54, 378500, 811
3698, 7, 49, 234, 141, 0, 34.20%, 23, 0, 3, 144.29, 379244, 811
3703, 7, 49, 234, 141, 0, 34.20%, 23, 0, 3, 144.28, 379989, 811
3709, 7, 49, 234, 141, 0, 34.20%, 23, 0, 3, 144.47, 380733, 811
3714, 7, 141, 234, 141, 0, 34.20%, 23, 0, 3, 144.89, 381478, 811
3719, 7, 49, 234, 140, 0, 34.20%, 23, 0, 3, 145.18, 382226, 811
3724, 7, 223, 234, 140, 0, 34.20%, 23, 0, 3, 144.85, 382976, 811
3729, 7, 223, 234, 140, 0, 34.20%, 23, 0, 3, 143.71, 383696, 811
3734, 7, 49, 234, 139, 0, 34.20%, 23, 0, 3, 144.55, 384446, 811
3739, 7, 49, 234, 139, 0, 34.20%, 23, 0, 3, 142.46, 385180, 811
3745, 7, 49, 234, 139, 0, 34.20%, 23, 0, 3, 142.78, 385924, 811
3750, 7, 49, 234, 139, 0, 34.20%, 23, 0, 3, 143.94, 386661, 811
3755, 7, 49, 234, 139, 0, 34.20%, 23, 0, 3, 144.43, 387405, 811
3760, 7, 49, 234, 139, 0, 34.20%, 23, 0, 3, 142.83, 388144, 811
3765, 7, 61, 234, 139, 0, 34.20%, 23, 0, 3, 143.79, 388888, 811
3770, 7, 49, 234, 138, 0, 34.20%, 23, 0, 3, 143.65, 389627, 811
3776, 7, 49, 234, 138, 0, 34.20%, 23, 0, 3, 143.79, 390369, 811
3781, 7, 233, 234, 138, 0, 34.20%, 23, 0, 3, 144.80, 391119, 811
3786, 7, 49, 234, 138, 0, 34.20%, 23, 0, 3, 144.85, 391869, 811
3791, 7, 49, 234, 138, 0, 34.20%, 23, 0, 3, 145.30, 392619, 811
3796, 7, 49, 234, 138, 0, 34.20%, 23, 0, 3, 145.32, 393369, 811
3801, 7, 49, 234, 138, 0, 34.20%, 23, 0, 3, 144.80, 394115, 811
3806, 7, 49, 234, 138, 0, 34.20%, 23, 0, 3, 145.49, 394863, 811
3812, 7, 49, 234, 138, 0, 34.20%, 23, 0, 3, 144.93, 395610, 811
3817, 7, 49, 234, 138, 0, 34.20%, 23, 0, 3, 144.66, 396354, 811
3822, 7, 49, 234, 138, 0, 34.20%, 23, 0, 3, 144.03, 397099, 811
3827, 7, 49, 234, 138, 0, 34.20%, 23, 0, 3, 144.61, 397847, 811
3832, 7, 49, 234, 138, 0, 34.20%, 23, 0, 3, 144.78, 398593, 811
3837, 7, 49, 234, 138, 0, 34.20%, 23, 0, 3, 144.87, 399337, 811
3843, 7, 49, 234, 138, 0, 34.20%, 23, 0, 3, 145.26, 400087, 811
3848, 7, 49, 234, 138, 0, 34.20%, 23, 0, 3, 144.69, 400833, 811
3853, 7, 49, 234, 138, 0, 34.20%, 23, 0, 3, 145.06, 401582, 811
3858, 7, 49, 234, 138, 0, 34.20%, 23, 0, 3, 143.16, 402327, 811
3863, 7, 181, 234, 138, 0, 34.20%, 23, 0, 3, 144.00, 403075, 811
3868, 7, 49, 234, 138, 0, 34.20%, 23, 0, 3, 144.11, 403821, 811
3874, 7, 49, 234, 138, 0, 34.20%, 23, 0, 3, 144.62, 404566, 811
3879, 7, 49, 234, 138, 0, 34.20%, 23, 0, 3, 143.57, 405310, 811
3884, 7, 49, 235, 139, 0, 34.20%, 23, 0, 3, 144.55, 406054, 811
3889, 7, 41, 240, 144, 0, 34.20%, 23, 0, 3, 142.11, 406772, 811
3894, 7, 41, 244, 148, 0, 34.20%, 23, 0, 3, 141.06, 407478, 811
3899, 7, 49, 245, 149, 0, 34.20%, 23, 0, 3, 142.64, 408208, 811
3904, 7, 49, 245, 149, 0, 34.20%, 23, 0, 3, 143.74, 408956, 811
3909, 7, 49, 245, 149, 0, 34.20%, 23, 0, 3, 144.67, 409706, 811
3915, 7, 49, 245, 149, 0, 34.20%, 23, 0, 3, 145.29, 410450, 811
3920, 7, 49, 245, 149, 0, 34.20%, 23, 0, 3, 144.56, 411194, 811
3925, 7, 160, 245, 149, 0, 34.20%, 23, 0, 3, 144.21, 411940, 811
3930, 7, 49, 245, 148, 0, 34.20%, 23, 0, 3, 143.70, 412679, 811
3935, 8, 49, 245, 148, 0, 34.20%, 23, 0, 3, 143.33, 413419, 811
3940, 8, 49, 245, 148, 0, 34.20%, 23, 0, 3, 143.92, 414165, 811
3946, 8, 49, 245, 148, 0, 34.20%, 23, 0, 3, 144.79, 414909, 811
3951, 8, 49, 245, 148, 0, 34.20%, 23, 0, 3, 144.88, 415653, 811
3956, 8, 49, 245, 148, 0, 34.20%, 23, 0, 3, 143.24, 416391, 811
3961, 8, 49, 246, 149, 0, 34.20%, 23, 0, 3, 144.25, 417137, 811
3966, 8, 35, 246, 149, 0, 34.20%, 23, 0, 3, 144.97, 417885, 811
3971, 8, 49, 246, 148, 0, 34.20%, 23, 0, 3, 145.53, 418635, 811
3976, 8, 49, 246, 148, 0, 34.20%, 23, 0, 3, 145.05, 419383, 811
3982, 8, 13, 246, 148, 0, 34.20%, 23, 0, 3, 144.28, 420121, 811
3987, 8, 41, 246, 148, 0, 34.20%, 23, 0, 3, 144.48, 420865, 811
3992, 8, 49, 246, 148, 0, 34.20%, 23, 0, 3, 144.36, 421609, 811
3997, 8, 13, 246, 148, 0, 34.20%, 23, 0, 3, 145.10, 422359, 811
4002, 8, 49, 246, 148, 0, 34.20%, 23, 0, 3, 144.97, 423105, 811
4007, 8, 49, 246, 148, 0, 34.20%, 23, 0, 3, 144.37, 423853, 811
4013, 8, 49, 246, 148, 0, 34.20%, 23, 0, 3, 145.31, 424603, 811
4018, 8, 49, 246, 148, 0, 34.20%, 23, 0, 3, 144.76, 425349, 811
4023, 8, 49, 246, 148, 0, 34.20%, 23, 0, 3, 144.32, 426087, 811
4028, 8, 231, 246, 148, 0, 34.20%, 23, 0, 3, 145.12, 426837, 811
4033, 8, 49, 246, 147, 0, 34.20%, 23, 0, 3, 145.34, 427587, 811
4038, 8, 2, 246, 147, 0, 34.20%, 23, 0, 3, 144.90, 428336, 811
4043, 8, 49, 246, 146, 0, 34.20%, 23, 0, 3, 144.93, 429084, 811
4049, 8, 49, 246, 146, 0, 34.20%, 23, 0, 3, 145.35, 429832, 811
4054, 8, 49, 246, 146, 0, 34.20%, 23, 0, 3, 143.86, 430574, 811
4059, 8, 49, 246, 146, 0, 34.20%, 23, 0, 3, 144.56, 431320, 811
4064, 8, 49, 246, 146, 0, 34.20%, 23, 0, 3, 144.77, 432065, 811
4069, 8, 49, 246, 146, 0, 34.20%, 23, 0, 3, 144.65, 432808, 811
4074, 8, 49, 246, 146, 0, 34.20%, 23, 0, 3, 144.26, 433554, 811
4080, 8, 236, 246, 146, 0, 34.20%, 23, 0, 3, 142.49, 434290, 811
4085, 8, 236, 246, 146, 0, 34.20%, 23, 0, 3, 140.10, 434996, 811
4090, 8, 13, 246, 145, 0, 34.20%, 23, 0, 3, 143.68, 435738, 811
4095, 8, 41, 246, 145, 0, 34.20%, 23, 0, 3, 144.88, 436488, 811
4100, 8, 49, 246, 145, 0, 34.20%, 23, 0, 3, 144.58, 437234, 811
4105, 8, 49, 246, 145, 0, 34.20%, 23, 0, 3, 134.82, 437944, 811
4110, 8, 49, 246, 145, 0, 34.20%, 23, 0, 3, 115.81, 438504, 811
4116, 8, 49, 246, 145, 0, 34.20%, 23, 0, 3, 111.69, 439078, 811
4121, 8, 49, 246, 145, 0, 34.20%, 23, 0, 3, 110.98, 439632, 811
4126, 8, 49, 246, 145, 0, 34.20%, 23, 0, 3, 110.66, 440186, 811
4131, 8, 49, 246, 145, 0, 34.20%, 23, 0, 3, 134.57, 440894, 811
4136, 8, 144, 248, 147, 0, 34.20%, 23, 0, 3, 141.39, 441635, 811
4141, 8, 49, 248, 146, 0, 34.20%, 23, 0, 3, 144.32, 442383, 811
4146, 8, 49, 248, 146, 0, 34.20%, 23, 0, 3, 144.85, 443131, 811
4151, 8, 181, 248, 146, 0, 34.20%, 23, 0, 3, 144.41, 443881, 811
4156, 8, 49, 248, 146, 0, 34.20%, 23, 0, 3, 144.75, 444625, 811
4162, 8, 49, 248, 146, 0, 34.20%, 23, 0, 3, 144.99, 445373, 811
4167, 8, 49, 248, 146, 0, 34.20%, 23, 0, 3, 144.89, 446120, 811
4172, 8, 49, 248, 146, 0, 34.20%, 23, 0, 3, 121.60, 446747, 811
4177, 8, 13, 248, 146, 0, 34.20%, 23, 0, 3, 139.67, 447489, 811
4182, 8, 49, 248, 146, 0, 34.20%, 23, 0, 3, 143.62, 448237, 811
4187, 8, 49, 252, 150, 0, 34.20%, 23, 0, 3, 141.61, 448971, 811
4193, 8, 49, 252, 150, 0, 34.20%, 23, 0, 3, 144.14, 449719, 811
4198, 8, 49, 252, 150, 0, 34.20%, 23, 0, 3, 144.44, 450463, 811
4203, 8, 49, 252, 150, 0, 34.20%, 23, 0, 3, 144.40, 451208, 811
4208, 8, 49, 252, 150, 0, 34.20%, 23, 0, 3, 145.01, 451955, 811
4213, 8, 49, 252, 150, 0, 34.20%, 23, 0, 3, 144.80, 452701, 811
4218, 8, 49, 252, 150, 0, 34.20%, 23, 0, 3, 140.39, 453435, 811
4224, 8, 49, 252, 150, 0, 34.20%, 23, 0, 3, 134.80, 454089, 811
4229, 8, 133, 252, 150, 0, 34.20%, 23, 0, 3, 142.50, 454835, 811
4234, 8, 49, 252, 149, 0, 34.20%, 23, 0, 3, 144.32, 455583, 811
4239, 8, 181, 252, 149, 0, 34.20%, 23, 0, 3, 144.27, 456328, 811
4244, 8, 49, 252, 149, 0, 34.20%, 23, 0, 3, 144.04, 457073, 811
4249, 8, 49, 252, 149, 0, 34.20%, 23, 0, 3, 143.34, 457811, 811
4255, 8, 41, 252, 149, 0, 34.20%, 23, 0, 3, 144.85, 458561, 811
4260, 8, 49, 252, 149, 0, 34.20%, 23, 0, 3, 145.12, 459309, 811
4265, 8, 187, 252, 149, 0, 34.20%, 23, 0, 3, 145.05, 460059, 811
4270, 8, 49, 252, 148, 0, 34.20%, 23, 0, 3, 145.08, 460807, 811
4275, 8, 49, 252, 148, 0, 34.20%, 23, 0, 3, 143.85, 461551, 811
4280, 8, 237, 252, 148, 0, 34.20%, 23, 0, 3, 144.04, 462299, 811
4286, 8, 237, 252, 148, 0, 34.20%, 23, 0, 3, 140.17, 463021, 811
4291, 8, 49, 252, 147, 0, 34.20%, 23, 0, 3, 142.14, 463752, 811
4296, 8, 49, 252, 147, 0, 34.20%, 23, 0, 3, 144.35, 464496, 811
4301, 8, 49, 252, 147, 0, 34.20%, 23, 0, 3, 143.33, 465236, 811
4306, 8, 13, 252, 147, 0, 34.20%, 23, 0, 3, 143.62, 465976, 811
4311, 8, 191, 252, 147, 0, 34.20%, 23, 0, 3, 144.57, 466725, 811
4317, 8, 49, 252, 146, 0, 34.20%, 23, 0, 3, 144.42, 467469, 811
4322, 8, 49, 252, 146, 0, 34.20%, 23, 0, 3, 144.40, 468214, 811
4327, 8, 49, 252, 146, 0, 34.20%, 23, 0, 3, 144.83, 468964, 811
4332, 8, 49, 252, 146, 0, 34.20%, 23, 0, 3, 145.21, 469712, 811
4337, 8, 60, 252, 146, 0, 34.20%, 23, 0, 3, 144.88, 470458, 811
4342, 8, 49, 252, 145, 0, 34.20%, 23, 0, 3, 144.65, 471207, 811
4348, 8, 41, 252, 145, 0, 34.20%, 23, 0, 3, 143.99, 471953, 811
4353, 8, 49, 252, 145, 0, 34.20%, 23, 0, 3, 144.67, 472701, 811
4358, 8, 49, 252, 145, 0, 34.20%, 23, 0, 3, 144.42, 473447, 811
4363, 8, 49, 252, 145, 0, 34.20%, 23, 0, 3, 144.19, 474193, 811
4368, 8, 41, 252, 145, 0, 34.20%, 23, 0, 3, 144.45, 474937, 811
4373, 8, 13, 252, 145, 0, 34.20%, 23, 0, 3, 144.78, 475681, 811
4379, 8, 15, 252, 144, 0, 34.20%, 23, 0, 3, 144.32, 476430, 811
4384, 8, 49, 252, 144, 0, 34.20%, 23, 0, 3, 145.05, 477180, 811
4389, 8, 49, 252, 144, 0, 34.20%, 23, 0, 3, 145.40, 477930, 811
4394, 8, 49, 252, 144, 0, 34.20%, 23, 0, 3, 145.16, 478680, 811
4399, 8, 49, 252, 144, 0, 34.20%, 23, 0, 3, 145.27, 479428, 811
4404, 8, 49, 252, 144, 0, 34.20%, 23, 0, 3, 144.94, 480176, 811
4410, 8, 49, 252, 144, 0, 34.20%, 23, 0, 3, 145.24, 480926, 811
4415, 8, 49, 252, 144, 0, 34.20%, 23, 0, 3, 143.50, 481670, 811
4420, 8, 49, 252, 144, 0, 34.20%, 23, 0, 3, 144.22, 482416, 811
4425, 8, 49, 252, 144, 0, 34.20%, 23, 0, 3, 144.69, 483162, 811
4430, 8, 49, 252, 144, 0, 34.20%, 23, 0, 3, 144.95, 483910, 811
4435, 8, 49, 252, 144, 0, 34.20%, 23, 0, 3, 145.09, 484656, 811
4440, 8, 49, 252, 144, 0, 34.20%, 23, 0, 3, 144.96, 485400, 811
4446, 8, 49, 252, 144, 0, 34.20%, 23, 0, 3, 144.65, 486146, 811
4451, 8, 49, 252, 144, 0, 34.20%, 23, 0, 3, 144.83, 486896, 811
4456, 8, 49, 252, 144, 0, 34.20%, 23, 0, 3, 144.78, 487644, 811
4461, 9, 49, 252, 144, 0, 34.20%, 23, 0, 3, 144.52, 488390, 811
4466, 9, 11, 252, 144, 0, 34.20%, 23, 0, 3, 144.74, 489138, 811
4471, 9, 49, 252, 143, 0, 34.20%, 23, 0, 3, 143.10, 489876, 811
4477, 9, 49, 252, 143, 0, 34.20%, 23, 0, 3, 143.84, 490613, 811
4482, 9, 49, 252, 143, 0, 34.20%, 23, 0, 3, 143.14, 491355, 811
4487, 9, 49, 252, 143, 0, 34.20%, 23, 0, 3, 144.53, 492103, 811
4492, 9, 49, 252, 143, 0, 34.20%, 23, 0, 3, 145.28, 492847, 811
4497, 9, 49, 252, 143, 0, 34.20%, 23, 0, 3, 145.13, 493597, 811
4502, 9, 49, 252, 143, 0, 34.20%, 23, 0, 3, 145.18, 494341, 811
4507, 9, 249, 252, 143, 0, 34.20%, 23, 0, 3, 142.20, 495073, 811
4513, 9, 249, 252, 143, 0, 34.20%, 23, 0, 3, 138.21, 495773, 811
4518, 9, 49, 252, 142, 0, 34.20%, 23, 0, 3, 142.77, 496507, 811
4523, 9, 49, 252, 142, 0, 34.20%, 23, 0, 3, 144.22, 497251, 811
4528, 9, 49, 252, 142, 0, 34.20%, 23, 0, 3, 144.99, 497995, 811
4533, 9, 49, 252, 142, 0, 34.20%, 23, 0, 3, 144.63, 498743, 811
4538, 9, 49, 252, 142, 0, 34.20%, 23, 0, 3, 144.77, 499490, 811
4543, 9, 49, 252, 142, 0, 34.20%, 23, 0, 3, 144.98, 500235, 811
4549, 9, 181, 252, 142, 0, 34.20%, 23, 0, 3, 145.08, 500981, 811
4554, 9, 49, 252, 142, 0, 34.20%, 23, 0, 3, 144.85, 501729, 811
4559, 9, 49, 252, 142, 0, 34.20%, 23, 0, 3, 144.00, 502474, 811
4564, 9, 49, 252, 142, 0, 34.20%, 23, 0, 3, 144.94, 503225, 811
4569, 9, 13, 252, 142, 0, 34.20%, 23, 0, 3, 144.87, 503974, 811
4574, 9, 49, 252, 142, 0, 34.20%, 23, 0, 3, 145.10, 504721, 811
4580, 9, 49, 252, 142, 0, 34.20%, 23, 0, 3, 145.13, 505469, 811
4585, 9, 49, 252, 142, 0, 34.20%, 23, 0, 3, 144.78, 506219, 811
4590, 9, 179, 252, 142, 0, 34.20%, 23, 0, 3, 144.98, 506968, 811
4595, 9, 49, 252, 141, 0, 34.20%, 23, 0, 3, 144.93, 507714, 811
4600, 9, 49, 252, 141, 0, 34.20%, 23, 0, 3, 144.77, 508460, 811
4605, 9, 49, 252, 141, 0, 34.20%, 23, 0, 3, 144.63, 509202, 811
4611, 9, 49, 253, 142, 0, 34.20%, 23, 0, 3, 143.82, 509948, 811
4616, 9, 49, 253, 142, 0, 34.20%, 23, 0, 3, 144.86, 510698, 811
4621, 9, 49, 253, 142, 0, 34.20%, 23, 0, 3, 144.14, 511396, 811
4682, 10, 140, 262, 235, 0, 33.48%, 15, 0, 2, 143.00, 11566, 761
4687, 10, 140, 263, 236, 0, 33.48%, 15, 0, 2, 143.22, 12304, 761
4692, 10, 212, 263, 236, 0, 33.48%, 15, 0, 2, 143.55, 13022, 761
4698, 10, 140, 263, 235, 0, 33.48%, 15, 0, 2, 143.09, 13763, 761
4703, 10, 140, 263, 235, 0, 33.48%, 15, 0, 2, 143.89, 14505, 761
4708, 10, 140, 263, 235, 0, 33.48%, 15, 0, 2, 144.20, 15250, 761
4713, 10, 19, 263, 235, 0, 33.48%, 15, 0, 2, 144.29, 15995, 761
4718, 10, 140, 263, 235, 0, 33.48%, 16, 0, 2, 144.79, 16739, 761
4723, 10, 140, 263, 235, 0, 33.48%, 16, 0, 2, 144.76, 17485, 761
4728, 10, 174, 264, 236, 0, 33.48%, 16, 0, 2, 144.20, 18207, 761
4733, 10, 140, 264, 235, 0, 33.48%, 16, 0, 2, 144.61, 18956, 761
4739, 10, 140, 266, 237, 0, 33.48%, 16, 0, 2, 144.24, 19682, 761
4744, 10, 213, 267, 238, 0, 33.48%, 16, 0, 2, 143.72, 20406, 761
4749, 10, 140, 267, 237, 0, 33.48%, 16, 0, 2, 143.75, 21152, 761
4754, 10, 140, 267, 237, 0, 33.48%, 16, 0, 2, 143.55, 21898, 761
4759, 10, 140, 267, 237, 0, 33.48%, 16, 0, 2, 143.75, 22642, 761
4764, 10, 19, 267, 237, 0, 33.48%, 16, 0, 2, 143.77, 23388, 761
4769, 10, 16, 267, 237, 0, 33.48%, 16, 0, 2, 141.70, 24122, 761
4775, 10, 16, 267, 237, 0, 33.48%, 16, 0, 2, 140.75, 24848, 761
4780, 10, 140, 267, 236, 0, 33.48%, 16, 0, 2, 143.91, 25590, 761
4785, 10, 91, 267, 236, 0, 33.48%, 16, 0, 2, 144.87, 26336, 761
4790, 10, 140, 267, 235, 0, 33.48%, 16, 0, 2, 144.20, 27085, 761
4795, 10, 140, 267, 235, 0, 33.48%, 16, 0, 2, 143.08, 27829, 761
4801, 10, 140, 267, 235, 0, 33.48%, 16, 0, 2, 143.78, 28575, 761
4806, 10, 140, 267, 235, 0, 33.48%, 16, 0, 2, 143.83, 29320, 761
4811, 10, 172, 267, 235, 0, 33.48%, 16, 0, 2, 144.03, 30065, 761
4816, 10, 230, 267, 234, 0, 33.48%, 16, 0, 2, 144.36, 30815, 761
4821, 10, 140, 267, 233, 0, 33.48%, 16, 0, 2, 144.36, 31560, 761
4826, 10, 140, 267, 233, 0, 33.48%, 16, 0, 2, 144.45, 32304, 761
4832, 10, 17, 267, 233, 0, 33.48%, 16, 0, 2, 143.31, 33046, 761
4837, 10, 17, 267, 233, 0, 33.48%, 16, 0, 2, 123.82, 33692, 761
4842, 10, 17, 267, 233, 0, 33.48%, 16, 0, 2, 109.70, 34243, 761
4847, 10, 140, 267, 232, 0, 33.48%, 16, 0, 2, 110.39, 34797, 761
4852, 10, 15, 267, 232, 0, 33.48%, 16, 0, 2, 132.34, 35501, 761
4857, 10, 15, 267, 232, 0, 33.48%, 16, 0, 2, 138.86, 36207, 761
4862, 10, 140, 267, 231, 0, 33.48%, 16, 0, 2, 142.98, 36955, 761
4867, 10, 71, 267, 231, 0, 33.48%, 16, 0, 2, 144.03, 37699, 761
4873, 10, 140, 267, 231, 0, 33.48%, 16, 0, 2, 143.53, 38445, 761
4878, 10, 140, 267, 231, 0, 33.48%, 16, 0, 2, 144.28, 39191, 761
4883, 10, 140, 267, 231, 0, 33.48%, 16, 0, 2, 144.35, 39935, 761
4888, 10, 182, 267, 231, 0, 33.48%, 16, 0, 2, 142.23, 40667, 761
4893, 10, 119, 267, 230, 0, 33.48%, 16, 0, 2, 144.09, 41415, 761
4899, 10, 140, 267, 229, 0, 33.48%, 16, 0, 2, 144.59, 42162, 761
4904, 10, 140, 267, 229, 0, 33.48%, 16, 0, 2, 144.62, 42906, 761
4909, 10, 152, 267, 229, 0, 33.48%, 16, 0, 2, 142.08, 43644, 761
4914, 10, 181, 267, 228, 0, 33.48%, 16, 0, 2, 142.98, 44388, 761
4919, 10, 237, 267, 227, 0, 33.48%, 16, 0, 2, 143.93, 45131, 761
4924, 10, 187, 267, 227, 0, 33.48%, 16, 0, 2, 144.53, 45879, 761
4930, 10, 140, 267, 226, 0, 33.48%, 16, 0, 2, 143.70, 46622, 761
4935, 10, 67, 267, 226, 0, 33.48%, 16, 0, 2, 144.34, 47372, 761
4940, 10, 140, 267, 225, 0, 33.48%, 16, 0, 2, 142.92, 48113, 761
4945, 10, 140, 267, 225, 0, 33.48%, 16, 0, 2, 143.71, 48858, 761
4950, 10, 140, 267, 225, 0, 33.48%, 16, 0, 2, 144.43, 49602, 761
4955, 10, 151, 267, 225, 0, 33.48%, 16, 0, 2, 144.27, 50348, 761
4961, 10, 140, 267, 224, 0, 33.48%, 16, 0, 2, 144.56, 51091, 761
4966, 10, 118, 267, 224, 0, 33.48%, 16, 0, 2, 144.96, 51839, 761
4971, 10, 140, 267, 223, 0, 33.48%, 16, 0, 2, 144.47, 52584, 761
4976, 10, 140, 267, 223, 0, 33.48%, 16, 0, 2, 144.09, 53328, 761
4981, 10, 140, 267, 223, 0, 33.48%, 16, 0, 2, 144.45, 54072, 761
4986, 10, 147, 267, 223, 0, 33.48%, 16, 0, 2, 144.28, 54822, 761
4992, 10, 148, 267, 222, 0, 33.48%, 16, 0, 2, 144.81, 55570, 761
4997, 10, 140, 267, 221, 0, 33.48%, 16, 0, 2, 131.74, 56254, 761
5002, 10, 140, 268, 222, 0, 33.48%, 16, 0, 2, 141.94, 56998, 761
5007, 10, 140, 268, 222, 0, 33.48%, 16, 0, 2, 143.97, 57743, 761
5012, 10, 140, 268, 222, 0, 33.48%, 16, 0, 2, 144.42, 58492, 761
5017, 10, 140, 268, 222, 0, 33.48%, 16, 0, 2, 144.60, 59238, 761
5022, 10, 140, 268, 222, 0, 33.48%, 16, 0, 2, 143.60, 59982, 761
5028, 10, 140, 268, 222, 0, 33.48%, 16, 0, 2, 143.58, 60726, 761
5033, 10, 140, 268, 222, 0, 33.48%, 16, 0, 2, 143.99, 61472, 761
5038, 10, 140, 268, 222, 0, 33.48%, 16, 0, 2, 144.19, 62218, 761
5043, 10, 19, 268, 222, 0, 33.48%, 16, 0, 2, 144.01, 62966, 761
5048, 10, 140, 268, 222, 0, 33.48%, 16, 0, 2, 143.36, 63712, 761
5053, 10, 128, 268, 222, 0, 33.48%, 16, 0, 2, 143.30, 64429, 761
5059, 10, 140, 268, 221, 0, 33.48%, 16, 0, 2, 141.91, 65167, 761
5064, 10, 140, 268, 221, 0, 33.48%, 16, 0, 2, 140.98, 65899, 761
5069, 10, 140, 268, 221, 0, 33.48%, 16, 0, 2, 142.62, 66615, 761
5074, 10, 140, 268, 221, 0, 33.48%, 16, 0, 2, 143.65, 67361, 761
5079, 10, 140, 268, 221, 0, 33.48%, 16, 0, 2, 144.40, 68109, 761
5084, 10, 120, 268, 221, 0, 33.48%, 16, 0, 2, 143.30, 68850, 761
5090, 10, 140, 268, 220, 0, 33.48%, 16, 0, 2, 143.72, 69596, 761
5095, 10, 140, 268, 220, 0, 33.48%, 16, 0, 2, 143.89, 70340, 761
5100, 10, 140, 269, 221, 0, 33.48%, 16, 0, 2, 143.58, 71079, 761
5105, 10, 175, 269, 221, 0, 33.48%, 16, 0, 2, 142.65, 71821, 761
5110, 10, 140, 269, 220, 0, 33.48%, 16, 0, 2, 144.02, 72570, 761
5115, 10, 140, 269, 220, 0, 33.48%, 16, 0, 2, 124.03, 73212, 761
5121, 10, 140, 269, 220, 0, 33.48%, 16, 0, 2, 113.00, 73784, 761
5126, 10, 140, 269, 220, 0, 33.48%, 16, 0, 2, 135.08, 74500, 761
5131, 10, 205, 269, 220, 0, 33.48%, 16, 0, 2, 142.64, 75246, 761
5136, 10, 140, 269, 219, 0, 33.48%, 17, 0, 2, 143.45, 75964, 761
5141, 10, 140, 269, 219, 0, 33.48%, 17, 0, 2, 144.18, 76708, 761
5146, 10, 140, 269, 219, 0, 33.48%, 17, 0, 2, 144.60, 77454, 761
5151, 10, 140, 269, 219, 0, 33.48%, 17, 0, 2, 144.38, 78198, 761
5157, 10, 140, 269, 219, 0, 33.48%, 17, 0, 2, 144.35, 78944, 761
5162, 10, 197, 269, 219, 0, 33.48%, 17, 0, 2, 144.53, 79694, 761
5167, 10, 140, 269, 218, 0, 33.48%, 17, 0, 2, 144.56, 80441, 761
5172, 10, 140, 269, 218, 0, 33.48%, 17, 0, 2, 144.30, 81186, 761
5177, 10, 140, 269, 218, 0, 33.48%, 17, 0, 2, 144.65, 81934, 761
5182, 10, 140, 269, 218, 0, 33.48%, 17, 0, 2, 144.07, 82680, 761
5188, 10, 140, 269, 218, 0, 33.48%, 17, 0, 2, 143.03, 83420, 761
5193, 10, 19, 269, 218, 0, 33.48%, 17, 0, 2, 143.69, 84164, 761
5198, 10, 140, 269, 218, 0, 33.48%, 17, 0, 2, 138.74, 84850, 761
5203, 10, 140, 269, 218, 0, 33.48%, 17, 0, 2, 143.46, 85594, 761
5208, 10, 140, 269, 218, 0, 33.48%, 17, 0, 2, 144.29, 86340, 761
5213, 10, 140, 269, 218, 0, 33.48%, 17, 0, 2, 144.70, 87080, 761
5219, 10, 140, 269, 218, 0, 33.48%, 17, 0, 2, 144.46, 87828, 761
5224, 10, 140, 269, 218, 0, 33.48%, 17, 0, 2, 143.51, 88566, 761
5229, 10, 140, 269, 218, 0, 33.48%, 17, 0, 2, 143.28, 89310, 761
5234, 10, 140, 270, 219, 0, 33.52%, 17, 0, 2, 143.48, 90050, 762
5239, 10, 140, 270, 219, 0, 33.52%, 17, 0, 2, 144.27, 90794, 762
5244, 10, 140, 270, 219, 0, 33.52%, 17, 0, 2, 144.50, 91540, 762
5250, 10, 140, 270, 219, 0, 33.52%, 17, 0, 2, 144.32, 92284, 762
5255, 10, 140, 270, 219, 0, 33.52%, 17, 0, 2, 143.71, 93028, 762
5260, 11, 140, 270, 219, 0, 33.52%, 17, 0, 2, 144.21, 93774, 762
5265, 11, 140, 270, 219, 0, 33.52%, 17, 0, 2, 144.58, 94518, 762
5270, 11, 140, 270, 219, 0, 33.52%, 17, 0, 2, 136.23, 95222, 762
5275, 11, 116, 270, 219, 0, 33.52%, 17, 0, 2, 142.99, 95967, 762
5280, 11, 140, 270, 218, 0, 33.52%, 17, 0, 2, 144.33, 96713, 762
5286, 11, 140, 270, 218, 0, 33.52%, 17, 0, 2, 143.63, 97451, 762
5291, 11, 140, 270, 218, 0, 33.52%, 17, 0, 2, 144.14, 98195, 762
5296, 11, 140, 270, 218, 0, 33.52%, 17, 0, 2, 144.11, 98939, 762
5301, 11, 140, 270, 218, 0, 33.52%, 17, 0, 2, 143.43, 99679, 762
5306, 11, 140, 270, 218, 0, 33.52%, 17, 0, 2, 143.40, 100423, 762
5312, 11, 140, 270, 218, 0, 33.52%, 17, 0, 2, 143.44, 101167, 762
5317, 11, 140, 270, 218, 0, 33.52%, 17, 0, 2, 143.48, 101911, 762
5322, 11, 225, 270, 218, 0, 33.52%, 17, 0, 2, 144.36, 102661, 762
5327, 11, 140, 270, 217, 0, 33.52%, 17, 0, 2, 143.82, 103407, 762
5332, 11, 140, 270, 217, 0, 33.52%, 17, 0, 2, 143.74, 104146, 762
5337, 11, 140, 270, 217, 0, 33.52%, 17, 0, 2, 144.58, 104891, 762
5343, 11, 266, 270, 217, 0, 33.52%, 17, 0, 2, 143.71, 105639, 762
5348, 11, 266, 270, 217, 0, 33.52%, 17, 0, 2, 144.20, 106389, 762
5353, 11, 140, 270, 216, 0, 33.52%, 17, 0, 2, 143.90, 107135, 762
5358, 11, 154, 270, 216, 0, 33.52%, 17, 0, 2, 144.13, 107881, 762
5363, 11, 140, 270, 215, 0, 33.52%, 17, 0, 2, 144.56, 108629, 762
5369, 11, 140, 270, 215, 0, 33.52%, 17, 0, 2, 144.37, 109374, 762
5374, 11, 140, 270, 215, 0, 33.52%, 17, 0, 2, 144.10, 110118, 762
5379, 11, 140, 270, 215, 0, 33.52%, 17, 0, 2, 140.21, 110848, 762
5384, 11, 214, 270, 215, 0, 33.52%, 17, 0, 2, 143.03, 111592, 762
5389, 11, 140, 270, 214, 0, 33.52%, 17, 0, 2, 143.84, 112336, 762
5394, 11, 140, 270, 214, 0, 33.52%, 17, 0, 2, 144.52, 113082, 762
5399, 11, 140, 270, 214, 0, 33.52%, 17, 0, 2, 144.20, 113826, 762
5405, 11, 140, 270, 214, 0, 33.52%, 17, 0, 2, 144.16, 114571, 762
5410, 11, 140, 270, 214, 0, 33.52%, 17, 0, 2, 144.24, 115316, 762
5415, 11, 140, 270, 214, 0, 33.52%, 17, 0, 2, 127.67, 115986, 762
5420, 11, 140, 270, 214, 0, 33.52%, 17, 0, 2, 113.89, 116538, 762
5425, 11, 140, 270, 214, 0, 33.52%, 17, 0, 2, 110.70, 117106, 762
5430, 11, 140, 270, 214, 0, 33.52%, 17, 0, 2, 110.32, 117676, 762
5435, 11, 32, 270, 214, 0, 33.52%, 17, 0, 2, 109.77, 118240, 762
5440, 11, 32, 270, 214, 0, 33.52%, 17, 0, 2, 135.85, 118960, 762
5446, 11, 140, 270, 213, 0, 33.52%, 17, 0, 2, 142.01, 119701, 762
5451, 11, 140, 270, 213, 0, 33.52%, 17, 0, 2, 142.72, 120441, 762
5456, 11, 132, 270, 213, 0, 33.52%, 17, 0, 2, 142.88, 121181, 762
5461, 11, 217, 270, 212, 0, 33.52%, 17, 0, 2, 143.37, 121919, 762
5466, 11, 140, 270, 211, 0, 33.52%, 17, 0, 2, 143.38, 122656, 762
5471, 11, 140, 270, 211, 0, 33.52%, 17, 0, 2, 144.19, 123401, 762
5477, 11, 140, 270, 211, 0, 33.52%, 17, 0, 2, 144.38, 124145, 762
5482, 11, 140, 270, 211, 0, 33.52%, 17, 0, 2, 142.86, 124884, 762
5487, 11, 140, 270, 211, 0, 33.52%, 17, 0, 2, 142.34, 125621, 762
5492, 11, 1, 270, 211, 0, 33.52%, 17, 0, 2, 138.78, 126335, 762
5497, 11, 1, 270, 211, 0, 33.52%, 17, 0, 2, 136.69, 127035, 762
5502, 11, 140, 270, 210, 0, 33.52%, 17, 0, 2, 142.33, 127776, 762
5508, 11, 220, 270, 210, 0, 33.52%, 17, 0, 2, 143.46, 128519, 762
5513, 11, 140, 270, 209, 0, 33.52%, 17, 0, 2, 143.55, 129239, 762
5518, 11, 140, 270, 209, 0, 33.52%, 17, 0, 2, 143.80, 129985, 762
5523, 11, 140, 270, 209, 0, 33.52%, 17, 0, 2, 144.16, 130729, 762
5528, 11, 204, 270, 209, 0, 33.52%, 17, 0, 2, 144.67, 131477, 762
5533, 11, 140, 270, 208, 0, 33.52%, 17, 0, 2, 144.39, 132225, 762
5538, 11, 140, 270, 208, 0, 33.52%, 17, 0, 2, 143.96, 132969, 762
5544, 11, 140, 270, 208, 0, 33.52%, 17, 0, 2, 143.99, 133713, 762
5549, 11, 140, 270, 208, 0, 33.52%, 17, 0, 2, 144.20, 134459, 762
5554, 11, 140, 270, 208, 0, 33.52%, 17, 0, 2, 144.62, 135204, 762
5559, 11, 140, 270, 208, 0, 33.52%, 17, 0, 2, 144.08, 135948, 762
5564, 11, 140, 270, 208, 0, 33.52%, 17, 0, 2, 144.59, 136693, 762
5569, 11, 92, 270, 208, 0, 33.52%, 17, 0, 2, 144.13, 137439, 762
5575, 11, 140, 270, 207, 0, 33.52%, 17, 0, 2, 144.70, 138189, 762
5580, 11, 101, 270, 207, 0, 33.52%, 17, 0, 2, 144.25, 138935, 762
5585, 11, 140, 270, 205, 0, 33.52%, 17, 0, 2, 143.90, 139681, 762
5590, 11, 59, 270, 205, 0, 33.52%, 17, 0, 2, 144.70, 140425, 762
5595, 11, 140, 270, 205, 0, 33.52%, 17, 0, 2, 145.06, 141175, 762
5600, 11, 63, 270, 205, 0, 33.52%, 17, 0, 2, 144.04, 141923, 762
5606, 11, 140, 270, 204, 0, 33.52%, 17, 0, 2, 144.19, 142673, 762
5611, 11, 140, 270, 204, 0, 33.52%, 17, 0, 2, 144.69, 143419, 762
5616, 11, 35, 270, 204, 0, 33.52%, 17, 0, 2, 143.44, 144137, 762
5621, 11, 35, 270, 204, 0, 33.52%, 17, 0, 2, 142.63, 144854, 762
5626, 11, 140, 270, 203, 0, 33.52%, 17, 0, 2, 144.27, 145602, 762
5631, 11, 140, 270, 203, 0, 33.52%, 17, 0, 2, 144.51, 146346, 762
5636, 11, 267, 270, 203, 0, 33.52%, 17, 0, 2, 144.60, 147092, 762
5642, 11, 267, 270, 203, 0, 33.52%, 17, 0, 2, 144.86, 147842, 762
5647, 11, 71, 270, 202, 0, 33.52%, 17, 0, 2, 144.59, 148588, 762
5652, 11, 140, 270, 202, 0, 33.52%, 17, 0, 2, 143.58, 149330, 762
5657, 11, 140, 270, 202, 0, 33.52%, 17, 0, 2, 143.94, 150078, 762
5662, 11, 126, 270, 202, 0, 33.52%, 17, 0, 2, 143.76, 150822, 762
5667, 11, 140, 270, 201, 0, 33.52%, 17, 0, 2, 143.23, 151540, 762
5672, 11, 140, 270, 201, 0, 33.52%, 17, 0, 2, 143.05, 152286, 762
5678, 11, 140, 270, 201, 0, 33.52%, 17, 0, 2, 142.65, 153024, 762
5683, 11, 140, 271, 202, 0, 33.52%, 17, 0, 2, 144.14, 153746, 762
5688, 11, 140, 271, 202, 0, 33.52%, 17, 0, 2, 142.83, 154484, 762
5693, 11, 140, 271, 202, 0, 33.52%, 17, 0, 2, 143.89, 155230, 762
5698, 11, 140, 271, 202, 0, 33.52%, 17, 0, 2, 143.91, 155972, 762
5703, 11, 140, 271, 202, 0, 33.52%, 17, 0, 2, 143.24, 156714, 762
5708, 11, 71, 271, 202, 0, 33.52%, 17, 0, 2, 144.39, 157458, 762
5714, 11, 246, 271, 202, 0, 33.52%, 17, 0, 2, 144.22, 158204, 762
5719, 11, 140, 271, 201, 0, 33.52%, 17, 0, 2, 143.52, 158952, 762
5724, 11, 140, 271, 201, 0, 33.52%, 17, 0, 2, 143.96, 159696, 762
5729, 11, 140, 271, 201, 0, 33.52%, 17, 0, 2, 144.17, 160440, 762
5734, 11, 140, 271, 201, 0, 33.52%, 17, 0, 2, 144.47, 161186, 762
5740, 11, 140, 271, 201, 0, 33.52%, 17, 0, 2, 143.93, 161930, 762
5745, 11, 140, 271, 201, 0, 33.52%, 17, 0, 2, 142.53, 162646, 762
5750, 11, 140, 271, 201, 0, 33.52%, 17, 0, 2, 142.25, 163358, 762
5755, 11, 237, 271, 201, 0, 33.52%, 17, 0, 2, 144.39, 164105, 762
5760, 11, 242, 271, 201, 0, 33.52%, 17, 0, 2, 144.42, 164852, 762
5765, 11, 100, 271, 200, 0, 33.52%, 17, 0, 2, 127.81, 165501, 762
5770, 11, 140, 271, 199, 0, 33.52%, 17, 0, 2, 113.59, 166072, 762
5775, 11, 140, 271, 199, 0, 33.52%, 17, 0, 2, 110.99, 166646, 762
5780, 11, 140, 271, 199, 0, 33.52%, 17, 0, 2, 110.23, 167216, 762
5786, 11, 140, 271, 199, 0, 33.52%, 17, 0, 2, 110.09, 167788, 762
5791, 11, 140, 271, 199, 0, 33.52%, 17, 0, 2, 110.33, 168344, 762
5796, 11, 140, 271, 199, 0, 33.52%, 17, 0, 2, 110.09, 168910, 762
5801, 11, 140, 271, 199, 0, 33.52%, 17, 0, 2, 108.68, 169446, 762
5806, 11, 140, 271, 199, 0, 33.52%, 17, 0, 2, 110.27, 170004, 762
5811, 11, 140, 271, 199, 0, 33.52%, 17, 0, 2, 110.32, 170571, 762
5816, 11, 19, 271, 199, 0, 33.52%, 17, 0, 2, 110.24, 171144, 762
5821, 11, 140, 271, 199, 0, 33.52%, 17, 0, 2, 110.00, 171708, 762
5827, 11, 237, 272, 200, 0, 33.52%, 17, 0, 2, 110.18, 172263, 762
5832, 11, 140, 272, 200, 0, 33.52%, 17, 0, 2, 120.82, 172876, 762
5837, 11, 138, 272, 200, 0, 33.52%, 17, 0, 2, 139.18, 173624, 762
5842, 11, 140, 272, 199, 0, 33.52%, 17, 0, 2, 141.92, 174340, 762
5847, 11, 140, 272, 199, 0, 33.52%, 17, 0, 2, 140.10, 175068, 762
5852, 11, 140, 272, 199, 0, 33.52%, 17, 0, 2, 140.83, 175800, 762
5857, 11, 55, 272, 199, 0, 33.52%, 17, 0, 2, 142.12, 176538, 762
5862, 11, 188, 272, 198, 0, 33.52%, 17, 0, 2, 143.46, 177258, 762
5868, 11, 140, 272, 197, 0, 33.52%, 17, 0, 2, 142.98, 178001, 762
5873, 11, 140, 272, 197, 0, 33.52%, 17, 0, 2, 143.61, 178741, 762
5878, 11, 140, 272, 197, 0, 33.52%, 17, 0, 2, 143.70, 179485, 762
5883, 11, 140, 272, 197, 0, 33.52%, 17, 0, 2, 142.99, 180229, 762
5888, 11, 140, 272, 197, 0, 33.52%, 17, 0, 2, 143.79, 180975, 762
5894, 11, 140, 272, 197, 0, 33.52%, 17, 0, 2, 144.11, 181719, 762
5899, 11, 59, 272, 197, 0, 33.52%, 17, 0, 2, 143.99, 182463, 762
5904, 11, 74, 272, 197, 0, 33.52%, 17, 0, 2, 143.85, 183211, 762
5909, 12, 140, 272, 196, 0, 33.52%, 17, 0, 2, 144.21, 183961, 762
5914, 12, 140, 272, 196, 0, 33.52%, 17, 0, 2, 144.07, 184705, 762
5919, 12, 140, 272, 196, 0, 33.52%, 17, 0, 2, 144.24, 185449, 762
5925, 12, 140, 272, 196, 0, 33.52%, 17, 0, 2, 144.78, 186195, 762
5930, 12, 140, 272, 196, 0, 33.52%, 17, 0, 2, 144.61, 186945, 762
5935, 12, 140, 272, 196, 0, 33.52%, 17, 0, 2, 144.77, 187691, 762
5940, 12, 140, 272, 196, 0, 33.52%, 17, 0, 2, 144.80, 188437, 762
5945, 12, 68, 272, 196, 0, 33.52%, 17, 0, 2, 144.52, 189188, 762
5950, 12, 86, 272, 195, 0, 33.52%, 17, 0, 2, 144.44, 189931, 762
5956, 12, 140, 272, 194, 0, 33.52%, 17, 0, 2, 144.61, 190675, 762
5961, 12, 140, 272, 194, 0, 33.52%, 17, 0, 2, 144.21, 191421, 762
5966, 12, 140, 273, 195, 0, 33.52%, 17, 0, 2, 143.81, 192165, 762
5971, 12, 34, 273, 195, 0, 33.52%, 17, 0, 2, 143.76, 192911, 762
5976, 12, 34, 273, 195, 0, 33.52%, 17, 0, 2, 143.38, 193631, 762
5981, 12, 140, 273, 194, 0, 33.52%, 17, 0, 2, 143.37, 194349, 762
5986, 12, 140, 273, 194, 0, 33.52%, 17, 0, 2, 144.49, 195093, 762
5991, 12, 256, 273, 194, 0, 33.52%, 17, 0, 2, 143.49, 195813, 762
5996, 12, 256, 273, 194, 0, 33.52%, 17, 0, 2, 143.34, 196531, 762
6001, 12, 140, 273, 193, 0, 33.52%, 17, 0, 2, 143.61, 197274, 762
6007, 12, 140, 273, 193, 0, 33.52%, 17, 0, 2, 142.35, 198010, 762
6012, 12, 140, 273, 193, 0, 33.52%, 17, 0, 2, 142.35, 198722, 762
6017, 12, 140, 273, 192, 0, 33.52%, 17, 0, 2, 144.07, 199472, 762
6022, 12, 140, 273, 192, 0, 33.52%, 17, 0, 2, 132.84, 200148, 762
6027, 12, 140, 273, 192, 0, 33.52%, 17, 0, 2, 114.50, 200714, 762
6032, 12, 140, 273, 192, 0, 33.52%, 17, 0, 2, 110.84, 201280, 762
6037, 12, 140, 273, 192, 0, 33.52%, 17, 0, 2, 110.57, 201852, 762
6042, 12, 140, 273, 192, 0, 33.52%, 17, 0, 2, 110.18, 202416, 762
6047, 12, 140, 273, 192, 0, 33.52%, 17, 0, 2, 109.93, 202968, 762
6053, 12, 37, 273, 192, 0, 33.52%, 17, 0, 2, 109.05, 203522, 762
6058, 12, 37, 273, 192, 0, 33.52%, 17, 0, 2, 108.84, 204080, 762
6063, 12, 140, 273, 191, 0, 33.52%, 17, 0, 2, 109.45, 204648, 762
6068, 12, 140, 273, 191, 0, 33.52%, 17, 0, 2, 110.12, 205218, 762
6073, 12, 218, 273, 191, 0, 33.52%, 17, 0, 2, 110.20, 205770, 762
6078, 12, 218, 273, 191, 0, 33.52%, 17, 0, 2, 110.11, 206338, 762
6083, 12, 140, 273, 190, 0, 33.52%, 17, 0, 2, 110.06, 206904, 762
6088, 12, 140, 273, 190, 0, 33.52%, 17, 0, 2, 110.06, 207468, 762
6094, 12, 54, 273, 190, 0, 33.52%, 17, 0, 2, 109.85, 208028, 762
6099, 12, 54, 273, 190, 0, 33.52%, 17, 0, 2, 109.63, 208588, 762
6104, 12, 54, 273, 190, 0, 33.52%, 17, 0, 2, 109.91, 209151, 762
6109, 12, 158, 273, 189, 0, 33.52%, 17, 0, 2, 110.18, 209705, 762
6114, 12, 140, 273, 188, 0, 33.52%, 17, 0, 2, 110.51, 210281, 762
6119, 12, 140, 273, 188, 0, 33.52%, 17, 0, 2, 117.80, 210879, 762
6124, 12, 140, 273, 188, 0, 33.52%, 17, 0, 2, 137.92, 211625, 762
6130, 12, 140, 273, 188, 0, 33.52%, 17, 0, 2, 142.35, 212371, 762
6135, 12, 140, 273, 188, 0, 33.52%, 17, 0, 2, 143.14, 213117, 762
6140, 12, 140, 273, 188, 0, 33.52%, 17, 0, 2, 143.48, 213861, 762
6145, 12, 140, 273, 188, 0, 33.52%, 17, 0, 2, 143.21, 214605, 762
6150, 12, 140, 273, 188, 0, 33.52%, 17, 0, 2, 143.51, 215321, 762
6155, 12, 209, 273, 188, 0, 33.52%, 17, 0, 2, 143.98, 216068, 762
6160, 12, 140, 273, 187, 0, 33.52%, 17, 0, 2, 143.44, 216786, 762
6166, 12, 140, 273, 187, 0, 33.52%, 17, 0, 2, 143.78, 217530, 762
6171, 12, 140, 273, 187, 0, 33.52%, 17, 0, 2, 143.77, 218276, 762
6176, 12, 140, 273, 187, 0, 33.52%, 17, 0, 2, 144.26, 219020, 762
6181, 12, 142, 273, 187, 0, 33.52%, 17, 0, 2, 144.65, 219767, 762
6186, 12, 140, 273, 186, 0, 33.52%, 17, 0, 2, 144.74, 220515, 762
6191, 12, 140, 273, 186, 0, 33.52%, 17, 0, 2, 144.14, 221260, 762
6197, 12, 140, 273, 186, 0, 33.52%, 17, 0, 2, 144.55, 222005, 762
6202, 12, 140, 273, 186, 0, 33.52%, 17, 0, 2, 144.25, 222749, 762
6207, 12, 190, 273, 186, 0, 33.52%, 17, 0, 2, 143.64, 223497, 762
6212, 12, 24, 273, 185, 0, 33.52%, 17, 0, 2, 144.78, 224243, 762
6217, 12, 140, 273, 184, 0, 33.52%, 17, 0, 2, 144.38, 224964, 762
6222, 12, 140, 273, 184, 0, 33.52%, 17, 0, 2, 144.34, 225710, 762
6227, 12, 140, 273, 184, 0, 33.52%, 17, 0, 2, 137.54, 226430, 762
6233, 12, 140, 273, 184, 0, 33.52%, 17, 0, 2, 136.94, 227112, 762
6238, 12, 140, 273, 184, 0, 33.52%, 17, 0, 2, 142.19, 227830, 762
6243, 12, 263, 273, 184, 0, 33.52%, 17, 0, 2, 142.23, 228548, 762
6248, 12, 71, 273, 183, 0, 33.52%, 17, 0, 2, 143.23, 229293, 762
6253, 12, 140, 273, 183, 0, 33.52%, 17, 0, 2, 143.60, 230031, 762
6258, 12, 140, 273, 183, 0, 33.52%, 17, 0, 2, 144.05, 230777, 762
6263, 12, 140, 273, 183, 0, 33.52%, 17, 0, 2, 144.26, 231521, 762
6269, 12, 140, 273, 183, 0, 33.52%, 17, 0, 2, 143.70, 232265, 762
6274, 12, 140, 273, 183, 0, 33.52%, 17, 0, 2, 143.63, 233011, 762
6279, 12, 140, 273, 183, 0, 33.52%, 17, 0, 2, 144.01, 233755, 762
6284, 12, 140, 273, 183, 0, 33.52%, 17, 0, 2, 144.07, 234499, 762
6289, 12, 140, 273, 183, 0, 33.52%, 17, 0, 2, 144.29, 235244, 762
6294, 12, 140, 273, 183, 0, 33.52%, 17, 0, 2, 144.29, 235989, 762
6300, 12, 143, 273, 183, 0, 33.52%, 17, 0, 2, 119.33, 236593, 762
6305, 12, 140, 273, 182, 0, 33.52%, 17, 0, 2, 113.62, 237150, 762
6310, 12, 140, 273, 182, 0, 33.52%, 17, 0, 2, 138.17, 237892, 762
6315, 12, 140, 273, 182, 0, 33.52%, 17, 0, 2, 143.54, 238638, 762
6320, 12, 140, 273, 182, 0, 33.52%, 17, 0, 2, 143.67, 239382, 762
6325, 12, 140, 273, 182, 0, 33.52%, 17, 0, 2, 142.71, 240120, 762
6330, 12, 140, 273, 182, 0, 33.52%, 17, 0, 2, 143.52, 240854, 762
6335, 12, 247, 273, 182, 0, 33.52%, 17, 0, 2, 143.56, 241596, 762
6341, 12, 140, 273, 181, 0, 33.52%, 17, 0, 2, 142.68, 242335, 762
6346, 12, 140, 273, 181, 0, 33.52%, 17, 0, 2, 142.22, 243048, 762
6351, 12, 140, 273, 181, 0, 33.52%, 17, 0, 2, 140.84, 243780, 762
6356, 12, 140, 273, 181, 0, 33.52%, 17, 0, 2, 139.37, 244486, 762
6361, 12, 140, 273, 181, 0, 33.52%, 17, 0, 2, 139.76, 245152, 762
6366, 12, 140, 273, 181, 0, 33.52%, 17, 0, 2, 139.97, 245864, 762
6372, 12, 140, 273, 181, 0, 33.52%, 17, 0, 2, 133.31, 246524, 762
6377, 12, 140, 273, 181, 0, 33.52%, 17, 0, 2, 112.23, 247080, 762
6382, 12, 140, 273, 181, 0, 33.52%, 17, 0, 2, 107.52, 247628, 762
6387, 12, 140, 273, 181, 0, 33.52%, 17, 0, 2, 106.67, 248176, 762
6392, 12, 140, 273, 181, 0, 33.52%, 17, 0, 2, 104.69, 248718, 762
6397, 12, 51, 273, 181, 0, 33.52%, 17, 0, 2, 108.50, 249276, 762
6402, 12, 51, 273, 181, 0, 33.52%, 17, 0, 2, 131.55, 249974, 762
6407, 12, 51, 273, 181, 0, 33.52%, 17, 0, 2, 139.51, 250707, 762
6413, 12, 140, 273, 180, 0, 33.52%, 17, 0, 2, 142.58, 251447, 762
6418, 12, 140, 273, 180, 0, 33.52%, 17, 0, 2, 141.72, 252185, 762
6423, 12, 250, 273, 180, 0, 33.52%, 17, 0, 2, 143.65, 252933, 762
6428, 12, 140, 273, 179, 0, 33.52%, 17, 0, 2, 144.23, 253681, 762
6433, 12, 140, 273, 179, 0, 33.52%, 17, 0, 2, 139.88, 254411, 762
6439, 12, 140, 273, 179, 0, 33.52%, 17, 0, 2, 136.12, 255087, 762
6444, 12, 140, 273, 179, 0, 33.52%, 17, 0, 2, 142.33, 255831, 762
6449, 12, 140, 273, 179, 0, 33.52%, 17, 0, 2, 142.49, 256573, 762
6454, 12, 140, 273, 179, 0, 33.52%, 17, 0, 2, 142.84, 257317, 762
6459, 12, 140, 273, 179, 0, 33.52%, 17, 0, 2, 143.79, 258037, 762
6464, 12, 59, 273, 179, 0, 33.52%, 17, 0, 2, 142.80, 258775, 762
6469, 12, 140, 273, 179, 0, 33.52%, 17, 0, 2, 143.38, 259519, 762
6475, 12, 140, 273, 179, 0, 33.52%, 17, 0, 2, 143.29, 260261, 762
6480, 12, 140, 273, 179, 0, 33.52%, 17, 0, 2, 143.30, 261003, 762
6485, 12, 140, 273, 179, 0, 33.52%, 17, 0, 2, 142.58, 261737, 762
6490, 12, 140, 273, 179, 0, 33.52%, 17, 0, 2, 144.46, 262483, 762
6495, 12, 140, 273, 179, 0, 33.52%, 17, 0, 2, 144.31, 263225, 762
6500, 12, 140, 273, 179, 0, 33.52%, 17, 0, 2, 144.61, 263969, 762
6506, 12, 58, 273, 179, 0, 33.52%, 17, 0, 2, 144.43, 264715, 762
6511, 12, 140, 273, 178, 0, 33.52%, 17, 0, 2, 144.93, 265465, 762
6516, 12, 140, 273, 178, 0, 33.52%, 17, 0, 2, 145.17, 266213, 762
6521, 12, 140, 273, 178, 0, 33.52%, 17, 0, 2, 145.58, 266963, 762
6526, 12, 140, 273, 178, 0, 33.52%, 17, 0, 2, 145.21, 267709, 762
6531, 12, 140, 273, 178, 0, 33.52%, 17, 0, 2, 145.11, 268459, 762
6537, 12, 140, 273, 178, 0, 33.52%, 17, 0, 2, 144.80, 269207, 762
6542, 12, 59, 273, 178, 0, 33.52%, 17, 0, 2, 145.10, 269957, 762
6547, 12, 140, 273, 178, 0, 33.52%, 17, 0, 2, 145.15, 270705, 762
6552, 12, 140, 273, 178, 0, 33.52%, 17, 0, 2, 145.14, 271449, 762
6557, 12, 140, 273, 178, 0, 33.52%, 17, 0, 2, 144.85, 272197, 762
6562, 12, 140, 273, 178, 0, 33.52%, 17, 0, 2, 145.12, 272945, 762
6567, 13, 140, 273, 178, 0, 33.52%, 17, 0, 2, 144.61, 273689, 762
6573, 13, 76, 273, 178, 0, 33.52%, 17, 0, 2, 144.47, 274436, 762
6578, 13, 82, 273, 177, 0, 33.52%, 17, 0, 2, 144.10, 275178, 762
6583, 13, 140, 273, 176, 0, 33.52%, 17, 0, 2, 144.72, 275926, 762
6588, 13, 140, 273, 176, 0, 33.52%, 17, 0, 2, 144.69, 276676, 762
6593, 13, 140, 273, 176, 0, 33.52%, 17, 0, 2, 145.24, 277424, 762
6598, 13, 65, 273, 176, 0, 33.52%, 17, 0, 2, 145.12, 278171, 762
6604, 13, 201, 273, 175, 0, 33.52%, 17, 0, 2, 145.11, 278921, 762
6609, 13, 140, 273, 174, 0, 33.52%, 17, 0, 2, 145.04, 279669, 762
6614, 13, 140, 273, 174, 0, 33.52%, 17, 0, 2, 144.71, 280413, 762
6619, 13, 140, 273, 174, 0, 33.52%, 17, 0, 2, 144.93, 281163, 762
6624, 13, 19, 273, 174, 0, 33.52%, 17, 0, 2, 144.20, 281907, 762
6629, 13, 140, 273, 174, 0, 33.52%, 17, 0, 2, 144.62, 282653, 762
6635, 13, 140, 273, 174, 0, 33.52%, 17, 0, 2, 143.73, 283392, 762
6640, 13, 10, 273, 174, 0, 33.52%, 17, 0, 2, 141.84, 284119, 762
6645, 13, 10, 273, 174, 0, 33.52%, 17, 0, 2, 138.75, 284823, 762
6650, 13, 10, 273, 174, 0, 33.52%, 17, 0, 2, 139.99, 285533, 762
6655, 13, 57, 273, 173, 0, 33.52%, 17, 0, 2, 144.04, 286279, 762
6660, 13, 140, 273, 172, 0, 33.52%, 17, 0, 2, 145.46, 287029, 762
6665, 13, 73, 273, 172, 0, 33.52%, 17, 0, 2, 144.96, 287777, 762
6670, 13, 140, 273, 171, 0, 33.52%, 17, 0, 2, 144.84, 288522, 762
6676, 13, 140, 273, 171, 0, 33.52%, 17, 0, 2, 144.84, 289267, 762
6681, 13, 140, 273, 171, 0, 33.52%, 17, 0, 2, 144.91, 290011, 762
6686, 13, 140, 273, 171, 0, 33.52%, 17, 0, 2, 144.97, 290761, 762
6691, 13, 140, 273, 171, 0, 33.52%, 17, 0, 2, 144.89, 291501, 762
6696, 13, 254, 273, 171, 0, 33.52%, 17, 0, 2, 143.94, 292247, 762
6701, 13, 254, 273, 171, 0, 33.52%, 17, 0, 2, 143.87, 292997, 762
6706, 13, 254, 273, 171, 0, 33.52%, 17, 0, 2, 143.62, 293717, 762
6712, 13, 140, 273, 170, 0, 33.52%, 17, 0, 2, 144.93, 294467, 762
6717, 13, 140, 273, 170, 0, 33.52%, 17, 0, 2, 145.50, 295217, 762
6722, 13, 140, 273, 170, 0, 33.52%, 17, 0, 2, 145.15, 295963, 762
6727, 13, 140, 273, 170, 0, 33.52%, 17, 0, 2, 144.93, 296713, 762
6732, 13, 140, 273, 170, 0, 33.52%, 17, 0, 2, 144.94, 297461, 762
6737, 13, 140, 273, 170, 0, 33.52%, 17, 0, 2, 144.59, 298206, 762
6742, 13, 71, 273, 170, 0, 33.52%, 17, 0, 2, 144.87, 298953, 762
6748, 13, 140, 273, 170, 0, 33.52%, 17, 0, 2, 144.61, 299701, 762
6753, 13, 140, 273, 170, 0, 33.52%, 17, 0, 2, 144.77, 300447, 762
6758, 13, 140, 273, 170, 0, 33.52%, 17, 0, 2, 145.22, 301197, 762
6763, 13, 140, 273, 170, 0, 33.52%, 17, 0, 2, 145.33, 301947, 762
6768, 13, 140, 273, 170, 0, 33.52%, 17, 0, 2, 144.13, 302691, 762
6773, 13, 140, 273, 170, 0, 33.52%, 17, 0, 2, 144.80, 303437, 762
6779, 13, 140, 273, 170, 0, 33.52%, 17, 0, 2, 144.96, 304181, 762
6784, 13, 140, 273, 170, 0, 33.52%, 17, 0, 2, 129.28, 304865, 762
6789, 13, 140, 273, 170, 0, 33.52%, 17, 0, 2, 140.40, 305587, 762
6794, 13, 140, 273, 170, 0, 33.52%, 17, 0, 2, 144.30, 306333, 762
6799, 13, 140, 273, 170, 0, 33.52%, 17, 0, 2, 144.61, 307077, 762
6804, 13, 140, 273, 170, 0, 33.52%, 17, 0, 2, 144.16, 307822, 762
6809, 13, 140, 273, 170, 0, 33.52%, 17, 0, 2, 143.81, 308555, 762
6815, 13, 140, 273, 170, 0, 33.52%, 17, 0, 2, 144.81, 309305, 762
6820, 13, 140, 273, 170, 0, 33.52%, 17, 0, 2, 145.05, 310055, 762
6825, 13, 140, 273, 170, 0, 33.52%, 17, 0, 2, 144.28, 310799, 762
6830, 13, 140, 273, 170, 0, 33.52%, 17, 0, 2, 145.19, 311545, 762
6835, 13, 140, 273, 170, 0, 33.52%, 17, 0, 2, 145.79, 312295, 762
6840, 13, 140, 273, 170, 0, 33.52%, 17, 0, 2, 145.09, 313039, 762
6846, 13, 140, 273, 170, 0, 33.52%, 17, 0, 2, 144.89, 313789, 762
6851, 13, 140, 273, 170, 0, 33.52%, 17, 0, 2, 144.55, 314533, 762
6856, 13, 238, 273, 170, 0, 33.52%, 17, 0, 2, 144.97, 315283, 762
6861, 13, 140, 273, 169, 0, 33.52%, 17, 0, 2, 144.39, 316027, 762
6866, 13, 140, 273, 169, 0, 33.52%, 17, 0, 2, 143.01, 316767, 762
6871, 13, 140, 273, 169, 0, 33.52%, 17, 0, 2, 144.25, 317515, 762
6877, 13, 244, 273, 169, 0, 33.52%, 17, 0, 2, 143.42, 318259, 762
6882, 13, 140, 273, 168, 0, 33.52%, 17, 0, 2, 121.15, 318855, 762
6887, 13, 140, 273, 168, 0, 33.52%, 17, 0, 2, 113.12, 319417, 762
6892, 13, 140, 273, 168, 0, 33.52%, 17, 0, 2, 132.49, 320096, 762
6897, 13, 240, 273, 168, 0, 33.52%, 17, 0, 2, 142.94, 320843, 762
6902, 13, 140, 273, 167, 0, 33.52%, 17, 0, 2, 144.93, 321594, 762
6907, 13, 140, 273, 167, 0, 33.52%, 17, 0, 2, 145.45, 322342, 762
6912, 13, 198, 273, 167, 0, 33.52%, 17, 0, 2, 145.21, 323088, 762
6918, 13, 237, 273, 166, 0, 33.52%, 17, 0, 2, 144.68, 323832, 762
6923, 13, 140, 273, 166, 0, 33.52%, 17, 0, 2, 145.36, 324581, 762
6928, 13, 140, 273, 166, 0, 33.52%, 17, 0, 2, 145.35, 325331, 762
6933, 13, 229, 273, 166, 0, 33.52%, 17, 0, 2, 145.44, 326079, 762
6938, 13, 140, 273, 165, 0, 33.52%, 17, 0, 2, 145.73, 326829, 762
6943, 13, 140, 273, 165, 0, 33.52%, 17, 0, 2, 144.90, 327577, 762
6948, 13, 140, 273, 165, 0, 33.52%, 17, 0, 2, 144.45, 328322, 762
6954, 13, 140, 273, 165, 0, 33.52%, 17, 0, 2, 144.78, 329071, 762
6959, 13, 140, 273, 165, 0, 33.52%, 17, 0, 2, 144.27, 329813, 762
6964, 13, 140, 273, 165, 0, 33.52%, 17, 0, 2, 145.16, 330561, 762
6969, 13, 140, 273, 165, 0, 33.52%, 17, 0, 2, 145.34, 331311, 762
6974, 13, 140, 273, 165, 0, 33.52%, 17, 0, 2, 144.73, 332057, 762
6979, 13, 140, 273, 165, 0, 33.52%, 17, 0, 2, 144.32, 332801, 762
6985, 13, 140, 273, 165, 0, 33.52%, 17, 0, 2, 144.63, 333545, 762
6990, 13, 140, 273, 165, 0, 33.52%, 17, 0, 2, 142.88, 334283, 762
6995, 13, 140, 273, 165, 0, 33.52%, 17, 0, 2, 143.06, 334999, 762
7000, 13, 140, 273, 165, 0, 33.52%, 17, 0, 2, 144.78, 335745, 762
7005, 13, 140, 273, 165, 0, 33.52%, 17, 0, 2, 144.93, 336491, 762
7010, 13, 140, 273, 165, 0, 33.52%, 17, 0, 2, 144.58, 337241, 762
7015, 13, 19, 273, 165, 0, 33.52%, 17, 0, 2, 145.63, 337991, 762
7020, 13, 31, 273, 165, 0, 33.52%, 17, 0, 2, 145.88, 338741, 762
7026, 13, 31, 273, 165, 0, 33.52%, 17, 0, 2, 145.22, 339489, 762
7031, 13, 140, 273, 164, 0, 33.52%, 17, 0, 2, 144.40, 340235, 762
7036, 13, 140, 273, 164, 0, 33.52%, 17, 0, 2, 144.51, 340981, 762
7041, 13, 140, 273, 164, 0, 33.52%, 17, 0, 2, 144.54, 341725, 762
7046, 13, 140, 273, 164, 0, 33.52%, 17, 0, 2, 142.37, 342464, 762
7051, 13, 140, 273, 164, 0, 33.52%, 17, 0, 2, 144.07, 343209, 762
7057, 13, 140, 273, 164, 0, 33.52%, 17, 0, 2, 143.43, 343947, 762
7062, 13, 134, 273, 164, 0, 33.52%, 17, 0, 2, 144.67, 344695, 762
7067, 13, 140, 273, 163, 0, 33.52%, 17, 0, 2, 145.02, 345445, 762
7072, 13, 140, 273, 163, 0, 33.52%, 17, 0, 2, 140.91, 346171, 762
7077, 13, 140, 273, 163, 0, 33.52%, 17, 0, 2, 144.20, 346917, 762
7082, 13, 140, 273, 163, 0, 33.52%, 17, 0, 2, 145.19, 347665, 762
7088, 13, 140, 273, 163, 0, 33.52%, 17, 0, 2, 145.14, 348413, 762
7093, 13, 140, 273, 163, 0, 33.52%, 17, 0, 2, 144.89, 349157, 762
7098, 13, 44, 273, 163, 0, 33.52%, 17, 0, 2, 144.33, 349906, 762
7103, 13, 81, 273, 162, 0, 33.52%, 17, 0, 2, 144.93, 350655, 762
7108, 13, 140, 273, 161, 0, 33.52%, 17, 0, 2, 144.27, 351395, 762
7113, 13, 140, 273, 161, 0, 33.52%, 17, 0, 2, 144.78, 352143, 762
7119, 13, 140, 273, 161, 0, 33.52%, 17, 0, 2, 144.71, 352893, 762
7124, 13, 140, 273, 161, 0, 33.52%, 17, 0, 2, 144.85, 353639, 762
7129, 13, 140, 273, 161, 0, 33.52%, 17, 0, 2, 142.75, 354379, 762
7134, 13, 125, 273, 161, 0, 33.52%, 17, 0, 2, 144.49, 355129, 762
7139, 13, 140, 273, 160, 0, 33.52%, 17, 0, 2, 144.68, 355878, 762
7144, 13, 140, 273, 160, 0, 33.52%, 17, 0, 2, 144.74, 356624, 762
7150, 13, 140, 273, 160, 0, 33.52%, 17, 0, 2, 144.57, 357368, 762
7155, 13, 140, 273, 160, 0, 33.52%, 17, 0, 2, 145.22, 358114, 762
7160, 13, 140, 273, 160, 0, 33.52%, 17, 0, 2, 144.72, 358862, 762
7165, 13, 140, 273, 160, 0, 33.52%, 17, 0, 2, 145.09, 359610, 762
7170, 13, 140, 273, 160, 0, 33.52%, 17, 0, 2, 144.79, 360358, 762
7175, 14, 140, 273, 160, 0, 33.52%, 17, 0, 2, 144.86, 361108, 762
7180, 14, 140, 273, 160, 0, 33.52%, 17, 0, 2, 145.22, 361858, 762
7186, 14, 140, 273, 160, 0, 33.52%, 17, 0, 2, 144.68, 362604, 762
7191, 14, 140, 273, 160, 0, 33.52%, 17, 0, 2, 144.56, 363349, 762
7196, 14, 140, 273, 160, 0, 33.52%, 17, 0, 2, 145.51, 364096, 762
7201, 14, 140, 273, 160, 0, 33.52%, 17, 0, 2, 144.70, 364838, 762
7206, 14, 140, 273, 160, 0, 33.52%, 17, 0, 2, 144.90, 365582, 762
7211, 14, 19, 273, 160, 0, 33.52%, 17, 0, 2, 144.79, 366328, 762
7217, 14, 237, 273, 160, 0, 33.52%, 17, 0, 2, 144.70, 367072, 762
7222, 14, 140, 273, 160, 0, 33.52%, 17, 0, 2, 144.37, 367814, 762
7227, 14, 140, 273, 160, 0, 33.52%, 17, 0, 2, 143.19, 368558, 762
7232, 14, 140, 273, 160, 0, 33.52%, 17, 0, 2, 144.43, 369300, 762
7237, 14, 140, 273, 160, 0, 33.52%, 17, 0, 2, 144.74, 370044, 762
7242, 14, 140, 273, 160, 0, 33.52%, 17, 0, 2, 144.90, 370789, 762
7247, 14, 140, 273, 160, 0, 33.52%, 17, 0, 2, 144.68, 371534, 762
7253, 14, 140, 273, 160, 0, 33.52%, 17, 0, 2, 144.86, 372280, 762
7258, 14, 140, 273, 160, 0, 33.52%, 17, 0, 2, 145.26, 373030, 762
7263, 14, 122, 273, 160, 0, 33.52%, 17, 0, 2, 145.29, 373778, 762
7268, 14, 19, 273, 159, 0, 33.52%, 17, 0, 2, 145.41, 374528, 762
7273, 14, 140, 273, 159, 0, 33.52%, 17, 0, 2, 144.71, 375274, 762
7278, 14, 140, 273, 159, 0, 33.52%, 17, 0, 2, 144.88, 376024, 762
7284, 14, 140, 273, 159, 0, 33.52%, 17, 0, 2, 145.53, 376774, 762
7289, 14, 140, 273, 159, 0, 33.52%, 17, 0, 2, 135.63, 377488, 762
7294, 14, 140, 273, 159, 0, 33.52%, 17, 0, 2, 141.34, 378218, 762
7299, 14, 140, 273, 159, 0, 33.52%, 17, 0, 2, 143.83, 378966, 762
7304, 14, 140, 273, 159, 0, 33.52%, 17, 0, 2, 144.75, 379710, 762
7309, 14, 140, 273, 159, 0, 33.52%, 17, 0, 2, 144.79, 380460, 762
7315, 14, 140, 273, 159, 0, 33.52%, 17, 0, 2, 145.25, 381208, 762
7320, 14, 140, 273, 159, 0, 33.52%, 17, 0, 2, 145.07, 381953, 762
7325, 14, 140, 273, 159, 0, 33.52%, 17, 0, 2, 144.47, 382698, 762
7330, 14, 140, 273, 159, 0, 33.52%, 17, 0, 2, 144.59, 383448, 762
7335, 14, 140, 273, 158, 0, 33.52%, 17, 0, 2, 144.78, 384198, 762
7340, 14, 140, 273, 158, 0, 33.52%, 17, 0, 2, 144.07, 384942, 762
7346, 14, 140, 273, 158, 0, 33.52%, 17, 0, 2, 143.75, 385684, 762
7351, 14, 140, 273, 158, 0, 33.52%, 17, 0, 2, 144.02, 386426, 762
7356, 14, 26, 273, 158, 0, 33.52%, 17, 0, 2, 143.14, 387170, 762
7361, 14, 26, 273, 158, 0, 33.52%, 17, 0, 2, 142.60, 387888, 762
7366, 14, 140, 273, 157, 0, 33.52%, 17, 0, 2, 144.62, 388635, 762
7371, 14, 140, 274, 158, 0, 33.52%, 17, 0, 2, 144.02, 389377, 762
7376, 14, 140, 274, 158, 0, 33.52%, 17, 0, 2, 144.87, 390127, 762
7382, 14, 140, 274, 158, 0, 33.52%, 17, 0, 2, 145.19, 390877, 762
7387, 14, 140, 274, 158, 0, 33.52%, 17, 0, 2, 145.18, 391623, 762
7392, 14, 140, 274, 158, 0, 33.52%, 17, 0, 2, 144.41, 392373, 762
7397, 14, 140, 274, 158, 0, 33.52%, 17, 0, 2, 144.72, 393119, 762
7402, 14, 140, 274, 158, 0, 33.52%, 17, 0, 2, 144.48, 393863, 762
7407, 14, 39, 274, 158, 0, 33.52%, 17, 0, 2, 143.96, 394609, 762
7412, 14, 39, 274, 158, 0, 33.52%, 17, 0, 2, 143.60, 395327, 762
7418, 14, 140, 274, 157, 0, 33.52%, 17, 0, 2, 144.84, 396078, 762
7423, 14, 140, 274, 157, 0, 33.52%, 17, 0, 2, 144.95, 396825, 762
7428, 14, 140, 274, 157, 0, 33.52%, 17, 0, 2, 144.73, 397572, 762
7433, 14, 140, 274, 157, 0, 33.52%, 17, 0, 2, 144.79, 398320, 762
7438, 14, 140, 274, 157, 0, 33.52%, 17, 0, 2, 144.69, 399064, 762
7443, 14, 140, 274, 157, 0, 33.52%, 17, 0, 2, 144.89, 399814, 762
7449, 14, 71, 274, 157, 0, 33.52%, 17, 0, 2, 145.24, 400564, 762
7454, 14, 140, 274, 157, 0, 33.52%, 17, 0, 2, 141.43, 401300, 762
7459, 14, 140, 274, 157, 0, 33.52%, 17, 0, 2, 117.00, 401852, 762
7464, 14, 140, 274, 157, 0, 33.52%, 17, 0, 2, 111.91, 402410, 762
7469, 14, 140, 274, 157, 0, 33.52%, 17, 0, 2, 111.14, 402976, 762
7474, 14, 140, 275, 158, 0, 33.52%, 17, 0, 2, 110.78, 403544, 762
7479, 14, 167, 275, 158, 0, 33.52%, 17, 0, 2, 110.87, 404108, 762
7484, 14, 140, 275, 157, 0, 33.52%, 17, 0, 2, 110.78, 404674, 762
7489, 14, 140, 275, 157, 0, 33.52%, 17, 0, 2, 121.58, 405271, 762
7494, 14, 202, 275, 157, 0, 33.52%, 17, 0, 2, 139.32, 406014, 762
7500, 14, 140, 275, 156, 0, 33.52%, 17, 0, 2, 143.21, 406760, 762
7505, 14, 140, 275, 156, 0, 33.52%, 17, 0, 2, 143.88, 407504, 762
7510, 14, 140, 275, 156, 0, 33.52%, 17, 0, 2, 143.45, 408246, 762
7515, 14, 140, 275, 156, 0, 33.52%, 17, 0, 2, 143.43, 408982, 762
7520, 14, 140, 275, 156, 0, 33.52%, 17, 0, 2, 120.69, 409600, 762
7525, 14, 140, 275, 156, 0, 33.52%, 17, 0, 2, 112.81, 410162, 762
7530, 14, 140, 275, 156, 0, 33.52%, 17, 0, 2, 111.15, 410722, 762
7535, 14, 140, 275, 156, 0, 33.52%, 17, 0, 2, 124.96, 411336, 762
7541, 14, 262, 275, 156, 0, 33.52%, 17, 0, 2, 140.66, 412086, 762
7546, 14, 140, 275, 155, 0, 33.52%, 17, 0, 2, 144.66, 412834, 762
7551, 14, 140, 275, 155, 0, 33.52%, 17, 0, 2, 144.71, 413582, 762
7556, 14, 140, 275, 155, 0, 33.52%, 17, 0, 2, 144.87, 414330, 762
7561, 14, 140, 275, 155, 0, 33.52%, 17, 0, 2, 145.05, 415080, 762
7566, 14, 71, 275, 155, 0, 33.52%, 17, 0, 2, 144.79, 415830, 762
7572, 14, 140, 275, 155, 0, 33.52%, 17, 0, 2, 144.87, 416578, 762
7577, 14, 207, 275, 155, 0, 33.52%, 17, 0, 2, 144.70, 417324, 762
7582, 14, 11, 275, 154, 0, 33.52%, 17, 0, 2, 144.08, 418072, 762
7587, 14, 11, 275, 154, 0, 33.52%, 17, 0, 2, 140.44, 418786, 762
7592, 14, 140, 275, 153, 0, 33.52%, 17, 0, 2, 142.03, 419512, 762
7597, 14, 140, 275, 153, 0, 33.52%, 17, 0, 2, 144.43, 420256, 762
7602, 14, 140, 275, 153, 0, 33.52%, 17, 0, 2, 144.75, 421004, 762
7608, 14, 140, 275, 153, 0, 33.52%, 17, 0, 2, 145.06, 421754, 762
7613, 14, 140, 275, 153, 0, 33.52%, 17, 0, 2, 145.11, 422504, 762
7618, 14, 7, 275, 153, 0, 33.52%, 17, 0, 2, 138.36, 423206, 762
7623, 14, 7, 275, 153, 0, 33.52%, 17, 0, 2, 137.83, 423906, 762
7628, 14, 7, 275, 153, 0, 33.52%, 17, 0, 2, 139.66, 424618, 762
7633, 14, 140, 275, 152, 0, 33.52%, 17, 0, 2, 143.78, 425364, 762
7638, 14, 140, 275, 152, 0, 33.52%, 17, 0, 2, 144.42, 426112, 762
7644, 14, 140, 275, 152, 0, 33.52%, 17, 0, 2, 144.93, 426860, 762
7649, 14, 140, 275, 152, 0, 33.52%, 17, 0, 2, 140.82, 427572, 762
7654, 14, 140, 275, 152, 0, 33.52%, 17, 0, 2, 141.30, 428307, 762
7659, 14, 140, 275, 152, 0, 33.52%, 17, 0, 2, 144.10, 429050, 762
7664, 14, 140, 275, 152, 0, 33.52%, 17, 0, 2, 144.51, 429796, 762
7669, 14, 140, 275, 152, 0, 33.52%, 17, 0, 2, 144.67, 430546, 762
7675, 14, 140, 275, 152, 0, 33.52%, 17, 0, 2, 144.74, 431294, 762
7680, 14, 140, 275, 152, 0, 33.52%, 17, 0, 2, 145.00, 432042, 762
7685, 14, 140, 275, 152, 0, 33.52%, 17, 0, 2, 145.15, 432788, 762
7690, 14, 140, 275, 152, 0, 33.52%, 17, 0, 2, 144.52, 433536, 762
7695, 14, 140, 275, 152, 0, 33.52%, 17, 0, 2, 143.85, 434276, 762
7700, 14, 140, 275, 152, 0, 33.52%, 17, 0, 2, 144.34, 435020, 762
7706, 14, 140, 275, 152, 0, 33.52%, 17, 0, 2, 143.75, 435759, 762
7711, 14, 140, 275, 152, 0, 33.52%, 17, 0, 2, 144.39, 436498, 762
7716, 14, 140, 276, 153, 0, 33.52%, 17, 0, 2, 142.91, 437234, 762
7721, 14, 140, 276, 153, 0, 33.52%, 17, 0, 2, 142.95, 437978, 762
7726, 14, 140, 276, 153, 0, 33.52%, 17, 0, 2, 144.42, 438728, 762
7731, 14, 140, 276, 153, 0, 33.52%, 17, 0, 2, 144.01, 439471, 762
7737, 14, 140, 276, 153, 0, 33.52%, 17, 0, 2, 144.91, 440215, 762
7742, 14, 140, 276, 153, 0, 33.52%, 17, 0, 2, 145.51, 440964, 762
7747, 14, 140, 276, 153, 0, 33.52%, 17, 0, 2, 145.35, 441710, 762
7752, 14, 140, 276, 153, 0, 33.52%, 17, 0, 2, 143.34, 442448, 762
7757, 14, 140, 276, 152, 0, 33.52%, 17, 0, 2, 144.05, 443196, 762
7762, 14, 140, 276, 152, 0, 33.52%, 17, 0, 2, 143.78, 443940, 762
7768, 14, 140, 276, 152, 0, 33.52%, 17, 0, 2, 143.62, 444684, 762
7773, 14, 140, 276, 152, 0, 33.52%, 17, 0, 2, 144.43, 445434, 762
7778, 14, 140, 276, 152, 0, 33.52%, 17, 0, 2, 144.79, 446181, 762
7783, 15, 140, 276, 152, 0, 33.52%, 17, 0, 2, 144.71, 446932, 762
7788, 15, 140, 276, 152, 0, 33.52%, 17, 0, 2, 144.54, 447680, 762
7793, 15, 140, 276, 152, 0, 33.52%, 17, 0, 2, 144.35, 448421, 762
7799, 15, 140, 276, 152, 0, 33.52%, 17, 0, 2, 145.17, 449170, 762
7804, 15, 140, 276, 152, 0, 33.52%, 17, 0, 2, 144.80, 449916, 762
7809, 15, 140, 276, 152, 0, 33.52%, 17, 0, 2, 144.70, 450666, 762
7814, 15, 59, 276, 152, 0, 33.52%, 17, 0, 2, 144.38, 451412, 762
7819, 15, 140, 276, 152, 0, 33.52%, 17, 0, 2, 144.28, 452162, 762
7824, 15, 140, 276, 152, 0, 33.52%, 17, 0, 2, 144.21, 452906, 762
7830, 15, 140, 276, 152, 0, 33.52%, 17, 0, 2, 143.78, 453644, 762
7835, 15, 235, 276, 152, 0, 33.52%, 17, 0, 2, 142.91, 454382, 762
7840, 15, 140, 276, 151, 0, 33.52%, 17, 0, 2, 143.66, 455130, 762
7845, 15, 59, 276, 151, 0, 33.52%, 17, 0, 2, 143.69, 455866, 762
7850, 15, 140, 276, 151, 0, 33.52%, 17, 0, 2, 143.44, 456606, 762
7855, 15, 140, 276, 151, 0, 33.52%, 17, 0, 2, 144.61, 457352, 762
7861, 15, 140, 276, 151, 0, 33.52%, 17, 0, 2, 144.73, 458098, 762
7866, 15, 140, 276, 151, 0, 33.52%, 17, 0, 2, 144.85, 458842, 762
7871, 15, 140, 276, 151, 0, 33.52%, 17, 0, 2, 145.10, 459592, 762
7876, 15, 140, 276, 151, 0, 33.52%, 17, 0, 2, 145.14, 460342, 762
7881, 15, 140, 276, 151, 0, 33.52%, 17, 0, 2, 144.96, 461088, 762
7886, 15, 140, 276, 151, 0, 33.52%, 17, 0, 2, 141.27, 461818, 762
7891, 15, 140, 276, 151, 0, 33.52%, 17, 0, 2, 135.42, 462456, 762
7896, 15, 140, 276, 151, 0, 33.52%, 17, 0, 2, 142.35, 463202, 762
7902, 15, 140, 276, 151, 0, 33.52%, 17, 0, 2, 144.32, 463947, 762
7907, 15, 140, 276, 151, 0, 33.52%, 17, 0, 2, 145.10, 464698, 762
7912, 15, 140, 276, 151, 0, 33.52%, 17, 0, 2, 144.14, 465436, 762
7917, 15, 140, 276, 151, 0, 33.52%, 17, 0, 2, 128.63, 466115, 762
7922, 15, 140, 276, 151, 0, 33.52%, 17, 0, 2, 114.37, 466676, 762
7927, 15, 140, 276, 151, 0, 33.52%, 17, 0, 2, 133.80, 467366, 762
7933, 15, 25, 276, 151, 0, 33.52%, 17, 0, 2, 140.33, 468105, 762
7938, 15, 140, 276, 149, 0, 33.52%, 17, 0, 2, 144.08, 468854, 762
7943, 15, 140, 276, 149, 0, 33.52%, 17, 0, 2, 144.49, 469602, 762
7948, 15, 140, 276, 149, 0, 33.52%, 17, 0, 2, 144.92, 470350, 762
7953, 15, 140, 276, 149, 0, 33.52%, 17, 0, 2, 144.97, 471100, 762
7958, 15, 140, 276, 149, 0, 33.52%, 17, 0, 2, 144.96, 471850, 762
7963, 15, 59, 276, 149, 0, 33.52%, 17, 0, 2, 145.01, 472594, 762
7969, 15, 108, 276, 149, 0, 33.52%, 17, 0, 2, 145.04, 473344, 762
7974, 15, 140, 276, 148, 0, 33.52%, 17, 0, 2, 144.70, 474094, 762
7979, 15, 140, 276, 148, 0, 33.52%, 17, 0, 2, 136.44, 474790, 762
7984, 15, 140, 276, 148, 0, 33.52%, 17, 0, 2, 142.77, 475536, 762
7989, 15, 140, 276, 148, 0, 33.52%, 17, 0, 2, 143.93, 476280, 762
7994, 15, 140, 276, 148, 0, 33.52%, 17, 0, 2, 144.37, 477026, 762
8000, 15, 140, 276, 148, 0, 33.52%, 17, 0, 2, 143.35, 477768, 762
8005, 15, 140, 276, 148, 0, 33.52%, 17, 0, 2, 143.98, 478510, 762
8010, 15, 140, 276, 148, 0, 33.52%, 17, 0, 2, 143.90, 479254, 762
8015, 15, 140, 276, 148, 0, 33.52%, 17, 0, 2, 141.89, 479984, 762
8020, 15, 140, 276, 148, 0, 33.52%, 17, 0, 2, 143.40, 480730, 762
8025, 15, 140, 276, 148, 0, 33.52%, 17, 0, 2, 143.75, 481470, 762
8031, 15, 140, 276, 148, 0, 33.52%, 17, 0, 2, 143.79, 482214, 762
8036, 15, 140, 276, 148, 0, 33.52%, 17, 0, 2, 143.88, 482959, 762
8041, 15, 140, 276, 148, 0, 33.52%, 17, 0, 2, 144.54, 483704, 762
8046, 15, 140, 276, 148, 0, 33.52%, 17, 0, 2, 144.34, 484448, 762
8051, 15, 103, 276, 148, 0, 33.52%, 17, 0, 2, 144.67, 485198, 762
8056, 15, 140, 276, 146, 0, 33.52%, 17, 0, 2, 144.97, 485947, 762
8062, 15, 140, 276, 146, 0, 33.52%, 17, 0, 2, 144.41, 486691, 762
8067, 15, 140, 276, 146, 0, 33.52%, 17, 0, 2, 143.93, 487435, 762
8072, 15, 140, 276, 146, 0, 33.52%, 17, 0, 2, 144.23, 488180, 762
8077, 15, 140, 276, 146, 0, 33.52%, 17, 0, 2, 144.54, 488927, 762
8082, 15, 140, 276, 146, 0, 33.52%, 17, 0, 2, 144.21, 489673, 762
8087, 15, 255, 276, 146, 0, 33.52%, 17, 0, 2, 138.41, 490379, 762
8093, 15, 140, 276, 145, 0, 33.52%, 17, 0, 2, 140.79, 491100, 762
8098, 15, 140, 276, 145, 0, 33.52%, 17, 0, 2, 144.21, 491845, 762
8103, 15, 140, 276, 145, 0, 33.52%, 17, 0, 2, 144.54, 492589, 762
8108, 15, 140, 276, 145, 0, 33.52%, 17, 0, 2, 144.76, 493334, 762
8113, 15, 140, 276, 145, 0, 33.52%, 17, 0, 2, 144.76, 494082, 762
8118, 15, 140, 276, 145, 0, 33.52%, 17, 0, 2, 142.86, 494798, 762
8123, 15, 140, 276, 145, 0, 33.52%, 17, 0, 2, 144.05, 495544, 762
8129, 15, 140, 276, 145, 0, 33.52%, 17, 0, 2, 144.76, 496288, 762
8134, 15, 140, 276, 145, 0, 33.52%, 17, 0, 2, 144.88, 497038, 762
8139, 15, 140, 276, 145, 0, 33.52%, 17, 0, 2, 144.83, 497786, 762
8144, 15, 140, 276, 145, 0, 33.52%, 17, 0, 2, 145.08, 498536, 762
8149, 15, 19, 276, 145, 0, 33.52%, 17, 0, 2, 144.95, 499285, 762
8154, 15, 140, 276, 145, 0, 33.52%, 17, 0, 2, 144.81, 500030, 762
8160, 15, 140, 276, 145, 0, 33.52%, 17, 0, 2, 144.20, 500774, 762
8165, 15, 140, 276, 145, 0, 33.52%, 17, 0, 2, 144.79, 501524, 762
8170, 15, 140, 276, 145, 0, 33.52%, 17, 0, 2, 145.00, 502272, 762
8175, 15, 10, 276, 145, 0, 33.52%, 17, 0, 2, 142.13, 503008, 762
8180, 15, 140, 276, 145, 0, 33.52%, 17, 0, 2, 138.87, 503718, 762
8185, 15, 178, 276, 145, 0, 33.52%, 17, 0, 2, 139.54, 504434, 762
8190, 15, 140, 276, 144, 0, 33.52%, 17, 0, 2, 140.95, 505144, 762
8195, 15, 140, 276, 144, 0, 33.52%, 17, 0, 2, 143.12, 505882, 762
8201, 15, 140, 276, 144, 0, 33.52%, 17, 0, 2, 144.72, 506632, 762
8206, 15, 140, 276, 144, 0, 33.52%, 17, 0, 2, 144.93, 507382, 762
8211, 15, 140, 276, 144, 0, 33.52%, 17, 0, 2, 144.79, 508129, 762
8216, 15, 140, 276, 144, 0, 33.52%, 17, 0, 2, 144.76, 508874, 762
8221, 15, 140, 276, 144, 0, 33.52%, 17, 0, 2, 144.47, 509510, 762
8282, 16, 72, 278, 249, 0, 33.58%, 11, 0, 2, 144.36, 11987, 768
8288, 16, 72, 278, 249, 0, 33.58%, 11, 0, 2, 144.47, 12737, 768
8293, 16, 256, 278, 249, 0, 33.58%, 11, 0, 2, 144.47, 13481, 768
8298, 16, 72, 278, 249, 0, 33.58%, 11, 0, 2, 144.40, 14226, 768
8303, 16, 72, 278, 249, 0, 33.58%, 11, 0, 2, 144.19, 14965, 768
8308, 16, 72, 278, 249, 0, 33.58%, 11, 0, 2, 145.21, 15709, 768
8313, 16, 72, 278, 249, 0, 33.58%, 11, 0, 2, 144.46, 16459, 768
8318, 16, 72, 278, 249, 0, 33.58%, 11, 0, 2, 144.77, 17203, 768
8324, 16, 72, 278, 249, 0, 33.58%, 11, 0, 2, 145.16, 17947, 768
8329, 16, 72, 278, 249, 0, 33.58%, 11, 0, 2, 144.67, 18697, 768
8334, 16, 72, 278, 249, 0, 33.58%, 11, 0, 2, 145.01, 19442, 768
8339, 16, 72, 278, 249, 0, 33.58%, 11, 0, 2, 144.54, 20185, 768
8344, 16, 72, 278, 248, 0, 33.58%, 11, 0, 2, 144.52, 20932, 768
8349, 16, 72, 278, 248, 0, 33.58%, 11, 0, 2, 144.80, 21676, 768
8354, 16, 165, 278, 248, 0, 33.58%, 11, 0, 2, 145.00, 22422, 768
8360, 16, 72, 278, 247, 0, 33.58%, 11, 0, 2, 143.20, 23162, 768
8365, 16, 72, 278, 247, 0, 33.58%, 11, 0, 2, 144.51, 23908, 768
8370, 16, 72, 278, 246, 0, 33.58%, 12, 0, 2, 144.95, 24656, 768
8375, 16, 72, 278, 246, 0, 33.58%, 12, 0, 2, 144.81, 25400, 768
8380, 16, 72, 278, 246, 0, 33.58%, 12, 0, 2, 145.03, 26144, 768
8385, 16, 72, 278, 246, 0, 33.58%, 12, 0, 2, 128.17, 26820, 768
8390, 16, 72, 278, 246, 0, 33.58%, 13, 0, 2, 114.52, 27380, 768
8396, 16, 72, 278, 246, 0, 33.58%, 13, 0, 2, 112.75, 27948, 768
8401, 16, 72, 278, 246, 0, 33.58%, 14, 0, 2, 138.20, 28692, 768
8406, 16, 72, 278, 246, 0, 33.58%, 14, 0, 2, 137.76, 29370, 768
8411, 16, 139, 278, 246, 0, 33.58%, 14, 0, 2, 143.67, 30119, 768
8416, 16, 72, 278, 245, 0, 33.58%, 14, 0, 2, 144.05, 30866, 768
8421, 16, 72, 278, 244, 0, 33.58%, 14, 0, 2, 144.72, 31615, 768
8426, 16, 253, 278, 244, 0, 33.58%, 14, 0, 2, 144.68, 32363, 768
8432, 16, 72, 278, 243, 0, 33.58%, 14, 0, 2, 144.90, 33112, 768
8437, 16, 72, 278, 243, 0, 33.58%, 14, 0, 2, 145.27, 33856, 768
8442, 16, 72, 278, 243, 0, 33.58%, 14, 0, 2, 145.23, 34604, 768
8447, 16, 72, 278, 243, 0, 33.58%, 14, 0, 2, 145.01, 35354, 768
8452, 16, 72, 278, 243, 0, 33.58%, 14, 0, 2, 144.74, 36100, 768
8457, 16, 72, 278, 243, 0, 33.58%, 14, 0, 2, 143.95, 36840, 768
8462, 16, 72, 278, 243, 0, 33.58%, 14, 0, 2, 143.07, 37584, 768
8468, 16, 72, 278, 243, 0, 33.58%, 14, 0, 2, 144.35, 38330, 768
8473, 16, 99, 278, 243, 0, 33.58%, 14, 0, 2, 144.71, 39079, 768
8478, 16, 72, 278, 242, 0, 33.58%, 14, 0, 2, 143.32, 39823, 768
8483, 16, 72, 278, 242, 0, 33.58%, 14, 0, 2, 144.42, 40567, 768
8488, 16, 72, 278, 242, 0, 33.58%, 14, 0, 2, 144.83, 41312, 768
8493, 16, 72, 278, 242, 0, 33.58%, 14, 0, 2, 145.06, 42057, 768
8498, 16, 72, 278, 242, 0, 33.58%, 14, 0, 2, 144.76, 42801, 768
8504, 16, 72, 278, 242, 0, 33.58%, 14, 0, 2, 144.86, 43547, 768
8509, 16, 72, 278, 242, 0, 33.58%, 14, 0, 2, 144.83, 44295, 768
8514, 16, 72, 278, 241, 0, 33.58%, 14, 0, 2, 144.51, 45043, 768
8519, 16, 72, 278, 241, 0, 33.58%, 14, 0, 2, 144.72, 45787, 768
8524, 16, 72, 278, 241, 0, 33.58%, 14, 0, 2, 144.50, 46531, 768
8529, 16, 112, 278, 241, 0, 33.58%, 14, 0, 2, 144.88, 47279, 768
8535, 16, 72, 278, 240, 0, 33.58%, 14, 0, 2, 144.36, 48021, 768
8540, 16, 72, 278, 240, 0, 33.58%, 14, 0, 2, 143.85, 48763, 768
8545, 16, 105, 278, 240, 0, 33.58%, 14, 0, 2, 144.10, 49507, 768
8550, 16, 72, 278, 239, 0, 33.58%, 14, 0, 2, 144.49, 50247, 768
8555, 16, 148, 278, 239, 0, 33.58%, 14, 0, 2, 143.77, 50985, 768
8560, 16, 72, 278, 238, 0, 33.58%, 14, 0, 2, 144.17, 51729, 768
8566, 16, 72, 278, 238, 0, 33.58%, 14, 0, 2, 145.24, 52479, 768
8571, 16, 72, 278, 238, 0, 33.58%, 14, 0, 2, 144.31, 53225, 768
8576, 16, 72, 278, 238, 0, 33.58%, 14, 0, 2, 145.05, 53975, 768
8581, 16, 88, 278, 238, 0, 33.58%, 14, 0, 2, 145.72, 54726, 768
8586, 16, 122, 278, 237, 0, 33.58%, 14, 0, 2, 144.92, 55473, 768
8591, 16, 38, 278, 236, 0, 33.58%, 14, 0, 2, 145.17, 56219, 768
8596, 16, 72, 278, 236, 0, 33.58%, 14, 0, 2, 144.98, 56963, 768
8602, 16, 72, 278, 236, 0, 33.58%, 14, 0, 2, 144.69, 57711, 768
8607, 16, 72, 278, 236, 0, 33.58%, 14, 0, 2, 144.59, 58457, 768
8612, 16, 72, 278, 236, 0, 33.58%, 14, 0, 2, 144.88, 59201, 768
8617, 16, 72, 278, 236, 0, 33.58%, 14, 0, 2, 144.84, 59945, 768
8622, 16, 118, 278, 236, 0, 33.58%, 14, 0, 2, 142.55, 60680, 768
8627, 16, 142, 278, 235, 0, 33.58%, 14, 0, 2, 144.26, 61426, 768
8633, 16, 72, 278, 234, 0, 33.58%, 14, 0, 2, 145.10, 62173, 768
8638, 16, 72, 278, 234, 0, 33.58%, 14, 0, 2, 144.19, 62917, 768
8643, 16, 72, 278, 234, 0, 33.58%, 14, 0, 2, 144.73, 63665, 768
8648, 16, 72, 278, 234, 0, 33.58%, 14, 0, 2, 145.22, 64409, 768
8653, 16, 72, 278, 234, 0, 33.58%, 14, 0, 2, 145.06, 65157, 768
8658, 16, 72, 278, 234, 0, 33.58%, 14, 0, 2, 143.57, 65897, 768
8663, 16, 72, 278, 234, 0, 33.58%, 14, 0, 2, 144.26, 66643, 768
8669, 16, 17, 278, 234, 0, 33.58%, 14, 0, 2, 143.09, 67385, 768
8674, 16, 17, 278, 234, 0, 33.58%, 14, 0, 2, 141.57, 68093, 768
8679, 16, 72, 278, 233, 0, 33.58%, 14, 0, 2, 143.06, 68832, 768
8684, 16, 72, 278, 233, 0, 33.58%, 14, 0, 2, 145.21, 69579, 768
8689, 16, 72, 278, 233, 0, 33.58%, 14, 0, 2, 144.44, 70330, 768
8694, 16, 219, 278, 233, 0, 33.58%, 14, 0, 2, 144.58, 71074, 768
8699, 16, 219, 278, 233, 0, 33.58%, 14, 0, 2, 144.70, 71819, 768
8705, 16, 72, 278, 232, 0, 33.58%, 14, 0, 2, 144.67, 72565, 768
8710, 16, 72, 278, 232, 0, 33.58%, 14, 0, 2, 144.93, 73315, 768
8715, 16, 72, 278, 232, 0, 33.58%, 14, 0, 2, 145.27, 74065, 768
8720, 16, 72, 278, 232, 0, 33.58%, 14, 0, 2, 143.90, 74807, 768
8725, 16, 72, 278, 232, 0, 33.58%, 14, 0, 2, 144.34, 75555, 768
8730, 16, 72, 278, 232, 0, 33.58%, 14, 0, 2, 145.05, 76303, 768
8736, 16, 72, 278, 232, 0, 33.58%, 14, 0, 2, 145.02, 77053, 768
8741, 16, 72, 278, 232, 0, 33.58%, 14, 0, 2, 145.04, 77803, 768
8746, 16, 72, 278, 232, 0, 33.58%, 14, 0, 2, 145.42, 78552, 768
8751, 16, 166, 278, 232, 0, 33.58%, 14, 0, 2, 144.89, 79297, 768
8756, 16, 72, 278, 231, 0, 33.58%, 14, 0, 2, 143.15, 80037, 768
8761, 16, 72, 278, 231, 0, 33.58%, 14, 0, 2, 143.09, 80774, 768
8767, 16, 72, 278, 231, 0, 33.58%, 14, 0, 2, 143.34, 81517, 768
8772, 16, 72, 278, 231, 0, 33.58%, 14, 0, 2, 143.14, 82259, 768
8777, 16, 72, 278, 231, 0, 33.58%, 14, 0, 2, 143.73, 83005, 768
8782, 16, 72, 278, 231, 0, 33.58%, 14, 0, 2, 128.35, 83655, 768
8787, 16, 72, 278, 231, 0, 33.58%, 14, 0, 2, 114.62, 84217, 768
8792, 16, 72, 278, 231, 0, 33.58%, 14, 0, 2, 111.62, 84781, 768
8797, 16, 161, 278, 231, 0, 33.58%, 14, 0, 2, 111.13, 85341, 768
8802, 16, 72, 278, 230, 0, 33.58%, 14, 0, 2, 110.63, 85897, 768
8807, 16, 72, 278, 230, 0, 33.58%, 14, 0, 2, 110.52, 86451, 768
8812, 16, 251, 278, 230, 0, 33.58%, 14, 0, 2, 135.49, 87169, 768
8818, 16, 72, 278, 229, 0, 33.58%, 14, 0, 2, 142.32, 87916, 768
8823, 16, 72, 278, 229, 0, 33.58%, 14, 0, 2, 143.95, 88661, 768
8828, 16, 72, 278, 229, 0, 33.58%, 14, 0, 2, 144.89, 89407, 768
8833, 16, 72, 278, 229, 0, 33.58%, 14, 0, 2, 144.81, 90155, 768
8838, 17, 72, 278, 229, 0, 33.58%, 14, 0, 2, 144.97, 90899, 768
8843, 17, 72, 278, 229, 0, 33.58%, 14, 0, 2, 144.68, 91649, 768
8849, 17, 72, 278, 229, 0, 33.58%, 14, 0, 2, 144.91, 92397, 768
8854, 17, 72, 278, 229, 0, 33.58%, 14, 0, 2, 144.70, 93145, 768
8859, 17, 89, 278, 229, 0, 33.58%, 14, 0, 2, 145.23, 93895, 768
8864, 17, 116, 278, 228, 0, 33.58%, 14, 0, 2, 145.22, 94640, 768
8869, 17, 72, 278, 227, 0, 33.58%, 14, 0, 2, 144.98, 95386, 768
8874, 17, 72, 278, 227, 0, 33.58%, 14, 0, 2, 143.87, 96128, 768
8879, 17, 72, 278, 227, 0, 33.58%, 14, 0, 2, 143.75, 96866, 768
8885, 17, 72, 278, 227, 0, 33.58%, 14, 0, 2, 143.97, 97612, 768
8890, 17, 72, 278, 227, 0, 33.58%, 14, 0, 2, 144.61, 98360, 768
8895, 17, 73, 278, 227, 0, 33.58%, 14, 0, 2, 145.31, 99110, 768
8900, 17, 72, 278, 226, 0, 33.58%, 14, 0, 2, 144.04, 99851, 768
8905, 17, 72, 278, 226, 0, 33.58%, 14, 0, 2, 119.44, 100434, 768
8910, 17, 72, 278, 226, 0, 33.58%, 14, 0, 2, 112.73, 100998, 768
8915, 17, 72, 278, 226, 0, 33.58%, 14, 0, 2, 111.15, 101554, 768
8920, 17, 72, 278, 226, 0, 33.58%, 14, 0, 2, 110.93, 102114, 768
8926, 17, 72, 278, 226, 0, 33.58%, 14, 0, 2, 129.20, 102775, 768
8931, 17, 72, 278, 226, 0, 33.58%, 14, 0, 2, 139.79, 103510, 768
8936, 17, 72, 278, 226, 0, 33.58%, 14, 0, 2, 143.08, 104252, 768
8941, 17, 72, 278, 226, 0, 33.58%, 14, 0, 2, 144.30, 104994, 768
8946, 17, 72, 278, 226, 0, 33.58%, 14, 0, 2, 144.79, 105740, 768
8951, 17, 235, 278, 226, 0, 33.58%, 14, 0, 2, 144.27, 106486, 768
8957, 17, 235, 278, 226, 0, 33.58%, 14, 0, 2, 144.18, 107234, 768
8962, 17, 72, 278, 225, 0, 33.58%, 14, 0, 2, 145.19, 107985, 768
8967, 17, 72, 278, 225, 0, 33.58%, 14, 0, 2, 145.22, 108733, 768
8972, 17, 72, 278, 225, 0, 33.58%, 14, 0, 2, 144.97, 109477, 768
8977, 17, 72, 278, 225, 0, 33.58%, 14, 0, 2, 145.39, 110225, 768
8982, 17, 54, 278, 225, 0, 33.58%, 14, 0, 2, 126.34, 110867, 768
8987, 17, 72, 278, 224, 0, 33.58%, 14, 0, 2, 114.06, 111431, 768
8992, 17, 72, 278, 224, 0, 33.58%, 14, 0, 2, 111.53, 111997, 768
8997, 17, 72, 278, 224, 0, 33.58%, 14, 0, 2, 110.61, 112553, 768
9003, 17, 72, 278, 224, 0, 33.58%, 14, 0, 2, 110.45, 113125, 768
9008, 17, 72, 278, 224, 0, 33.58%, 14, 0, 2, 110.69, 113685, 768
9013, 17, 72, 278, 224, 0, 33.58%, 14, 0, 2, 110.64, 114239, 768
9018, 17, 72, 278, 224, 0, 33.58%, 14, 0, 2, 110.65, 114795, 768
9023, 17, 72, 278, 224, 0, 33.58%, 14, 0, 2, 129.96, 115459, 768
9028, 17, 72, 278, 224, 0, 33.58%, 14, 0, 2, 140.84, 116205, 768
9033, 17, 72, 278, 224, 0, 33.58%, 14, 0, 2, 142.67, 116945, 768
9038, 17, 72, 278, 224, 0, 33.58%, 14, 0, 2, 144.49, 117693, 768
9044, 17, 72, 278, 224, 0, 33.58%, 14, 0, 2, 144.30, 118437, 768
9049, 17, 72, 278, 224, 0, 33.58%, 14, 0, 2, 144.67, 119181, 768
9054, 17, 72, 278, 224, 0, 33.58%, 14, 0, 2, 144.59, 119927, 768
9059, 17, 72, 278, 224, 0, 33.58%, 14, 0, 2, 143.76, 120667, 768
9064, 17, 72, 278, 224, 0, 33.58%, 14, 0, 2, 144.51, 121415, 768
9069, 17, 72, 278, 224, 0, 33.58%, 14, 0, 2, 145.03, 122163, 768
9075, 17, 175, 278, 224, 0, 33.58%, 14, 0, 2, 145.00, 122910, 768
9080, 17, 72, 278, 223, 0, 33.58%, 14, 0, 2, 121.58, 123510, 768
9085, 17, 72, 278, 223, 0, 33.58%, 14, 0, 2, 113.13, 124076, 768
9090, 17, 72, 278, 223, 0, 33.58%, 14, 0, 2, 135.31, 124782, 768
9095, 17, 72, 278, 223, 0, 33.58%, 14, 0, 2, 142.29, 125530, 768
9100, 17, 15, 278, 223, 0, 33.58%, 14, 0, 2, 143.92, 126276, 768
9105, 17, 72, 278, 222, 0, 33.58%, 14, 0, 2, 144.85, 127024, 768
9110, 17, 72, 278, 222, 0, 33.58%, 14, 0, 2, 144.71, 127768, 768
9116, 17, 259, 278, 222, 0, 33.58%, 14, 0, 2, 142.46, 128506, 768
9121, 17, 259, 278, 222, 0, 33.58%, 14, 0, 2, 141.72, 129220, 768
9126, 17, 72, 278, 221, 0, 33.58%, 14, 0, 2, 143.90, 129964, 768
9131, 17, 51, 278, 221, 0, 33.58%, 14, 0, 2, 144.19, 130710, 768
9136, 17, 72, 278, 220, 0, 33.58%, 14, 0, 2, 138.78, 131439, 768
9141, 17, 72, 278, 220, 0, 33.58%, 14, 0, 2, 116.64, 132001, 768
9147, 17, 204, 278, 220, 0, 33.58%, 14, 0, 2, 128.93, 132651, 768
9152, 17, 72, 278, 220, 0, 33.58%, 14, 0, 2, 141.46, 133396, 768
9157, 17, 72, 278, 220, 0, 33.58%, 14, 0, 2, 144.18, 134141, 768
9162, 17, 72, 278, 220, 0, 33.58%, 14, 0, 2, 144.97, 134891, 768
9167, 17, 256, 278, 220, 0, 33.58%, 14, 0, 2, 145.10, 135641, 768
9172, 17, 72, 278, 220, 0, 33.58%, 14, 0, 2, 144.99, 136389, 768
9177, 17, 72, 278, 220, 0, 33.58%, 14, 0, 2, 144.18, 137131, 768
9183, 17, 72, 278, 220, 0, 33.58%, 14, 0, 2, 144.71, 137879, 768
9188, 17, 77, 278, 220, 0, 33.58%, 14, 0, 2, 145.26, 138625, 768
9193, 17, 72, 278, 219, 0, 33.58%, 14, 0, 2, 144.44, 139375, 768
9198, 17, 72, 278, 219, 0, 33.58%, 14, 0, 2, 143.09, 140113, 768
9203, 17, 72, 278, 219, 0, 33.58%, 14, 0, 2, 139.59, 140843, 768
9208, 17, 211, 278, 219, 0, 33.58%, 14, 0, 2, 116.92, 141403, 768
9214, 17, 72, 278, 218, 0, 33.58%, 14, 0, 2, 133.48, 142097, 768
9219, 17, 72, 278, 218, 0, 33.58%, 14, 0, 2, 142.73, 142845, 768
9224, 17, 213, 278, 218, 0, 33.58%, 14, 0, 2, 144.90, 143595, 768
9229, 17, 72, 278, 217, 0, 33.58%, 14, 0, 2, 144.98, 144344, 768
9234, 17, 256, 278, 217, 0, 33.58%, 14, 0, 2, 144.87, 145090, 768
9239, 17, 72, 278, 217, 0, 33.58%, 14, 0, 2, 144.99, 145838, 768
9245, 17, 72, 278, 217, 0, 33.58%, 14, 0, 2, 143.23, 146578, 768
9250, 17, 72, 278, 217, 0, 33.58%, 14, 0, 2, 143.33, 147320, 768
9255, 17, 72, 278, 217, 0, 33.58%, 14, 0, 2, 143.52, 148062, 768
9260, 17, 72, 278, 217, 0, 33.58%, 14, 0, 2, 143.54, 148802, 768
9265, 17, 72, 278, 217, 0, 33.58%, 14, 0, 2, 143.53, 149544, 768
9270, 17, 72, 278, 217, 0, 33.58%, 14, 0, 2, 127.49, 150220, 768
9275, 17, 72, 278, 217, 0, 33.58%, 14, 0, 2, 114.58, 150784, 768
9281, 17, 72, 278, 217, 0, 33.58%, 14, 0, 2, 120.85, 151378, 768
9286, 17, 173, 278, 217, 0, 33.58%, 14, 0, 2, 139.98, 152124, 768
9291, 17, 72, 278, 216, 0, 33.58%, 14, 0, 2, 143.85, 152873, 768
9296, 17, 72, 278, 216, 0, 33.58%, 14, 0, 2, 144.49, 153617, 768
9301, 17, 72, 278, 216, 0, 33.58%, 14, 0, 2, 144.87, 154367, 768
9306, 17, 208, 278, 216, 0, 33.58%, 14, 0, 2, 144.88, 155115, 768
9312, 17, 72, 278, 215, 0, 33.58%, 14, 0, 2, 144.65, 155863, 768
9317, 17, 72, 278, 215, 0, 33.58%, 14, 0, 2, 144.74, 156607, 768
9322, 17, 72, 278, 215, 0, 33.58%, 14, 0, 2, 144.87, 157355, 768
9327, 17, 72, 278, 215, 0, 33.58%, 14, 0, 2, 144.63, 158103, 768
9332, 17, 33, 278, 215, 0, 33.58%, 14, 0, 2, 144.18, 158849, 768
9337, 17, 91, 278, 214, 0, 33.58%, 14, 0, 2, 145.08, 159594, 768
9342, 17, 72, 278, 213, 0, 33.58%, 14, 0, 2, 145.10, 160339, 768
9348, 17, 72, 278, 213, 0, 33.58%, 14, 0, 2, 143.25, 161081, 768
9353, 17, 72, 278, 213, 0, 33.58%, 14, 0, 2, 144.79, 161827, 768
9358, 17, 72, 278, 213, 0, 33.58%, 14, 0, 2, 144.89, 162571, 768
9363, 17, 147, 278, 213, 0, 33.58%, 14, 0, 2, 144.71, 163321, 768
9368, 17, 72, 278, 212, 0, 33.58%, 14, 0, 2, 144.97, 164069, 768
9373, 17, 72, 278, 212, 0, 33.58%, 14, 0, 2, 144.75, 164814, 768
9379, 17, 141, 278, 212, 0, 33.58%, 14, 0, 2, 144.89, 165564, 768
9384, 17, 72, 278, 211, 0, 33.58%, 14, 0, 2, 144.62, 166310, 768
9389, 17, 216, 278, 211, 0, 33.58%, 14, 0, 2, 144.69, 167055, 768
9394, 17, 72, 278, 211, 0, 33.58%, 14, 0, 2, 145.44, 167801, 768
9399, 17, 256, 278, 211, 0, 33.58%, 14, 0, 2, 144.91, 168549, 768
9404, 17, 72, 278, 211, 0, 33.58%, 14, 0, 2, 145.62, 169295, 768
9409, 17, 130, 278, 211, 0, 33.58%, 14, 0, 2, 145.39, 170041, 768
9415, 17, 72, 278, 210, 0, 33.58%, 14, 0, 2, 145.11, 170789, 768
9420, 17, 72, 278, 210, 0, 33.58%, 14, 0, 2, 144.88, 171537, 768
9425, 17, 19, 278, 210, 0, 33.58%, 14, 0, 2, 143.87, 172257, 768
9430, 17, 19, 278, 210, 0, 33.58%, 14, 0, 2, 143.37, 172977, 768
9435, 17, 19, 278, 210, 0, 33.58%, 14, 0, 2, 144.04, 173697, 768
9440, 17, 72, 278, 209, 0, 33.58%, 14, 0, 2, 144.59, 174443, 768
9445, 17, 72, 278, 208, 0, 33.58%, 14, 0, 2, 144.88, 175189, 768
9450, 17, 72, 278, 208, 0, 33.58%, 14, 0, 2, 143.50, 175927, 768
9455, 18, 72, 278, 208, 0, 33.58%, 14, 0, 2, 143.03, 176665, 768
9461, 18, 256, 278, 208, 0, 33.58%, 14, 0, 2, 142.44, 177401, 768
9466, 18, 72, 278, 208, 0, 33.58%, 14, 0, 2, 144.45, 178151, 768
9471, 18, 72, 278, 208, 0, 33.58%, 14, 0, 2, 144.48, 178899, 768
9476, 18, 217, 278, 208, 0, 33.58%, 14, 0, 2, 144.95, 179649, 768
9481, 18, 72, 278, 207, 0, 33.58%, 14, 0, 2, 144.74, 180397, 768
9486, 18, 108, 278, 207, 0, 33.58%, 14, 0, 2, 144.60, 181141, 768
9492, 18, 72, 278, 206, 0, 33.58%, 14, 0, 2, 144.63, 181889, 768
9497, 18, 72, 278, 206, 0, 33.58%, 14, 0, 2, 144.11, 182633, 768
9502, 18, 72, 278, 206, 0, 33.58%, 14, 0, 2, 138.40, 183359, 768
9507, 18, 164, 278, 206, 0, 33.58%, 14, 0, 2, 116.63, 183919, 768
9512, 18, 72, 278, 205, 0, 33.58%, 14, 0, 2, 133.42, 184613, 768
9517, 18, 72, 278, 205, 0, 33.58%, 14, 0, 2, 141.93, 185353, 768
9523, 18, 72, 278, 205, 0, 33.58%, 14, 0, 2, 143.91, 186099, 768
9528, 18, 72, 278, 205, 0, 33.58%, 14, 0, 2, 141.89, 186833, 768
9533, 18, 82, 278, 205, 0, 33.58%, 14, 0, 2, 143.96, 187579, 768
9538, 18, 72, 278, 204, 0, 33.58%, 14, 0, 2, 143.20, 188315, 768
9543, 18, 187, 278, 204, 0, 33.58%, 14, 0, 2, 144.40, 189064, 768
9548, 18, 72, 278, 203, 0, 33.58%, 14, 0, 2, 144.69, 189808, 768
9553, 18, 72, 278, 203, 0, 33.58%, 14, 0, 2, 145.07, 190556, 768
9559, 18, 39, 278, 203, 0, 33.58%, 15, 0, 2, 144.64, 191306, 768
9564, 18, 72, 278, 202, 0, 33.58%, 15, 0, 2, 144.73, 192056, 768
9569, 18, 72, 278, 202, 0, 33.58%, 15, 0, 2, 144.99, 192804, 768
9574, 18, 72, 278, 202, 0, 33.58%, 15, 0, 2, 144.62, 193548, 768
9579, 18, 72, 278, 202, 0, 33.58%, 15, 0, 2, 144.92, 194292, 768
9584, 18, 72, 278, 202, 0, 33.58%, 15, 0, 2, 142.81, 195034, 768
9590, 18, 72, 278, 202, 0, 33.58%, 15, 0, 2, 117.69, 195594, 768
9595, 18, 72, 278, 202, 0, 33.58%, 15, 0, 2, 112.35, 196152, 768
9600, 18, 72, 278, 202, 0, 33.58%, 15, 0, 2, 111.34, 196716, 768
9605, 18, 256, 278, 202, 0, 33.58%, 15, 0, 2, 110.89, 197274, 768
9610, 18, 72, 278, 202, 0, 33.58%, 15, 0, 2, 136.43, 198000, 768
9615, 18, 72, 278, 202, 0, 33.58%, 15, 0, 2, 143.28, 198750, 768
9620, 18, 72, 278, 202, 0, 33.58%, 15, 0, 2, 133.75, 199426, 768
9625, 18, 72, 278, 202, 0, 33.58%, 15, 0, 2, 115.79, 199986, 768
9630, 18, 72, 278, 202, 0, 33.58%, 15, 0, 2, 111.93, 200554, 768
9635, 18, 72, 278, 202, 0, 33.58%, 15, 0, 2, 137.38, 201290, 768
9640, 18, 72, 278, 202, 0, 33.58%, 15, 0, 2, 143.14, 202040, 768
9646, 18, 72, 278, 202, 0, 33.58%, 15, 0, 2, 144.00, 202784, 768
9651, 18, 72, 278, 202, 0, 33.58%, 15, 0, 2, 143.65, 203526, 768
9656, 18, 62, 278, 202, 0, 33.58%, 15, 0, 2, 142.73, 204270, 768
9661, 18, 72, 278, 201, 0, 33.58%, 15, 0, 2, 144.69, 205015, 768
9666, 18, 72, 278, 201, 0, 33.58%, 15, 0, 2, 144.73, 205760, 768
9671, 18, 72, 278, 201, 0, 33.58%, 15, 0, 2, 144.70, 206504, 768
9677, 18, 72, 278, 201, 0, 33.58%, 15, 0, 2, 144.99, 207252, 768
9682, 18, 72, 278, 201, 0, 33.58%, 15, 0, 2, 145.04, 207996, 768
9687, 18, 72, 278, 201, 0, 33.58%, 15, 0, 2, 144.67, 208746, 768
9692, 18, 72, 278, 201, 0, 33.58%, 15, 0, 2, 122.65, 209356, 768
9697, 18, 72, 278, 201, 0, 33.58%, 15, 0, 2, 113.37, 209918, 768
9702, 18, 72, 278, 201, 0, 33.58%, 15, 0, 2, 137.03, 210650, 768
9707, 18, 87, 278, 201, 0, 33.58%, 15, 0, 2, 143.50, 211398, 768
9713, 18, 72, 278, 200, 0, 33.58%, 15, 0, 2, 144.79, 212147, 768
9718, 18, 72, 278, 200, 0, 33.58%, 15, 0, 2, 143.42, 212885, 768
9723, 18, 72, 278, 200, 0, 33.58%, 15, 0, 2, 145.02, 213635, 768
9728, 18, 72, 278, 200, 0, 33.58%, 15, 0, 2, 145.31, 214383, 768
9733, 18, 72, 278, 200, 0, 33.58%, 15, 0, 2, 145.19, 215131, 768
9738, 18, 72, 278, 200, 0, 33.58%, 15, 0, 2, 137.46, 215833, 768
9743, 18, 0, 278, 200, 0, 33.58%, 15, 0, 2, 141.94, 216579, 768
9749, 18, 0, 278, 200, 0, 33.58%, 15, 0, 2, 142.69, 217299, 768
9754, 18, 0, 278, 200, 0, 33.58%, 15, 0, 2, 143.29, 218017, 768
9759, 18, 72, 278, 199, 0, 33.58%, 15, 0, 2, 145.01, 218767, 768
9764, 18, 38, 278, 199, 0, 33.58%, 15, 0, 2, 145.30, 219515, 768
9769, 18, 153, 278, 199, 0, 33.58%, 15, 0, 2, 145.76, 220265, 768
9774, 18, 72, 278, 198, 0, 33.58%, 15, 0, 2, 145.15, 221015, 768
9779, 18, 178, 278, 198, 0, 33.58%, 15, 0, 2, 145.34, 221762, 768
9784, 18, 72, 278, 197, 0, 33.58%, 15, 0, 2, 144.34, 222507, 768
9790, 18, 72, 278, 197, 0, 33.58%, 15, 0, 2, 143.38, 223248, 768
9795, 18, 25, 278, 197, 0, 33.58%, 15, 0, 2, 144.76, 223994, 768
9800, 18, 72, 278, 196, 0, 33.58%, 15, 0, 2, 145.25, 224743, 768
9805, 18, 169, 278, 196, 0, 33.58%, 15, 0, 2, 145.27, 225491, 768
9810, 18, 38, 278, 195, 0, 33.58%, 15, 0, 2, 145.39, 226239, 768
9815, 18, 72, 278, 195, 0, 33.58%, 15, 0, 2, 144.82, 226985, 768
9821, 18, 238, 278, 195, 0, 33.58%, 15, 0, 2, 144.02, 227731, 768
9826, 18, 238, 278, 195, 0, 33.58%, 15, 0, 2, 143.38, 228471, 768
9831, 18, 72, 278, 194, 0, 33.58%, 15, 0, 2, 144.51, 229218, 768
9836, 18, 72, 278, 194, 0, 33.58%, 15, 0, 2, 143.43, 229958, 768
9841, 18, 72, 278, 194, 0, 33.58%, 15, 0, 2, 126.85, 230600, 768
9846, 18, 205, 278, 194, 0, 33.58%, 15, 0, 2, 137.89, 231303, 768
9851, 18, 72, 278, 193, 0, 33.58%, 15, 0, 2, 126.84, 231977, 768
9856, 18, 72, 278, 193, 0, 33.58%, 15, 0, 2, 124.39, 232571, 768
9862, 18, 72, 278, 192, 0, 33.58%, 15, 0, 2, 140.31, 233317, 768
9867, 18, 72, 278, 192, 0, 33.58%, 15, 0, 2, 144.08, 234061, 768
9872, 18, 213, 278, 191, 0, 33.58%, 15, 0, 2, 145.08, 234809, 768
9877, 18, 72, 278, 191, 0, 33.58%, 15, 0, 2, 145.18, 235556, 768
9882, 18, 72, 278, 191, 0, 33.58%, 15, 0, 2, 144.89, 236305, 768
9887, 18, 72, 278, 191, 0, 33.58%, 15, 0, 2, 145.20, 237055, 768
9893, 18, 72, 278, 191, 0, 33.58%, 15, 0, 2, 145.31, 237805, 768
9898, 18, 72, 278, 191, 0, 33.58%, 15, 0, 2, 144.59, 238549, 768
9903, 18, 50, 278, 191, 0, 33.58%, 15, 0, 2, 144.93, 239295, 768
9908, 18, 72, 278, 191, 0, 33.58%, 15, 0, 2, 145.71, 240045, 768
9913, 18, 72, 278, 191, 0, 33.58%, 15, 0, 2, 145.20, 240793, 768
9918, 18, 72, 278, 191, 0, 33.58%, 15, 0, 2, 143.72, 241535, 768
9923, 18, 72, 278, 191, 0, 33.58%, 15, 0, 2, 144.38, 242279, 768
9929, 18, 72, 278, 191, 0, 33.58%, 15, 0, 2, 143.95, 243023, 768
9934, 18, 72, 278, 191, 0, 33.58%, 15, 0, 2, 144.63, 243767, 768
9939, 18, 72, 278, 191, 0, 33.58%, 15, 0, 2, 144.77, 244513, 768
9944, 18, 72, 278, 191, 0, 33.58%, 15, 0, 2, 145.32, 245263, 768
9949, 18, 50, 278, 191, 0, 33.58%, 15, 0, 2, 144.62, 246007, 768
9954, 18, 72, 278, 191, 0, 33.58%, 15, 0, 2, 144.76, 246751, 768
9960, 18, 72, 278, 191, 0, 33.58%, 15, 0, 2, 144.86, 247496, 768
9965, 18, 72, 278, 191, 0, 33.58%, 15, 0, 2, 144.81, 248241, 768
9970, 18, 72, 278, 191, 0, 33.58%, 15, 0, 2, 145.30, 248987, 768
9975, 18, 72, 278, 191, 0, 33.58%, 15, 0, 2, 145.32, 249736, 768
9980, 18, 72, 278, 191, 0, 33.58%, 15, 0, 2, 144.72, 250485, 768
9985, 18, 72, 278, 191, 0, 33.58%, 15, 0, 2, 144.98, 251235, 768
9990, 18, 245, 278, 191, 0, 33.58%, 15, 0, 2, 145.47, 251985, 768
9996, 18, 72, 278, 190, 0, 33.58%, 15, 0, 2, 145.34, 252733, 768
10001, 18, 72, 279, 191, 0, 33.62%, 15, 0, 2, 144.33, 253477, 769
10006, 18, 72, 279, 191, 0, 33.62%, 15, 0, 2, 144.46, 254221, 769
10011, 18, 72, 279, 191, 0, 33.62%, 15, 0, 2, 144.41, 254965, 769
10016, 18, 216, 279, 191, 0, 33.62%, 15, 0, 2, 144.53, 255711, 769
10021, 18, 72, 279, 191, 0, 33.62%, 15, 0, 2, 143.04, 256449, 769
10027, 18, 72, 279, 191, 0, 33.62%, 15, 0, 2, 144.91, 257193, 769
10032, 18, 72, 279, 191, 0, 33.62%, 15, 0, 2, 145.19, 257943, 769
10037, 18, 72, 279, 191, 0, 33.62%, 15, 0, 2, 145.01, 258688, 769
10042, 18, 81, 279, 191, 0, 33.62%, 15, 0, 2, 145.01, 259433, 769
10047, 18, 256, 279, 190, 0, 33.62%, 15, 0, 2, 144.92, 260179, 769
10052, 19, 216, 279, 190, 0, 33.62%, 15, 0, 2, 144.57, 260925, 769
10057, 19, 72, 279, 190, 0, 33.62%, 15, 0, 2, 144.30, 261669, 769
10063, 19, 72, 279, 190, 0, 33.62%, 15, 0, 2, 145.12, 262417, 769
10068, 19, 72, 279, 190, 0, 33.62%, 15, 0, 2, 144.91, 263165, 769
10073, 19, 72, 279, 190, 0, 33.62%, 15, 0, 2, 144.91, 263913, 769
10078, 19, 72, 279, 190, 0, 33.62%, 15, 0, 2, 144.73, 264658, 769
10083, 19, 72, 279, 190, 0, 33.62%, 15, 0, 2, 144.44, 265403, 769
10088, 19, 72, 279, 190, 0, 33.62%, 15, 0, 2, 144.56, 266147, 769
10094, 19, 72, 279, 190, 0, 33.62%, 15, 0, 2, 144.57, 266893, 769
10099, 19, 72, 279, 190, 0, 33.62%, 15, 0, 2, 144.46, 267641, 769
10104, 19, 72, 279, 190, 0, 33.62%, 15, 0, 2, 118.86, 268215, 769
10109, 19, 72, 279, 190, 0, 33.62%, 15, 0, 2, 137.20, 268929, 769
10114, 19, 72, 279, 190, 0, 33.62%, 15, 0, 2, 140.15, 269667, 769
10119, 19, 72, 279, 190, 0, 33.62%, 15, 0, 2, 142.70, 270409, 769
10124, 19, 72, 279, 190, 0, 33.62%, 15, 0, 2, 143.49, 271149, 769
10130, 19, 72, 279, 190, 0, 33.62%, 15, 0, 2, 143.96, 271894, 769
10135, 19, 72, 279, 190, 0, 33.62%, 15, 0, 2, 144.70, 272643, 769
10140, 19, 72, 279, 190, 0, 33.62%, 15, 0, 2, 124.91, 273299, 769
10145, 19, 72, 279, 190, 0, 33.62%, 15, 0, 2, 113.85, 273863, 769
10150, 19, 1, 279, 190, 0, 33.62%, 15, 0, 2, 108.65, 274421, 769
10155, 19, 1, 279, 190, 0, 33.62%, 15, 0, 2, 106.82, 274971, 769
10161, 19, 1, 279, 190, 0, 33.62%, 15, 0, 2, 124.52, 275600, 769
10166, 19, 144, 279, 189, 0, 33.62%, 15, 0, 2, 140.75, 276348, 769
10171, 19, 113, 279, 188, 0, 33.62%, 15, 0, 2, 144.06, 277096, 769
10176, 19, 72, 279, 187, 0, 33.62%, 15, 0, 2, 144.87, 277846, 769
10181, 19, 72, 279, 187, 0, 33.62%, 15, 0, 2, 144.83, 278596, 769
10186, 19, 72, 279, 187, 0, 33.62%, 15, 0, 2, 144.67, 279340, 769
10192, 19, 72, 279, 187, 0, 33.62%, 15, 0, 2, 145.29, 280090, 769
10197, 19, 72, 279, 187, 0, 33.62%, 15, 0, 2, 144.59, 280832, 769
10202, 19, 72, 279, 187, 0, 33.62%, 15, 0, 2, 143.82, 281576, 769
10207, 19, 216, 279, 187, 0, 33.62%, 15, 0, 2, 144.13, 282324, 769
10212, 19, 72, 279, 187, 0, 33.62%, 15, 0, 2, 144.52, 283068, 769
10217, 19, 72, 279, 187, 0, 33.62%, 15, 0, 2, 137.23, 283760, 769
10223, 19, 72, 279, 187, 0, 33.62%, 15, 0, 2, 143.17, 284504, 769
10228, 19, 72, 279, 187, 0, 33.62%, 15, 0, 2, 144.48, 285248, 769
10233, 19, 72, 279, 187, 0, 33.62%, 15, 0, 2, 144.41, 285998, 769
10238, 19, 38, 279, 187, 0, 33.62%, 15, 0, 2, 144.94, 286744, 769
10243, 19, 72, 279, 187, 0, 33.62%, 15, 0, 2, 144.85, 287493, 769
10248, 19, 72, 279, 187, 0, 33.62%, 15, 0, 2, 145.47, 288242, 769
10253, 19, 72, 279, 187, 0, 33.62%, 15, 0, 2, 145.34, 288988, 769
10259, 19, 72, 279, 187, 0, 33.62%, 15, 0, 2, 145.13, 289732, 769
10264, 19, 72, 279, 186, 0, 33.62%, 15, 0, 2, 144.53, 290482, 769
10269, 19, 72, 279, 186, 0, 33.62%, 15, 0, 2, 145.23, 291232, 769
10274, 19, 72, 279, 186, 0, 33.62%, 15, 0, 2, 145.40, 291978, 769
10279, 19, 72, 279, 186, 0, 33.62%, 15, 0, 2, 144.62, 292723, 769
10284, 19, 72, 279, 186, 0, 33.62%, 15, 0, 2, 144.98, 293472, 769
10290, 19, 104, 279, 186, 0, 33.62%, 15, 0, 2, 145.01, 294218, 769
10295, 19, 72, 279, 185, 0, 33.62%, 15, 0, 2, 144.87, 294968, 769
10300, 19, 200, 279, 185, 0, 33.62%, 15, 0, 2, 144.67, 295712, 769
10305, 19, 72, 279, 184, 0, 33.62%, 15, 0, 2, 144.63, 296461, 769
10310, 19, 72, 279, 184, 0, 33.62%, 15, 0, 2, 144.77, 297209, 769
10315, 19, 72, 279, 184, 0, 33.62%, 15, 0, 2, 144.80, 297957, 769
10321, 19, 23, 279, 184, 0, 33.62%, 15, 0, 2, 145.19, 298706, 769
10326, 19, 72, 279, 183, 0, 33.62%, 15, 0, 2, 144.46, 299453, 769
10331, 19, 72, 279, 183, 0, 33.62%, 15, 0, 2, 144.41, 300197, 769
10336, 19, 72, 279, 183, 0, 33.62%, 15, 0, 2, 144.68, 300942, 769
10341, 19, 72, 279, 183, 0, 33.62%, 15, 0, 2, 145.27, 301690, 769
10346, 19, 72, 279, 183, 0, 33.62%, 15, 0, 2, 144.90, 302437, 769
10351, 19, 72, 279, 183, 0, 33.62%, 15, 0, 2, 144.77, 303186, 769
10357, 19, 85, 279, 183, 0, 33.62%, 15, 0, 2, 144.54, 303934, 769
10362, 19, 72, 279, 182, 0, 33.62%, 15, 0, 2, 143.82, 304679, 769
10367, 19, 72, 279, 182, 0, 33.62%, 15, 0, 2, 144.69, 305425, 769
10372, 19, 72, 279, 182, 0, 33.62%, 15, 0, 2, 145.16, 306171, 769
10377, 19, 119, 279, 182, 0, 33.62%, 15, 0, 2, 144.56, 306919, 769
10383, 19, 72, 279, 181, 0, 33.62%, 15, 0, 2, 144.12, 307667, 769
10388, 19, 46, 279, 181, 0, 33.62%, 15, 0, 2, 145.05, 308415, 769
10393, 19, 72, 279, 180, 0, 33.62%, 15, 0, 2, 144.99, 309165, 769
10398, 19, 72, 279, 180, 0, 33.62%, 15, 0, 2, 143.00, 309901, 769
10403, 19, 38, 279, 180, 0, 33.62%, 15, 0, 2, 143.80, 310642, 769
10408, 19, 72, 279, 180, 0, 33.62%, 15, 0, 2, 144.64, 311393, 769
10414, 19, 38, 279, 180, 0, 33.62%, 15, 0, 2, 145.10, 312143, 769
10419, 19, 72, 279, 180, 0, 33.62%, 15, 0, 2, 145.31, 312891, 769
10424, 19, 72, 279, 180, 0, 33.62%, 15, 0, 2, 145.18, 313638, 769
10429, 19, 72, 279, 180, 0, 33.62%, 15, 0, 2, 144.94, 314383, 769
10434, 19, 72, 279, 180, 0, 33.62%, 15, 0, 2, 145.57, 315131, 769
10439, 19, 72, 279, 180, 0, 33.62%, 15, 0, 2, 132.00, 315829, 769
10444, 19, 72, 279, 180, 0, 33.62%, 15, 0, 2, 138.37, 316514, 769
10449, 19, 72, 279, 180, 0, 33.62%, 15, 0, 2, 143.79, 317261, 769
10455, 19, 72, 279, 180, 0, 33.62%, 15, 0, 2, 145.06, 318011, 769
10460, 19, 72, 279, 180, 0, 33.62%, 15, 0, 2, 144.33, 318759, 769
10465, 19, 72, 279, 180, 0, 33.62%, 15, 0, 2, 143.92, 319503, 769
10470, 19, 72, 279, 180, 0, 33.62%, 15, 0, 2, 144.64, 320249, 769
10475, 19, 72, 279, 180, 0, 33.62%, 15, 0, 2, 144.70, 320997, 769
10480, 19, 72, 279, 180, 0, 33.62%, 15, 0, 2, 144.66, 321743, 769
10486, 19, 72, 279, 180, 0, 33.62%, 15, 0, 2, 144.98, 322491, 769
10491, 19, 72, 279, 180, 0, 33.62%, 15, 0, 2, 145.07, 323237, 769
10496, 19, 72, 279, 180, 0, 33.62%, 15, 0, 2, 145.03, 323982, 769
10501, 19, 72, 279, 180, 0, 33.62%, 15, 0, 2, 145.15, 324731, 769
10506, 19, 72, 279, 180, 0, 33.62%, 15, 0, 2, 144.75, 325477, 769
10511, 19, 72, 279, 180, 0, 33.62%, 15, 0, 2, 143.42, 326219, 769
10517, 19, 220, 279, 180, 0, 33.62%, 15, 0, 2, 144.31, 326967, 769
10522, 19, 220, 279, 180, 0, 33.62%, 15, 0, 2, 143.26, 327683, 769
10527, 19, 72, 279, 179, 0, 33.62%, 15, 0, 2, 144.03, 328432, 769
10532, 19, 72, 279, 179, 0, 33.62%, 15, 0, 2, 144.42, 329181, 769
10537, 19, 72, 279, 179, 0, 33.62%, 15, 0, 2, 145.01, 329929, 769
10542, 19, 128, 279, 179, 0, 33.62%, 15, 0, 2, 145.14, 330680, 769
10547, 19, 72, 279, 178, 0, 33.62%, 15, 0, 2, 145.04, 331428, 769
10553, 19, 72, 279, 178, 0, 33.62%, 15, 0, 2, 145.04, 332172, 769
10558, 19, 72, 279, 178, 0, 33.62%, 15, 0, 2, 145.33, 332922, 769
10563, 19, 72, 279, 178, 0, 33.62%, 15, 0, 2, 144.53, 333670, 769
10568, 19, 72, 279, 178, 0, 33.62%, 15, 0, 2, 144.61, 334420, 769
10573, 19, 72, 279, 178, 0, 33.62%, 15, 0, 2, 145.03, 335168, 769
10578, 19, 72, 279, 178, 0, 33.62%, 15, 0, 2, 143.19, 335910, 769
10584, 19, 186, 279, 178, 0, 33.62%, 15, 0, 2, 144.87, 336658, 769
10589, 19, 72, 279, 177, 0, 33.62%, 15, 0, 2, 145.09, 337409, 769
10594, 19, 72, 279, 177, 0, 33.62%, 15, 0, 2, 144.97, 338157, 769
10599, 19, 72, 279, 177, 0, 33.62%, 15, 0, 2, 144.15, 338898, 769
10604, 19, 72, 279, 177, 0, 33.62%, 15, 0, 2, 145.10, 339645, 769
10609, 19, 218, 279, 177, 0, 33.62%, 15, 0, 2, 145.37, 340395, 769
10614, 19, 72, 279, 176, 0, 33.62%, 15, 0, 2, 144.63, 341139, 769
10620, 19, 72, 279, 176, 0, 33.62%, 15, 0, 2, 144.98, 341889, 769
10625, 20, 72, 279, 176, 0, 33.62%, 15, 0, 2, 144.66, 342637, 769
10630, 20, 72, 279, 176, 0, 33.62%, 15, 0, 2, 145.18, 343387, 769
10635, 20, 72, 279, 176, 0, 33.62%, 15, 0, 2, 145.61, 344137, 769
10640, 20, 72, 279, 176, 0, 33.62%, 15, 0, 2, 145.15, 344883, 769
10645, 20, 72, 279, 176, 0, 33.62%, 15, 0, 2, 144.83, 345631, 769
10651, 20, 72, 279, 176, 0, 33.62%, 15, 0, 2, 145.17, 346381, 769
10656, 20, 72, 279, 176, 0, 33.62%, 15, 0, 2, 144.84, 347127, 769
10661, 20, 72, 279, 176, 0, 33.62%, 15, 0, 2, 145.09, 347877, 769
10666, 20, 72, 279, 176, 0, 33.62%, 15, 0, 2, 144.81, 348621, 769
10671, 20, 72, 279, 176, 0, 33.62%, 15, 0, 2, 145.07, 349369, 769
10676, 20, 41, 279, 176, 0, 33.62%, 15, 0, 2, 145.34, 350117, 769
10682, 20, 72, 279, 175, 0, 33.62%, 15, 0, 2, 144.98, 350866, 769
10687, 20, 72, 279, 175, 0, 33.62%, 15, 0, 2, 143.24, 351601, 769
10692, 20, 72, 279, 175, 0, 33.62%, 15, 0, 2, 143.55, 352343, 769
10697, 20, 45, 279, 175, 0, 33.62%, 15, 0, 2, 144.85, 353089, 769
10702, 20, 255, 279, 174, 0, 33.62%, 15, 0, 2, 145.63, 353839, 769
10707, 20, 255, 279, 174, 0, 33.62%, 15, 0, 2, 144.88, 354589, 769
10713, 20, 72, 279, 173, 0, 33.62%, 15, 0, 2, 143.56, 355333, 769
10718, 20, 72, 279, 173, 0, 33.62%, 15, 0, 2, 144.79, 356082, 769
10723, 20, 72, 279, 173, 0, 33.62%, 15, 0, 2, 144.58, 356831, 769
10728, 20, 256, 279, 173, 0, 33.62%, 15, 0, 2, 144.52, 357577, 769
10733, 20, 72, 279, 173, 0, 33.62%, 15, 0, 2, 144.75, 358325, 769
10738, 20, 216, 279, 173, 0, 33.62%, 15, 0, 2, 144.78, 359071, 769
10744, 20, 129, 279, 173, 0, 33.62%, 15, 0, 2, 144.70, 359819, 769
10749, 20, 72, 279, 172, 0, 33.62%, 15, 0, 2, 144.91, 360569, 769
10754, 20, 72, 279, 172, 0, 33.62%, 15, 0, 2, 145.03, 361317, 769
10759, 20, 72, 279, 172, 0, 33.62%, 15, 0, 2, 144.89, 362061, 769
10764, 20, 72, 279, 172, 0, 33.62%, 15, 0, 2, 145.04, 362811, 769
10769, 20, 72, 279, 172, 0, 33.62%, 15, 0, 2, 144.90, 363555, 769
10774, 20, 72, 279, 172, 0, 33.62%, 15, 0, 2, 144.67, 364301, 769
10780, 20, 72, 279, 172, 0, 33.62%, 15, 0, 2, 144.70, 365045, 769
10785, 20, 72, 279, 172, 0, 33.62%, 15, 0, 2, 144.94, 365791, 769
10790, 20, 182, 279, 172, 0, 33.62%, 15, 0, 2, 145.25, 366541, 769
10795, 20, 72, 279, 171, 0, 33.62%, 15, 0, 2, 145.63, 367289, 769
10800, 20, 72, 279, 171, 0, 33.62%, 15, 0, 2, 145.20, 368039, 769
10805, 20, 72, 279, 171, 0, 33.62%, 15, 0, 2, 144.46, 368785, 769
10811, 20, 72, 279, 171, 0, 33.62%, 15, 0, 2, 144.12, 369530, 769
10816, 20, 72, 279, 171, 0, 33.62%, 15, 0, 2, 144.79, 370275, 769
10821, 20, 72, 279, 171, 0, 33.62%, 15, 0, 2, 145.02, 371025, 769
10826, 20, 72, 279, 171, 0, 33.62%, 15, 0, 2, 142.82, 371753, 769
10831, 20, 72, 279, 171, 0, 33.62%, 15, 0, 2, 144.39, 372499, 769
10836, 20, 37, 279, 171, 0, 33.62%, 15, 0, 2, 145.00, 373248, 769
10842, 20, 72, 279, 170, 0, 33.62%, 15, 0, 2, 145.16, 373999, 769
10847, 20, 72, 279, 170, 0, 33.62%, 15, 0, 2, 145.42, 374747, 769
10852, 20, 72, 279, 170, 0, 33.62%, 15, 0, 2, 145.14, 375493, 769
10857, 20, 72, 279, 170, 0, 33.62%, 15, 0, 2, 145.04, 376243, 769
10862, 20, 72, 279, 170, 0, 33.62%, 15, 0, 2, 144.34, 376991, 769
10867, 20, 72, 279, 169, 0, 33.62%, 15, 0, 2, 145.26, 377738, 769
10872, 20, 72, 279, 169, 0, 33.62%, 15, 0, 2, 144.91, 378482, 769
10878, 20, 72, 279, 169, 0, 33.62%, 15, 0, 2, 144.81, 379230, 769
10883, 20, 72, 279, 169, 0, 33.62%, 15, 0, 2, 145.19, 379980, 769
10888, 20, 72, 279, 169, 0, 33.62%, 15, 0, 2, 145.04, 380728, 769
10893, 20, 72, 279, 169, 0, 33.62%, 15, 0, 2, 145.48, 381474, 769
10898, 20, 72, 279, 169, 0, 33.62%, 15, 0, 2, 144.33, 382216, 769
10903, 20, 72, 279, 169, 0, 33.62%, 15, 0, 2, 144.50, 382960, 769
10908, 20, 72, 279, 169, 0, 33.62%, 15, 0, 2, 144.46, 383704, 769
10914, 20, 72, 279, 169, 0, 33.62%, 15, 0, 2, 144.79, 384454, 769
10919, 20, 72, 279, 169, 0, 33.62%, 15, 0, 2, 144.80, 385198, 769
10924, 20, 72, 279, 169, 0, 33.62%, 15, 0, 2, 144.54, 385944, 769
10929, 20, 58, 279, 169, 0, 33.62%, 15, 0, 2, 144.63, 386692, 769
10934, 20, 50, 279, 168, 0, 33.62%, 15, 0, 2, 144.92, 387440, 769
10939, 20, 252, 279, 168, 0, 33.62%, 15, 0, 2, 142.89, 388154, 769
10944, 20, 252, 279, 168, 0, 33.62%, 15, 0, 2, 142.69, 388872, 769
10950, 20, 72, 279, 167, 0, 33.62%, 15, 0, 2, 143.56, 389615, 769
10955, 20, 72, 279, 167, 0, 33.62%, 15, 0, 2, 143.62, 390357, 769
10960, 20, 72, 279, 167, 0, 33.62%, 15, 0, 2, 143.83, 391100, 769
10965, 20, 72, 279, 167, 0, 33.62%, 15, 0, 2, 144.66, 391845, 769
10970, 20, 72, 279, 167, 0, 33.62%, 15, 0, 2, 144.01, 392581, 769
10975, 20, 256, 279, 167, 0, 33.62%, 15, 0, 2, 143.99, 393325, 769
10980, 20, 72, 279, 167, 0, 33.62%, 15, 0, 2, 145.26, 394075, 769
10986, 20, 72, 279, 167, 0, 33.62%, 15, 0, 2, 144.86, 394821, 769
10991, 20, 72, 279, 167, 0, 33.62%, 15, 0, 2, 139.23, 395529, 769
10996, 20, 72, 279, 167, 0, 33.62%, 15, 0, 2, 143.96, 396275, 769
11001, 20, 72, 279, 167, 0, 33.62%, 15, 0, 2, 144.94, 397019, 769
11006, 20, 72, 279, 167, 0, 33.62%, 15, 0, 2, 145.11, 397769, 769
11011, 20, 72, 279, 167, 0, 33.62%, 15, 0, 2, 145.56, 398515, 769
11016, 20, 72, 279, 167, 0, 33.62%, 15, 0, 2, 145.22, 399263, 769
11022, 20, 72, 279, 167, 0, 33.62%, 15, 0, 2, 145.27, 400011, 769
11027, 20, 72, 279, 167, 0, 33.62%, 15, 0, 2, 145.18, 400759, 769
11032, 20, 72, 279, 167, 0, 33.62%, 15, 0, 2, 145.10, 401507, 769
11037, 20, 72, 279, 167, 0, 33.62%, 15, 0, 2, 145.37, 402255, 769
11042, 20, 72, 279, 167, 0, 33.62%, 15, 0, 2, 145.22, 403004, 769
11047, 20, 72, 279, 167, 0, 33.62%, 15, 0, 2, 145.55, 403751, 769
11053, 20, 72, 279, 167, 0, 33.62%, 15, 0, 2, 145.27, 404499, 769
11058, 20, 72, 279, 167, 0, 33.62%, 15, 0, 2, 144.96, 405243, 769
11063, 20, 72, 279, 167, 0, 33.62%, 15, 0, 2, 145.36, 405988, 769
11068, 20, 72, 279, 167, 0, 33.62%, 15, 0, 2, 144.76, 406732, 769
11073, 20, 72, 279, 167, 0, 33.62%, 15, 0, 2, 144.86, 407475, 769
11078, 20, 72, 279, 167, 0, 33.62%, 15, 0, 2, 145.47, 408225, 769
11083, 20, 72, 279, 167, 0, 33.62%, 15, 0, 2, 144.70, 408971, 769
11089, 20, 72, 279, 167, 0, 33.62%, 15, 0, 2, 145.05, 409721, 769
11094, 20, 72, 279, 167, 0, 33.62%, 15, 0, 2, 145.47, 410471, 769
11099, 20, 72, 279, 166, 0, 33.62%, 15, 0, 2, 145.10, 411219, 769
11104, 20, 72, 279, 166, 0, 33.62%, 15, 0, 2, 144.91, 411969, 769
11109, 20, 72, 279, 166, 0, 33.62%, 15, 0, 2, 144.84, 412713, 769
11114, 20, 72, 279, 166, 0, 33.62%, 15, 0, 2, 144.42, 413459, 769
11119, 20, 21, 279, 166, 0, 33.62%, 15, 0, 2, 143.83, 414203, 769
11124, 20, 21, 279, 166, 0, 33.62%, 15, 0, 2, 143.44, 414921, 769
11129, 20, 21, 279, 166, 0, 33.62%, 15, 0, 2, 143.88, 415641, 769
11135, 20, 72, 279, 165, 0, 33.62%, 15, 0, 2, 144.64, 416389, 769
11140, 20, 72, 279, 165, 0, 33.62%, 15, 0, 2, 144.88, 417137, 769
11145, 20, 72, 279, 165, 0, 33.62%, 15, 0, 2, 144.53, 417883, 769
11150, 20, 72, 279, 165, 0, 33.62%, 15, 0, 2, 142.03, 418619, 769
11155, 20, 50, 279, 165, 0, 33.62%, 15, 0, 2, 143.94, 419363, 769
11160, 20, 134, 279, 165, 0, 33.62%, 15, 0, 2, 145.54, 420114, 769
11166, 20, 184, 279, 164, 0, 33.62%, 15, 0, 2, 145.09, 420864, 769
11171, 20, 264, 279, 163, 0, 33.62%, 15, 0, 2, 142.53, 421602, 769
11176, 20, 264, 279, 163, 0, 33.62%, 15, 0, 2, 140.94, 422332, 769
11181, 20, 72, 279, 162, 0, 33.62%, 15, 0, 2, 144.22, 423079, 769
11186, 20, 72, 279, 162, 0, 33.62%, 15, 0, 2, 145.07, 423825, 769
11191, 20, 72, 279, 162, 0, 33.62%, 15, 0, 2, 144.95, 424571, 769
11197, 20, 48, 279, 162, 0, 33.62%, 15, 0, 2, 144.46, 425317, 769
11202, 20, 72, 279, 161, 0, 33.62%, 15, 0, 2, 145.08, 426065, 769
11207, 21, 72, 279, 161, 0, 33.62%, 15, 0, 2, 144.19, 426809, 769
11212, 21, 72, 279, 161, 0, 33.62%, 15, 0, 2, 123.38, 427431, 769
11217, 21, 72, 279, 161, 0, 33.62%, 15, 0, 2, 113.28, 427987, 769
11222, 21, 72, 279, 161, 0, 33.62%, 15, 0, 2, 111.29, 428551, 769
11227, 21, 72, 279, 161, 0, 33.62%, 15, 0, 2, 120.36, 429161, 769
11232, 21, 72, 279, 161, 0, 33.62%, 15, 0, 2, 139.85, 429906, 769
11238, 21, 72, 279, 161, 0, 33.62%, 15, 0, 2, 143.57, 430655, 769
11243, 21, 72, 279, 161, 0, 33.62%, 15, 0, 2, 144.76, 431401, 769
11248, 21, 72, 279, 161, 0, 33.62%, 15, 0, 2, 145.00, 432147, 769
11253, 21, 72, 279, 161, 0, 33.62%, 15, 0, 2, 144.87, 432897, 769
11258, 21, 72, 279, 161, 0, 33.62%, 15, 0, 2, 144.62, 433645, 769
11263, 21, 72, 279, 161, 0, 33.62%, 15, 0, 2, 144.81, 434393, 769
11269, 21, 72, 279, 161, 0, 33.62%, 15, 0, 2, 119.90, 435001, 769
11274, 21, 72, 279, 161, 0, 33.62%, 15, 0, 2, 112.68, 435563, 769
11279, 21, 72, 279, 161, 0, 33.62%, 15, 0, 2, 134.78, 436266, 769
11284, 21, 72, 279, 161, 0, 33.62%, 15, 0, 2, 142.38, 437010, 769
11289, 21, 72, 279, 161, 0, 33.62%, 15, 0, 2, 144.39, 437755, 769
11294, 21, 29, 279, 161, 0, 33.62%, 15, 0, 2, 144.33, 438504, 769
11300, 21, 143, 279, 160, 0, 33.62%, 15, 0, 2, 142.90, 439240, 769
11305, 21, 72, 279, 159, 0, 33.62%, 15, 0, 2, 144.00, 439990, 769
11310, 21, 72, 279, 159, 0, 33.62%, 15, 0, 2, 144.30, 440736, 769
11315, 21, 72, 279, 159, 0, 33.62%, 15, 0, 2, 143.84, 441480, 769
11320, 21, 174, 279, 159, 0, 33.62%, 15, 0, 2, 144.14, 442224, 769
11325, 21, 72, 279, 159, 0, 33.62%, 15, 0, 2, 144.85, 442974, 769
11331, 21, 72, 279, 159, 0, 33.62%, 15, 0, 2, 144.97, 443720, 769
11336, 21, 72, 279, 159, 0, 33.62%, 15, 0, 2, 143.43, 444464, 769
11341, 21, 72, 279, 159, 0, 33.62%, 15, 0, 2, 144.63, 445214, 769
11346, 21, 72, 279, 159, 0, 33.62%, 15, 0, 2, 144.92, 445962, 769
11351, 21, 72, 279, 159, 0, 33.62%, 15, 0, 2, 145.13, 446712, 769
11356, 21, 34, 279, 159, 0, 33.62%, 15, 0, 2, 145.52, 447462, 769
11362, 21, 72, 279, 158, 0, 33.62%, 15, 0, 2, 144.93, 448206, 769
11367, 21, 72, 279, 158, 0, 33.62%, 15, 0, 2, 144.81, 448952, 769
11372, 21, 72, 279, 158, 0, 33.62%, 15, 0, 2, 144.63, 449701, 769
11377, 21, 72, 279, 158, 0, 33.62%, 15, 0, 2, 144.88, 450446, 769
11382, 21, 72, 279, 158, 0, 33.62%, 15, 0, 2, 145.02, 451190, 769
11387, 21, 72, 279, 158, 0, 33.62%, 15, 0, 2, 143.13, 451929, 769
11392, 21, 72, 279, 158, 0, 33.62%, 15, 0, 2, 144.75, 452674, 769
11398, 21, 72, 279, 158, 0, 33.62%, 15, 0, 2, 144.86, 453417, 769
11403, 21, 72, 279, 158, 0, 33.62%, 15, 0, 2, 144.46, 454160, 769
11408, 21, 72, 279, 158, 0, 33.62%, 15, 0, 2, 144.85, 454906, 769
11413, 21, 72, 279, 158, 0, 33.62%, 15, 0, 2, 144.74, 455656, 769
11418, 21, 72, 279, 158, 0, 33.62%, 15, 0, 2, 144.01, 456400, 769
11423, 21, 72, 279, 158, 0, 33.62%, 15, 0, 2, 145.02, 457148, 769
11429, 21, 72, 279, 158, 0, 33.62%, 15, 0, 2, 144.19, 457888, 769
11434, 21, 72, 279, 158, 0, 33.62%, 15, 0, 2, 143.23, 458630, 769
11439, 21, 72, 279, 158, 0, 33.62%, 15, 0, 2, 144.23, 459372, 769
11444, 21, 72, 279, 158, 0, 33.62%, 15, 0, 2, 144.50, 460120, 769
11449, 21, 72, 279, 158, 0, 33.62%, 15, 0, 2, 144.75, 460868, 769
11454, 21, 72, 279, 158, 0, 33.62%, 15, 0, 2, 145.38, 461618, 769
11460, 21, 72, 279, 158, 0, 33.62%, 15, 0, 2, 145.12, 462366, 769
11465, 21, 256, 279, 158, 0, 33.62%, 15, 0, 2, 144.13, 463110, 769
11470, 21, 43, 279, 158, 0, 33.62%, 15, 0, 2, 145.07, 463860, 769
11475, 21, 87, 279, 157, 0, 33.62%, 15, 0, 2, 145.06, 464609, 769
11480, 21, 72, 279, 157, 0, 33.62%, 15, 0, 2, 145.21, 465357, 769
11485, 21, 72, 279, 157, 0, 33.62%, 15, 0, 2, 145.15, 466107, 769
11490, 21, 72, 279, 157, 0, 33.62%, 15, 0, 2, 145.36, 466855, 769
11496, 21, 72, 279, 157, 0, 33.62%, 15, 0, 2, 145.29, 467605, 769
11501, 21, 72, 279, 157, 0, 33.62%, 15, 0, 2, 144.97, 468353, 769
11506, 21, 72, 279, 157, 0, 33.62%, 15, 0, 2, 144.82, 469097, 769
11511, 21, 72, 279, 157, 0, 33.62%, 15, 0, 2, 143.44, 469835, 769
11516, 21, 72, 279, 157, 0, 33.62%, 15, 0, 2, 143.40, 470577, 769
11521, 21, 72, 279, 157, 0, 33.62%, 15, 0, 2, 142.30, 471311, 769
11527, 21, 72, 279, 157, 0, 33.62%, 15, 0, 2, 143.34, 472051, 769
11532, 21, 72, 279, 157, 0, 33.62%, 15, 0, 2, 142.66, 472787, 769
11537, 21, 72, 279, 157, 0, 33.62%, 15, 0, 2, 144.43, 473533, 769
11542, 21, 72, 279, 157, 0, 33.62%, 15, 0, 2, 144.54, 474279, 769
11547, 21, 72, 279, 157, 0, 33.62%, 15, 0, 2, 143.74, 475021, 769
11552, 21, 72, 279, 157, 0, 33.62%, 15, 0, 2, 144.28, 475767, 769
11558, 21, 92, 279, 157, 0, 33.62%, 15, 0, 2, 142.56, 476508, 769
11563, 21, 72, 279, 156, 0, 33.62%, 15, 0, 2, 118.01, 477080, 769
11568, 21, 72, 279, 156, 0, 33.62%, 15, 0, 2, 137.93, 477816, 769
11573, 21, 72, 279, 156, 0, 33.62%, 15, 0, 2, 143.57, 478562, 769
11578, 21, 272, 279, 156, 0, 33.62%, 15, 0, 2, 139.05, 479274, 769
11583, 21, 272, 279, 156, 0, 33.62%, 15, 0, 2, 127.91, 479939, 769
11588, 21, 195, 279, 155, 0, 33.62%, 15, 0, 2, 141.38, 480681, 769
11594, 21, 72, 279, 154, 0, 33.62%, 15, 0, 2, 143.86, 481429, 769
11599, 21, 72, 279, 154, 0, 33.62%, 15, 0, 2, 144.41, 482173, 769
11604, 21, 72, 279, 154, 0, 33.62%, 15, 0, 2, 144.76, 482918, 769
11609, 21, 72, 279, 154, 0, 33.62%, 15, 0, 2, 144.52, 483662, 769
11614, 21, 72, 279, 154, 0, 33.62%, 15, 0, 2, 144.69, 484408, 769
11619, 21, 72, 279, 154, 0, 33.62%, 15, 0, 2, 143.44, 485150, 769
11625, 21, 72, 279, 154, 0, 33.62%, 15, 0, 2, 144.72, 485896, 769
11630, 21, 72, 279, 154, 0, 33.62%, 15, 0, 2, 144.83, 486642, 769
11635, 21, 72, 279, 154, 0, 33.62%, 15, 0, 2, 144.80, 487390, 769
11640, 21, 72, 279, 154, 0, 33.62%, 15, 0, 2, 145.03, 488134, 769
11645, 21, 72, 279, 154, 0, 33.62%, 15, 0, 2, 144.80, 488878, 769
11650, 21, 72, 279, 154, 0, 33.62%, 15, 0, 2, 144.86, 489626, 769
11655, 21, 72, 279, 154, 0, 33.62%, 15, 0, 2, 144.49, 490374, 769
11661, 21, 72, 279, 154, 0, 33.62%, 15, 0, 2, 144.32, 491118, 769
11666, 21, 72, 279, 154, 0, 33.62%, 15, 0, 2, 144.76, 491862, 769
11671, 21, 72, 279, 154, 0, 33.62%, 15, 0, 2, 144.28, 492606, 769
11676, 21, 72, 279, 154, 0, 33.62%, 15, 0, 2, 145.11, 493352, 769
11681, 21, 227, 279, 154, 0, 33.62%, 15, 0, 2, 144.96, 494096, 769
11686, 21, 227, 279, 154, 0, 33.62%, 15, 0, 2, 144.64, 494846, 769
11692, 21, 72, 279, 153, 0, 33.62%, 15, 0, 2, 145.12, 495595, 769
11697, 21, 72, 279, 153, 0, 33.62%, 15, 0, 2, 127.08, 496239, 769
11702, 21, 72, 279, 153, 0, 33.62%, 15, 0, 2, 114.20, 496801, 769
11707, 21, 72, 279, 153, 0, 33.62%, 15, 0, 2, 136.70, 497521, 769
11712, 21, 138, 279, 153, 0, 33.62%, 15, 0, 2, 124.76, 498153, 769
11717, 21, 72, 279, 152, 0, 33.62%, 15, 0, 2, 141.61, 498901, 769
11722, 21, 72, 279, 152, 0, 33.62%, 15, 0, 2, 143.53, 499645, 769
11727, 21, 72, 279, 152, 0, 33.62%, 15, 0, 2, 144.45, 500391, 769
11733, 21, 72, 279, 152, 0, 33.62%, 15, 0, 2, 144.56, 501135, 769
11738, 21, 72, 279, 152, 0, 33.62%, 15, 0, 2, 145.09, 501879, 769
11743, 21, 72, 279, 152, 0, 33.62%, 15, 0, 2, 144.53, 502623, 769
11748, 21, 225, 279, 152, 0, 33.62%, 15, 0, 2, 144.87, 503369, 769
11753, 21, 72, 279, 151, 0, 33.62%, 15, 0, 2, 145.31, 504120, 769
11758, 21, 72, 279, 151, 0, 33.62%, 15, 0, 2, 145.13, 504866, 769
11763, 21, 72, 279, 151, 0, 33.62%, 15, 0, 2, 144.31, 505610, 769
11769, 21, 72, 279, 151, 0, 33.62%, 15, 0, 2, 144.54, 506360, 769
11774, 22, 72, 279, 151, 0, 33.62%, 15, 0, 2, 144.83, 507105, 769
11779, 22, 55, 279, 151, 0, 33.62%, 15, 0, 2, 144.52, 507850, 769
11784, 22, 72, 279, 150, 0, 33.62%, 15, 0, 2, 144.00, 508598, 769
11789, 22, 26, 279, 150, 0, 33.62%, 15, 0, 2, 143.76, 509342, 769
11795, 22, 72, 279, 149, 0, 33.62%, 15, 0, 2, 142.69, 510082, 769
11800, 22, 72, 279, 149, 0, 33.62%, 15, 0, 2, 143.72, 510828, 769
11805, 22, 72, 279, 149, 0, 33.62%, 15, 0, 2, 143.88, 511572, 769
11810, 22, 72, 279, 149, 0, 33.62%, 15, 0, 2, 144.14, 512316, 769
11815, 22, 72, 279, 149, 0, 33.62%, 15, 0, 2, 142.39, 513056, 769
11820, 22, 72, 279, 149, 0, 33.62%, 15, 0, 2, 119.19, 513634, 769
11821, 22, 72, 279, 149, 0, 33.62%, 15, 0, 2, 117.16, 513664, 769
11882, 23, 143, 279, 252, 0, 33.58%, 16, 0, 2, 145.40, 12095, 768
11887, 23, 50, 279, 252, 0, 33.58%, 18, 0, 2, 146.18, 12845, 768
11892, 23, 143, 279, 251, 0, 33.58%, 18, 0, 2, 146.47, 13596, 768
11897, 23, 245, 279, 251, 0, 33.58%, 18, 0, 2, 144.66, 14342, 768
11902, 23, 143, 279, 250, 0, 33.58%, 18, 0, 2, 145.43, 15085, 768
11908, 23, 143, 279, 250, 0, 33.58%, 18, 0, 2, 145.08, 15831, 768
11913, 23, 195, 279, 250, 0, 33.58%, 18, 0, 2, 145.11, 16581, 768
11918, 23, 143, 279, 249, 0, 33.58%, 18, 0, 2, 145.82, 17328, 768
11923, 23, 143, 279, 249, 0, 33.58%, 18, 0, 2, 146.70, 18078, 768
11928, 23, 143, 279, 249, 0, 33.58%, 18, 0, 2, 146.94, 18828, 768
11933, 23, 143, 279, 249, 0, 33.58%, 18, 0, 2, 146.97, 19578, 768
11938, 23, 143, 279, 249, 0, 33.58%, 18, 0, 2, 147.17, 20328, 768
11943, 23, 143, 279, 248, 0, 33.58%, 18, 0, 2, 146.70, 21078, 768
11949, 23, 143, 279, 248, 0, 33.58%, 18, 0, 2, 146.37, 21827, 768
11954, 23, 143, 279, 248, 0, 33.58%, 18, 0, 2, 132.87, 22528, 768
11959, 23, 143, 279, 248, 0, 33.58%, 19, 0, 2, 143.37, 23274, 768
11964, 23, 143, 279, 248, 0, 33.58%, 19, 0, 2, 145.83, 24024, 768
11969, 23, 143, 279, 248, 0, 33.58%, 19, 0, 2, 146.95, 24774, 768
11974, 23, 143, 279, 248, 0, 33.58%, 19, 0, 2, 146.75, 25522, 768
11979, 23, 143, 279, 248, 0, 33.58%, 19, 0, 2, 145.34, 26268, 768
11984, 23, 143, 279, 248, 0, 33.58%, 19, 0, 2, 144.34, 27006, 768
11990, 23, 143, 279, 248, 0, 33.58%, 19, 0, 2, 145.60, 27756, 768
11995, 23, 265, 279, 248, 0, 33.58%, 19, 0, 2, 146.32, 28506, 768
12000, 23, 143, 279, 248, 0, 33.58%, 19, 0, 2, 145.68, 29254, 768
12005, 23, 143, 279, 248, 0, 33.58%, 19, 0, 2, 145.31, 30000, 768
12010, 23, 143, 279, 248, 0, 33.58%, 19, 0, 2, 146.25, 30750, 768
12015, 23, 143, 279, 248, 0, 33.58%, 19, 0, 2, 146.72, 31500, 768
12020, 23, 265, 279, 248, 0, 33.58%, 19, 0, 2, 144.52, 32244, 768
12026, 23, 143, 279, 248, 0, 33.58%, 19, 0, 2, 141.80, 32954, 768
12031, 23, 238, 279, 248, 0, 33.58%, 19, 0, 2, 145.59, 33704, 768
12036, 23, 143, 279, 247, 0, 33.58%, 19, 0, 2, 146.23, 34454, 768
12041, 23, 143, 279, 247, 0, 33.58%, 19, 0, 2, 145.02, 35198, 768
12046, 23, 143, 279, 247, 0, 33.58%, 19, 0, 2, 143.84, 35940, 768
12051, 23, 143, 279, 247, 0, 33.58%, 19, 0, 2, 145.91, 36686, 768
12056, 23, 56, 279, 247, 0, 33.58%, 19, 0, 2, 143.83, 37428, 768
12061, 23, 257, 279, 246, 0, 33.58%, 19, 0, 2, 144.34, 38178, 768
12067, 23, 257, 279, 246, 0, 33.58%, 19, 0, 2, 144.21, 38924, 768
12072, 23, 257, 279, 246, 0, 33.58%, 19, 0, 2, 143.39, 39668, 768
12077, 23, 143, 279, 245, 0, 33.58%, 19, 0, 2, 145.42, 40418, 768
12082, 23, 143, 279, 245, 0, 33.58%, 19, 0, 2, 145.56, 41166, 768
12087, 23, 143, 279, 245, 0, 33.58%, 19, 0, 2, 145.83, 41912, 768
12092, 23, 143, 279, 245, 0, 33.58%, 19, 0, 2, 146.05, 42660, 768
12097, 23, 143, 279, 245, 0, 33.58%, 19, 0, 2, 146.44, 43410, 768
12103, 23, 143, 279, 245, 0, 33.58%, 19, 0, 2, 146.36, 44158, 768
12108, 23, 143, 279, 245, 0, 33.58%, 19, 0, 2, 146.28, 44908, 768
12113, 23, 143, 279, 245, 0, 33.58%, 19, 0, 2, 142.28, 45630, 768
12118, 23, 143, 279, 245, 0, 33.58%, 19, 0, 2, 145.83, 46380, 768
12123, 23, 143, 279, 245, 0, 33.58%, 19, 0, 2, 146.74, 47130, 768
12128, 23, 143, 279, 245, 0, 33.58%, 19, 0, 2, 146.49, 47880, 768
12133, 23, 143, 279, 245, 0, 33.58%, 19, 0, 2, 146.85, 48630, 768
12138, 23, 143, 279, 245, 0, 33.58%, 19, 0, 2, 145.70, 49376, 768
12144, 23, 143, 279, 245, 0, 33.58%, 19, 0, 2, 136.93, 50094, 768
12149, 23, 143, 279, 245, 0, 33.58%, 19, 0, 2, 116.93, 50666, 768
12154, 23, 143, 279, 245, 0, 33.58%, 19, 0, 2, 112.71, 51234, 768
12159, 23, 143, 279, 245, 0, 33.58%, 19, 0, 2, 124.77, 51848, 768
12164, 23, 143, 279, 245, 0, 33.58%, 19, 0, 2, 141.89, 52598, 768
12169, 23, 143, 279, 245, 0, 33.58%, 19, 0, 2, 145.50, 53348, 768
12174, 23, 143, 279, 245, 0, 33.58%, 19, 0, 2, 145.92, 54098, 768
12179, 23, 143, 279, 245, 0, 33.58%, 19, 0, 2, 146.41, 54848, 768
12185, 23, 143, 279, 245, 0, 33.58%, 19, 0, 2, 146.69, 55596, 768
12190, 23, 208, 279, 245, 0, 33.58%, 19, 0, 2, 145.69, 56342, 768
12195, 23, 143, 279, 244, 0, 33.58%, 19, 0, 2, 146.11, 57092, 768
12200, 23, 143, 279, 244, 0, 33.58%, 19, 0, 2, 146.35, 57842, 768
12205, 23, 143, 279, 244, 0, 33.58%, 19, 0, 2, 145.04, 58582, 768
12210, 23, 143, 279, 244, 0, 33.58%, 19, 0, 2, 146.05, 59332, 768
12215, 23, 143, 279, 244, 0, 33.58%, 19, 0, 2, 146.72, 60082, 768
12220, 23, 143, 279, 244, 0, 33.58%, 19, 0, 2, 146.72, 60830, 768
12225, 23, 143, 279, 244, 0, 33.58%, 19, 0, 2, 145.48, 61580, 768
12231, 23, 256, 279, 244, 0, 33.58%, 19, 0, 2, 129.74, 62260, 768
12236, 23, 256, 279, 244, 0, 33.58%, 19, 0, 2, 114.17, 62828, 768
12241, 23, 256, 279, 244, 0, 33.58%, 19, 0, 2, 131.55, 63480, 768
12246, 23, 256, 279, 244, 0, 33.58%, 19, 0, 2, 142.85, 64231, 768
12251, 23, 143, 279, 243, 0, 33.58%, 20, 0, 2, 145.76, 64981, 768
12256, 23, 143, 279, 243, 0, 33.58%, 20, 0, 2, 146.56, 65731, 768
12261, 23, 143, 279, 243, 0, 33.58%, 20, 0, 2, 146.85, 66481, 768
12266, 23, 275, 279, 243, 0, 33.58%, 20, 0, 2, 142.86, 67219, 768
12272, 23, 275, 279, 243, 0, 33.58%, 20, 0, 2, 140.78, 67947, 768
12277, 23, 143, 279, 242, 0, 33.58%, 20, 0, 2, 144.26, 68694, 768
12282, 23, 22, 279, 242, 0, 33.58%, 20, 0, 2, 144.36, 69438, 768
12287, 23, 143, 279, 242, 0, 33.58%, 20, 0, 2, 145.13, 70186, 768
12292, 23, 86, 279, 242, 0, 33.58%, 20, 0, 2, 145.46, 70934, 768
12297, 23, 86, 279, 242, 0, 33.58%, 20, 0, 2, 119.79, 71522, 768
12302, 23, 143, 279, 241, 0, 33.58%, 20, 0, 2, 112.06, 72076, 768
12308, 23, 143, 279, 241, 0, 33.58%, 20, 0, 2, 111.94, 72652, 768
12313, 23, 143, 279, 241, 0, 33.58%, 20, 0, 2, 111.67, 73224, 768
12318, 23, 240, 279, 241, 0, 33.58%, 20, 0, 2, 129.69, 73866, 768
12323, 23, 143, 279, 241, 0, 33.58%, 20, 0, 2, 143.03, 74616, 768
12328, 23, 143, 279, 241, 0, 33.58%, 20, 0, 2, 145.91, 75366, 768
12333, 23, 22, 279, 241, 0, 33.58%, 20, 0, 2, 146.30, 76116, 768
12338, 23, 143, 279, 241, 0, 33.58%, 20, 0, 2, 146.04, 76866, 768
12343, 23, 139, 279, 241, 0, 33.58%, 20, 0, 2, 146.89, 77616, 768
12348, 23, 76, 279, 240, 0, 33.58%, 20, 0, 2, 146.55, 78366, 768
12354, 23, 143, 279, 239, 0, 33.58%, 20, 0, 2, 146.28, 79116, 768
12359, 23, 143, 279, 239, 0, 33.58%, 20, 0, 2, 146.76, 79866, 768
12364, 23, 143, 279, 239, 0, 33.58%, 20, 0, 2, 145.40, 80610, 768
12369, 23, 143, 279, 239, 0, 33.58%, 20, 0, 2, 145.32, 81358, 768
12374, 23, 143, 279, 239, 0, 33.58%, 20, 0, 2, 145.79, 82108, 768
12379, 23, 168, 279, 239, 0, 33.58%, 20, 0, 2, 146.71, 82858, 768
12384, 23, 65, 279, 238, 0, 33.58%, 20, 0, 2, 146.52, 83608, 768
12389, 23, 143, 279, 238, 0, 33.58%, 20, 0, 2, 146.71, 84358, 768
12395, 23, 143, 279, 238, 0, 33.58%, 20, 0, 2, 132.24, 85056, 768
12400, 23, 35, 279, 238, 0, 33.58%, 20, 0, 2, 142.81, 85804, 768
12405, 23, 35, 279, 238, 0, 33.58%, 20, 0, 2, 144.92, 86554, 768
12410, 23, 143, 279, 237, 0, 33.58%, 20, 0, 2, 146.36, 87305, 768
12415, 23, 22, 279, 237, 0, 33.58%, 20, 0, 2, 146.52, 88054, 768
12420, 23, 143, 279, 237, 0, 33.58%, 20, 0, 2, 146.62, 88805, 768
12425, 23, 143, 279, 237, 0, 33.58%, 20, 0, 2, 146.88, 89555, 768
12430, 23, 223, 279, 237, 0, 33.58%, 20, 0, 2, 147.02, 90305, 768
12436, 23, 143, 279, 236, 0, 33.58%, 20, 0, 2, 145.96, 91055, 768
12441, 23, 143, 279, 236, 0, 33.58%, 20, 0, 2, 146.17, 91805, 768
12446, 23, 143, 279, 236, 0, 33.58%, 20, 0, 2, 146.06, 92549, 768
12451, 23, 143, 279, 236, 0, 33.58%, 20, 0, 2, 146.39, 93299, 768
12456, 23, 143, 279, 236, 0, 33.58%, 20, 0, 2, 146.53, 94049, 768
12461, 23, 66, 279, 236, 0, 33.58%, 20, 0, 2, 146.51, 94799, 768
12466, 23, 143, 279, 235, 0, 33.58%, 20, 0, 2, 145.19, 95542, 768
12471, 24, 143, 279, 235, 0, 33.58%, 20, 0, 2, 146.38, 96292, 768
12477, 24, 143, 279, 235, 0, 33.58%, 20, 0, 2, 147.14, 97042, 768
12482, 24, 143, 279, 235, 0, 33.58%, 20, 0, 2, 146.56, 97792, 768
12487, 24, 143, 279, 235, 0, 33.58%, 20, 0, 2, 146.21, 98542, 768
12492, 24, 143, 279, 235, 0, 33.58%, 20, 0, 2, 146.48, 99292, 768
12497, 24, 143, 279, 234, 0, 33.58%, 20, 0, 2, 146.30, 100042, 768
12502, 24, 179, 279, 234, 0, 33.58%, 20, 0, 2, 146.46, 100792, 768
12507, 24, 143, 279, 233, 0, 33.58%, 20, 0, 2, 146.44, 101543, 768
12512, 24, 143, 279, 233, 0, 33.58%, 20, 0, 2, 146.20, 102293, 768
12518, 24, 143, 279, 233, 0, 33.58%, 20, 0, 2, 146.59, 103043, 768
12523, 24, 80, 279, 233, 0, 33.58%, 20, 0, 2, 146.65, 103794, 768
12528, 24, 143, 279, 232, 0, 33.58%, 20, 0, 2, 146.55, 104544, 768
12533, 24, 143, 279, 232, 0, 33.58%, 20, 0, 2, 146.56, 105294, 768
12538, 24, 143, 279, 231, 0, 33.58%, 20, 0, 2, 146.78, 106045, 768
12543, 24, 143, 279, 231, 0, 33.58%, 20, 0, 2, 146.78, 106795, 768
12548, 24, 143, 279, 231, 0, 33.58%, 20, 0, 2, 146.52, 107545, 768
12553, 24, 143, 279, 231, 0, 33.58%, 20, 0, 2, 146.62, 108295, 768
12558, 24, 143, 279, 231, 0, 33.58%, 20, 0, 2, 144.98, 109035, 768
12564, 24, 143, 279, 231, 0, 33.58%, 20, 0, 2, 145.14, 109779, 768
12569, 24, 143, 279, 231, 0, 33.58%, 20, 0, 2, 146.24, 110529, 768
12574, 24, 143, 279, 231, 0, 33.58%, 20, 0, 2, 146.24, 111277, 768
12579, 24, 143, 279, 231, 0, 33.58%, 20, 0, 2, 146.13, 112027, 768
12584, 24, 143, 279, 231, 0, 33.58%, 20, 0, 2, 146.33, 112777, 768
12589, 24, 143, 279, 231, 0, 33.58%, 20, 0, 2, 146.35, 113523, 768
12594, 24, 57, 279, 231, 0, 33.58%, 20, 0, 2, 145.97, 114273, 768
12599, 24, 57, 279, 231, 0, 33.58%, 20, 0, 2, 138.93, 114941, 768
12604, 24, 143, 279, 230, 0, 33.58%, 20, 0, 2, 145.21, 115691, 768
12610, 24, 143, 279, 230, 0, 33.58%, 20, 0, 2, 146.37, 116441, 768
12615, 24, 143, 279, 230, 0, 33.58%, 20, 0, 2, 146.51, 117189, 768
12620, 24, 170, 279, 230, 0, 33.58%, 20, 0, 2, 146.67, 117939, 768
12625, 24, 143, 279, 229, 0, 33.58%, 20, 0, 2, 146.60, 118687, 768
12630, 24, 143, 279, 229, 0, 33.58%, 20, 0, 2, 146.91, 119437, 768
12635, 24, 143, 279, 229, 0, 33.58%, 20, 0, 2, 146.88, 120187, 768
12640, 24, 143, 279, 229, 0, 33.58%, 20, 0, 2, 146.67, 120937, 768
12645, 24, 143, 279, 229, 0, 33.58%, 20, 0, 2, 146.92, 121687, 768
12650, 24, 143, 279, 229, 0, 33.58%, 20, 0, 2, 147.10, 122437, 768
12656, 24, 143, 279, 229, 0, 33.58%, 20, 0, 2, 147.02, 123187, 768
12661, 24, 143, 279, 229, 0, 33.58%, 20, 0, 2, 146.47, 123937, 768
12666, 24, 143, 279, 229, 0, 33.58%, 20, 0, 2, 146.83, 124687, 768
12671, 24, 143, 279, 229, 0, 33.58%, 20, 0, 2, 146.68, 125437, 768
12676, 24, 143, 279, 229, 0, 33.58%, 20, 0, 2, 146.79, 126187, 768
12681, 24, 78, 279, 229, 0, 33.58%, 20, 0, 2, 146.30, 126937, 768
12686, 24, 143, 279, 228, 0, 33.58%, 20, 0, 2, 146.43, 127687, 768
12691, 24, 143, 279, 228, 0, 33.58%, 20, 0, 2, 146.69, 128437, 768
12696, 24, 143, 279, 228, 0, 33.58%, 20, 0, 2, 146.68, 129187, 768
12702, 24, 143, 279, 228, 0, 33.58%, 20, 0, 2, 146.51, 129937, 768
12707, 24, 217, 279, 228, 0, 33.58%, 20, 0, 2, 146.78, 130687, 768
12712, 24, 243, 279, 227, 0, 33.58%, 20, 0, 2, 134.44, 131393, 768
12717, 24, 243, 279, 227, 0, 33.58%, 20, 0, 2, 116.53, 131966, 768
12722, 24, 143, 279, 226, 0, 33.58%, 20, 0, 2, 112.66, 132538, 768
12727, 24, 143, 279, 226, 0, 33.58%, 20, 0, 2, 111.86, 133112, 768
12732, 24, 143, 279, 226, 0, 33.58%, 20, 0, 2, 111.42, 133682, 768
12737, 24, 143, 279, 226, 0, 33.58%, 20, 0, 2, 111.45, 134252, 768
12743, 24, 33, 279, 226, 0, 33.58%, 20, 0, 2, 111.55, 134826, 768
12748, 24, 143, 279, 225, 0, 33.58%, 20, 0, 2, 138.83, 135558, 768
12753, 24, 143, 279, 225, 0, 33.58%, 20, 0, 2, 144.95, 136308, 768
12758, 24, 240, 279, 225, 0, 33.58%, 20, 0, 2, 146.27, 137058, 768
12763, 24, 143, 279, 225, 0, 33.58%, 20, 0, 2, 146.70, 137808, 768
12768, 24, 143, 279, 224, 0, 33.58%, 20, 0, 2, 145.56, 138554, 768
12773, 24, 143, 279, 224, 0, 33.58%, 20, 0, 2, 145.42, 139302, 768
12778, 24, 143, 279, 224, 0, 33.58%, 20, 0, 2, 146.59, 140050, 768
12784, 24, 143, 279, 224, 0, 33.58%, 20, 0, 2, 146.22, 140800, 768
12789, 24, 240, 279, 224, 0, 33.58%, 20, 0, 2, 146.63, 141550, 768
12794, 24, 18, 279, 224, 0, 33.58%, 20, 0, 2, 142.91, 142268, 768
12799, 24, 18, 279, 224, 0, 33.58%, 20, 0, 2, 143.52, 143011, 768
12804, 24, 143, 279, 223, 0, 33.58%, 20, 0, 2, 145.92, 143761, 768
12809, 24, 143, 279, 223, 0, 33.58%, 20, 0, 2, 132.89, 144465, 768
12814, 24, 143, 279, 223, 0, 33.58%, 20, 0, 2, 116.08, 145037, 768
12819, 24, 143, 279, 223, 0, 33.58%, 20, 0, 2, 112.49, 145601, 768
12825, 24, 143, 279, 223, 0, 33.58%, 20, 0, 2, 121.84, 146203, 768
12830, 24, 143, 279, 223, 0, 33.58%, 20, 0, 2, 140.97, 146953, 768
12835, 24, 143, 279, 223, 0, 33.58%, 20, 0, 2, 145.31, 147703, 768
12840, 24, 61, 279, 223, 0, 33.58%, 20, 0, 2, 146.06, 148451, 768
12845, 24, 211, 279, 222, 0, 33.58%, 20, 0, 2, 146.71, 149201, 768
12850, 24, 143, 279, 221, 0, 33.58%, 20, 0, 2, 144.68, 149945, 768
12855, 24, 143, 279, 221, 0, 33.58%, 20, 0, 2, 145.03, 150691, 768
12860, 24, 143, 279, 221, 0, 33.58%, 20, 0, 2, 146.33, 151437, 768
12866, 24, 123, 279, 221, 0, 33.58%, 20, 0, 2, 145.85, 152182, 768
12871, 24, 143, 279, 220, 0, 33.58%, 20, 0, 2, 146.59, 152932, 768
12876, 24, 143, 279, 220, 0, 33.58%, 20, 0, 2, 146.65, 153682, 768
12881, 24, 143, 279, 220, 0, 33.58%, 20, 0, 2, 146.71, 154432, 768
12886, 24, 143, 279, 220, 0, 33.58%, 20, 0, 2, 144.83, 155176, 768
12891, 24, 143, 279, 220, 0, 33.58%, 20, 0, 2, 146.28, 155926, 768
12896, 24, 116, 279, 220, 0, 33.58%, 20, 0, 2, 146.64, 156676, 768
12901, 24, 143, 279, 219, 0, 33.58%, 20, 0, 2, 145.95, 157424, 768
12906, 24, 143, 279, 219, 0, 33.58%, 20, 0, 2, 145.75, 158174, 768
12912, 24, 143, 279, 219, 0, 33.58%, 20, 0, 2, 122.50, 158781, 768
12917, 24, 143, 279, 219, 0, 33.58%, 20, 0, 2, 130.15, 159414, 768
12922, 24, 265, 279, 219, 0, 33.58%, 20, 0, 2, 142.72, 160164, 768
12927, 24, 143, 279, 219, 0, 33.58%, 20, 0, 2, 145.62, 160914, 768
12932, 24, 143, 279, 219, 0, 33.58%, 20, 0, 2, 146.29, 161664, 768
12937, 24, 143, 279, 219, 0, 33.58%, 20, 0, 2, 146.66, 162414, 768
12942, 24, 143, 279, 219, 0, 33.58%, 20, 0, 2, 146.64, 163164, 768
12947, 24, 143, 279, 219, 0, 33.58%, 20, 0, 2, 146.45, 163914, 768
12952, 24, 143, 279, 219, 0, 33.58%, 20, 0, 2, 146.89, 164664, 768
12958, 24, 143, 279, 219, 0, 33.58%, 20, 0, 2, 146.55, 165414, 768
12963, 24, 143, 279, 219, 0, 33.58%, 20, 0, 2, 144.77, 166162, 768
12968, 24, 143, 279, 219, 0, 33.58%, 20, 0, 2, 145.95, 166912, 768
12973, 24, 143, 279, 219, 0, 33.58%, 20, 0, 2, 145.88, 167660, 768
12978, 24, 143, 279, 218, 0, 33.58%, 20, 0, 2, 145.90, 168409, 768
12983, 24, 143, 279, 218, 0, 33.58%, 20, 0, 2, 145.61, 169157, 768
12988, 24, 143, 279, 218, 0, 33.58%, 20, 0, 2, 145.24, 169903, 768
12993, 24, 143, 279, 218, 0, 33.58%, 20, 0, 2, 119.20, 170479, 768
12999, 24, 58, 279, 218, 0, 33.58%, 20, 0, 2, 112.91, 171049, 768
13004, 24, 58, 279, 218, 0, 33.58%, 20, 0, 2, 112.07, 171623, 768
13009, 24, 143, 279, 217, 0, 33.58%, 20, 0, 2, 111.56, 172197, 768
13014, 24, 105, 279, 217, 0, 33.58%, 20, 0, 2, 111.41, 172767, 768
13019, 24, 143, 279, 216, 0, 33.58%, 20, 0, 2, 132.95, 173454, 768
13024, 24, 143, 279, 216, 0, 33.58%, 20, 0, 2, 142.99, 174202, 768
13029, 24, 55, 279, 216, 0, 33.58%, 20, 0, 2, 145.79, 174953, 768
13035, 24, 63, 279, 215, 0, 33.58%, 20, 0, 2, 146.13, 175703, 768
13040, 24, 143, 279, 214, 0, 33.58%, 20, 0, 2, 145.38, 176452, 768
13045, 24, 143, 279, 214, 0, 33.58%, 20, 0, 2, 144.26, 177190, 768
13050, 24, 143, 279, 214, 0, 33.58%, 20, 0, 2, 122.83, 177802, 768
13055, 24, 143, 279, 214, 0, 33.58%, 20, 0, 2, 113.82, 178372, 768
13060, 24, 36, 279, 214, 0, 33.58%, 20, 0, 2, 111.08, 178926, 768
13065, 24, 36, 279, 214, 0, 33.58%, 20, 0, 2, 110.30, 179496, 768
13070, 24, 143, 279, 213, 0, 33.58%, 20, 0, 2, 112.17, 180067, 768
13075, 24, 143, 279, 213, 0, 33.58%, 20, 0, 2, 139.59, 180817, 768
13081, 24, 143, 279, 213, 0, 33.58%, 20, 0, 2, 145.02, 181567, 768
13086, 24, 143, 279, 213, 0, 33.58%, 20, 0, 2, 146.15, 182317, 768
13091, 24, 143, 279, 212, 0, 33.58%, 20, 0, 2, 144.30, 183061, 768
13096, 24, 143, 279, 212, 0, 33.58%, 20, 0, 2, 144.16, 183801, 768
13101, 24, 143, 279, 212, 0, 33.58%, 20, 0, 2, 144.99, 184545, 768
13106, 25, 143, 279, 212, 0, 33.58%, 20, 0, 2, 144.80, 185291, 768
13111, 25, 143, 279, 212, 0, 33.58%, 20, 0, 2, 134.41, 185999, 768
13116, 25, 143, 279, 212, 0, 33.58%, 20, 0, 2, 116.51, 186569, 768
13122, 25, 143, 279, 212, 0, 33.58%, 20, 0, 2, 112.55, 187137, 768
13127, 25, 143, 279, 212, 0, 33.58%, 20, 0, 2, 111.56, 187711, 768
13132, 25, 240, 279, 212, 0, 33.58%, 20, 0, 2, 111.75, 188287, 768
13137, 25, 143, 279, 212, 0, 33.58%, 20, 0, 2, 111.50, 188857, 768
13142, 25, 212, 279, 212, 0, 33.58%, 20, 0, 2, 130.06, 189501, 768
13147, 25, 143, 279, 211, 0, 33.58%, 20, 0, 2, 141.27, 190247, 768
13152, 25, 143, 279, 211, 0, 33.58%, 20, 0, 2, 145.44, 190997, 768
13157, 25, 143, 279, 211, 0, 33.58%, 20, 0, 2, 145.89, 191747, 768
13163, 25, 143, 279, 211, 0, 33.58%, 20, 0, 2, 146.57, 192497, 768
13168, 25, 143, 279, 211, 0, 33.58%, 20, 0, 2, 146.18, 193241, 768
13173, 25, 143, 279, 211, 0, 33.58%, 20, 0, 2, 146.52, 193991, 768
13178, 25, 143, 279, 211, 0, 33.58%, 20, 0, 2, 146.57, 194741, 768
13183, 25, 143, 279, 211, 0, 33.58%, 20, 0, 2, 147.07, 195491, 768
13188, 25, 143, 279, 211, 0, 33.58%, 20, 0, 2, 146.08, 196235, 768
13193, 25, 65, 279, 211, 0, 33.58%, 20, 0, 2, 145.28, 196981, 768
13198, 25, 143, 279, 211, 0, 33.58%, 20, 0, 2, 145.55, 197727, 768
13204, 25, 143, 279, 211, 0, 33.58%, 20, 0, 2, 145.80, 198475, 768
13209, 25, 143, 279, 211, 0, 33.58%, 20, 0, 2, 145.83, 199225, 768
13214, 25, 260, 279, 211, 0, 33.58%, 20, 0, 2, 146.25, 199976, 768
13219, 25, 143, 279, 210, 0, 33.58%, 20, 0, 2, 130.29, 200636, 768
13224, 25, 102, 279, 210, 0, 33.58%, 20, 0, 2, 141.00, 201362, 768
13229, 25, 143, 279, 209, 0, 33.58%, 20, 0, 2, 145.86, 202112, 768
13234, 25, 143, 279, 209, 0, 33.58%, 20, 0, 2, 146.24, 202862, 768
13239, 25, 143, 279, 209, 0, 33.58%, 20, 0, 2, 146.60, 203612, 768
13244, 25, 143, 279, 209, 0, 33.58%, 20, 0, 2, 146.93, 204362, 768
13249, 25, 143, 279, 209, 0, 33.58%, 20, 0, 2, 147.03, 205112, 768
13255, 25, 143, 279, 209, 0, 33.58%, 20, 0, 2, 146.80, 205862, 768
13260, 25, 143, 279, 209, 0, 33.58%, 20, 0, 2, 146.79, 206612, 768
13265, 25, 143, 279, 208, 0, 33.58%, 20, 0, 2, 146.02, 207363, 768
13270, 25, 143, 279, 208, 0, 33.58%, 20, 0, 2, 146.25, 208113, 768
13275, 25, 71, 279, 208, 0, 33.58%, 20, 0, 2, 146.73, 208863, 768
13280, 25, 143, 279, 207, 0, 33.58%, 20, 0, 2, 146.33, 209613, 768
13285, 25, 143, 279, 207, 0, 33.58%, 20, 0, 2, 146.73, 210363, 768
13290, 25, 143, 279, 207, 0, 33.58%, 20, 0, 2, 145.82, 211113, 768
13296, 25, 143, 279, 207, 0, 33.58%, 20, 0, 2, 146.20, 211863, 768
13301, 25, 143, 279, 207, 0, 33.58%, 20, 0, 2, 144.68, 212607, 768
13306, 25, 143, 279, 207, 0, 33.58%, 21, 0, 2, 118.28, 213175, 768
13311, 25, 124, 279, 207, 0, 33.58%, 21, 0, 2, 140.67, 213925, 768
13316, 25, 143, 279, 206, 0, 33.58%, 21, 0, 2, 144.92, 214675, 768
13321, 25, 143, 279, 206, 0, 33.58%, 21, 0, 2, 146.13, 215425, 768
13326, 25, 143, 279, 206, 0, 33.58%, 21, 0, 2, 129.85, 216111, 768
13332, 25, 143, 279, 206, 0, 33.58%, 21, 0, 2, 115.56, 216683, 768
13337, 25, 143, 279, 206, 0, 33.58%, 21, 0, 2, 129.51, 217319, 768
13342, 25, 143, 279, 206, 0, 33.58%, 21, 0, 2, 143.17, 218069, 768
13347, 25, 133, 279, 205, 0, 33.58%, 21, 0, 2, 146.05, 218819, 768
13352, 25, 143, 279, 204, 0, 33.58%, 21, 0, 2, 145.94, 219567, 768
13357, 25, 143, 279, 204, 0, 33.58%, 21, 0, 2, 146.40, 220317, 768
13362, 25, 40, 279, 204, 0, 33.58%, 21, 0, 2, 146.21, 221067, 768
13367, 25, 40, 279, 204, 0, 33.58%, 21, 0, 2, 144.81, 221813, 768
13372, 25, 29, 279, 203, 0, 33.58%, 21, 0, 2, 144.05, 222555, 768
13378, 25, 29, 279, 203, 0, 33.58%, 21, 0, 2, 143.16, 223295, 768
13383, 25, 143, 279, 202, 0, 33.58%, 21, 0, 2, 144.97, 224042, 768
13388, 25, 143, 279, 202, 0, 33.58%, 21, 0, 2, 146.09, 224792, 768
13393, 25, 143, 279, 202, 0, 33.58%, 21, 0, 2, 145.69, 225536, 768
13398, 25, 143, 279, 202, 0, 33.58%, 21, 0, 2, 145.14, 226282, 768
13403, 25, 143, 279, 202, 0, 33.58%, 21, 0, 2, 146.06, 227030, 768
13408, 25, 143, 279, 202, 0, 33.58%, 21, 0, 2, 146.48, 227778, 768
13414, 25, 143, 279, 202, 0, 33.58%, 21, 0, 2, 146.19, 228528, 768
13419, 25, 199, 279, 202, 0, 33.58%, 21, 0, 2, 146.26, 229278, 768
13424, 25, 143, 279, 201, 0, 33.58%, 21, 0, 2, 147.09, 230028, 768
13429, 25, 143, 279, 201, 0, 33.58%, 21, 0, 2, 146.38, 230778, 768
13434, 25, 143, 279, 201, 0, 33.58%, 21, 0, 2, 146.56, 231528, 768
13439, 25, 143, 279, 201, 0, 33.58%, 21, 0, 2, 146.35, 232278, 768
13444, 25, 143, 279, 201, 0, 33.58%, 21, 0, 2, 146.50, 233028, 768
13449, 25, 143, 279, 201, 0, 33.58%, 21, 0, 2, 146.50, 233778, 768
13455, 25, 143, 279, 200, 0, 33.58%, 21, 0, 2, 146.25, 234528, 768
13460, 25, 143, 279, 200, 0, 33.58%, 21, 0, 2, 146.19, 235276, 768
13465, 25, 143, 279, 200, 0, 33.58%, 21, 0, 2, 145.41, 236020, 768
13470, 25, 143, 279, 200, 0, 33.58%, 21, 0, 2, 145.97, 236768, 768
13475, 25, 265, 279, 200, 0, 33.58%, 21, 0, 2, 146.16, 237518, 768
13480, 25, 143, 279, 200, 0, 33.58%, 21, 0, 2, 147.08, 238268, 768
13485, 25, 143, 279, 200, 0, 33.58%, 21, 0, 2, 147.02, 239018, 768
13490, 25, 143, 279, 200, 0, 33.58%, 21, 0, 2, 146.53, 239768, 768
13495, 25, 31, 279, 200, 0, 33.58%, 21, 0, 2, 146.74, 240518, 768
13501, 25, 31, 279, 200, 0, 33.58%, 21, 0, 2, 146.61, 241268, 768
13506, 25, 65, 279, 199, 0, 33.58%, 21, 0, 2, 146.82, 242018, 768
13511, 25, 110, 279, 199, 0, 33.58%, 21, 0, 2, 146.85, 242768, 768
13516, 25, 240, 279, 197, 0, 33.58%, 21, 0, 2, 146.88, 243518, 768
13521, 25, 143, 279, 197, 0, 33.58%, 21, 0, 2, 146.47, 244268, 768
13526, 25, 143, 279, 197, 0, 33.58%, 21, 0, 2, 139.68, 244997, 768
13531, 25, 143, 279, 197, 0, 33.58%, 21, 0, 2, 117.50, 245562, 768
13536, 25, 143, 279, 197, 0, 33.58%, 21, 0, 2, 112.71, 246134, 768
13541, 25, 143, 279, 197, 0, 33.58%, 21, 0, 2, 111.89, 246704, 768
13546, 25, 143, 279, 197, 0, 33.58%, 21, 0, 2, 127.47, 247334, 768
13552, 25, 278, 279, 197, 0, 33.58%, 21, 0, 2, 141.51, 248082, 768
13557, 25, 278, 279, 197, 0, 33.58%, 21, 0, 2, 142.49, 248800, 768
13562, 25, 278, 279, 197, 0, 33.58%, 21, 0, 2, 143.05, 249520, 768
13567, 25, 143, 280, 197, 0, 33.62%, 21, 0, 2, 145.47, 250269, 769
13572, 25, 279, 280, 196, 0, 33.62%, 21, 0, 2, 146.17, 251019, 769
13577, 25, 253, 280, 196, 0, 33.62%, 21, 0, 2, 145.75, 251767, 769
13582, 25, 279, 280, 195, 0, 33.62%, 21, 0, 2, 146.47, 252518, 769
13587, 25, 279, 280, 195, 0, 33.62%, 21, 0, 2, 146.23, 253268, 769
13592, 25, 279, 280, 195, 0, 33.62%, 21, 0, 2, 144.84, 254014, 769
13598, 25, 279, 280, 195, 0, 33.62%, 21, 0, 2, 145.96, 254764, 769
13603, 25, 279, 280, 195, 0, 33.62%, 21, 0, 2, 146.27, 255514, 769
13608, 25, 279, 280, 195, 0, 33.62%, 21, 0, 2, 146.45, 256264, 769
13613, 25, 279, 280, 195, 0, 33.62%, 21, 0, 2, 145.93, 257014, 769
13618, 25, 279, 280, 195, 0, 33.62%, 21, 0, 2, 146.50, 257764, 769
13623, 25, 279, 280, 195, 0, 33.62%, 21, 0, 2, 146.62, 258514, 769
13628, 25, 279, 280, 195, 0, 33.62%, 21, 0, 2, 146.42, 259264, 769
13633, 25, 279, 280, 195, 0, 33.62%, 21, 0, 2, 146.94, 260014, 769
13639, 25, 279, 280, 195, 0, 33.62%, 21, 0, 2, 146.88, 260764, 769
13644, 25, 279, 280, 195, 0, 33.62%, 21, 0, 2, 146.59, 261514, 769
13649, 25, 279, 280, 195, 0, 33.62%, 21, 0, 2, 146.91, 262264, 769
13654, 25, 279, 280, 195, 0, 33.62%, 21, 0, 2, 146.22, 263006, 769
13659, 25, 279, 280, 195, 0, 33.62%, 21, 0, 2, 146.92, 263756, 769
13664, 25, 279, 280, 195, 0, 33.62%, 21, 0, 2, 146.80, 264506, 769
13669, 25, 279, 280, 195, 0, 33.62%, 21, 0, 2, 146.76, 265256, 769
13674, 25, 279, 280, 195, 0, 33.62%, 21, 0, 2, 146.54, 266006, 769
13679, 25, 279, 280, 195, 0, 33.62%, 21, 0, 2, 146.40, 266756, 769
13685, 25, 279, 280, 195, 0, 33.62%, 21, 0, 2, 146.92, 267506, 769
13690, 25, 279, 280, 195, 0, 33.62%, 21, 0, 2, 146.98, 268256, 769
13695, 25, 279, 280, 195, 0, 33.62%, 21, 0, 2, 146.99, 269006, 769
13700, 25, 279, 280, 195, 0, 33.62%, 21, 0, 2, 146.37, 269756, 769
13705, 25, 279, 280, 195, 0, 33.62%, 21, 0, 2, 146.44, 270506, 769
13710, 25, 279, 280, 195, 0, 33.62%, 21, 0, 2, 146.26, 271256, 769
13715, 25, 279, 280, 195, 0, 33.62%, 21, 0, 2, 146.89, 272006, 769
13720, 25, 279, 280, 195, 0, 33.62%, 21, 0, 2, 147.57, 272756, 769
13725, 25, 279, 280, 195, 0, 33.62%, 21, 0, 2, 146.12, 273506, 769
13731, 25, 279, 280, 195, 0, 33.62%, 21, 0, 2, 146.61, 274256, 769
13736, 25, 279, 280, 195, 0, 33.62%, 21, 0, 2, 144.50, 274990, 769
13741, 25, 279, 280, 195, 0, 33.62%, 21, 0, 2, 145.31, 275740, 769
13746, 25, 279, 280, 195, 0, 33.62%, 21, 0, 2, 144.32, 276482, 769
13751, 25, 279, 280, 195, 0, 33.62%, 21, 0, 2, 145.95, 277230, 769
13756, 25, 279, 280, 195, 0, 33.62%, 21, 0, 2, 146.38, 277980, 769
13761, 25, 279, 280, 195, 0, 33.62%, 21, 0, 2, 146.88, 278730, 769
13766, 25, 144, 280, 195, 0, 33.62%, 21, 0, 2, 146.59, 279480, 769
13772, 25, 279, 280, 194, 0, 33.62%, 21, 0, 2, 146.45, 280231, 769
13777, 25, 279, 280, 194, 0, 33.62%, 21, 0, 2, 145.70, 280973, 769
13782, 25, 279, 280, 194, 0, 33.62%, 21, 0, 2, 144.93, 281719, 769
13787, 25, 153, 280, 194, 0, 33.62%, 21, 0, 2, 145.64, 282469, 769
13792, 25, 279, 280, 193, 0, 33.62%, 21, 0, 2, 143.25, 283207, 769
13797, 25, 279, 280, 193, 0, 33.62%, 21, 0, 2, 130.89, 283823, 769
13802, 25, 279, 280, 193, 0, 33.62%, 21, 0, 2, 143.38, 284573, 769
13807, 25, 279, 280, 193, 0, 33.62%, 21, 0, 2, 146.06, 285323, 769
13813, 25, 279, 280, 193, 0, 33.62%, 21, 0, 2, 146.68, 286073, 769
13818, 25, 279, 280, 193, 0, 33.62%, 21, 0, 2, 146.66, 286823, 769
13823, 25, 279, 280, 193, 0, 33.62%, 21, 0, 2, 146.72, 287573, 769
13828, 25, 279, 280, 193, 0, 33.62%, 21, 0, 2, 145.70, 288319, 769
13833, 25, 279, 280, 193, 0, 33.62%, 21, 0, 2, 146.40, 289067, 769
13838, 25, 279, 280, 193, 0, 33.62%, 21, 0, 2, 134.49, 289777, 769
13843, 25, 279, 280, 193, 0, 33.62%, 21, 0, 2, 116.36, 290347, 769
13848, 25, 279, 280, 193, 0, 33.62%, 21, 0, 2, 122.42, 290943, 769
13853, 25, 279, 280, 193, 0, 33.62%, 21, 0, 2, 141.86, 291693, 769
13859, 25, 22, 280, 193, 0, 33.62%, 21, 0, 2, 145.54, 292443, 769
13864, 25, 279, 280, 193, 0, 33.62%, 21, 0, 2, 146.38, 293193, 769
13869, 25, 279, 280, 193, 0, 33.62%, 21, 0, 2, 146.47, 293943, 769
13874, 25, 279, 280, 193, 0, 33.62%, 21, 0, 2, 146.29, 294693, 769
13879, 25, 279, 280, 193, 0, 33.62%, 21, 0, 2, 146.65, 295443, 769
13884, 25, 279, 280, 193, 0, 33.62%, 21, 0, 2, 146.65, 296193, 769
13889, 25, 279, 280, 193, 0, 33.62%, 21, 0, 2, 147.04, 296943, 769
13894, 25, 279, 280, 193, 0, 33.62%, 21, 0, 2, 146.77, 297693, 769
13899, 25, 279, 280, 193, 0, 33.62%, 21, 0, 2, 146.68, 298443, 769
13905, 25, 279, 280, 193, 0, 33.62%, 21, 0, 2, 146.76, 299193, 769
13910, 25, 279, 280, 193, 0, 33.62%, 21, 0, 2, 146.79, 299943, 769
13915, 25, 279, 280, 193, 0, 33.62%, 21, 0, 2, 146.70, 300693, 769
13920, 25, 279, 280, 193, 0, 33.62%, 21, 0, 2, 146.55, 301443, 769
13925, 25, 279, 280, 193, 0, 33.62%, 21, 0, 2, 146.20, 302193, 769
13930, 25, 279, 280, 193, 0, 33.62%, 21, 0, 2, 146.42, 302941, 769
13935, 25, 279, 280, 193, 0, 33.62%, 21, 0, 2, 145.13, 303689, 769
13940, 25, 279, 280, 193, 0, 33.62%, 21, 0, 2, 146.26, 304439, 769
13946, 25, 279, 280, 193, 0, 33.62%, 21, 0, 2, 145.49, 305183, 769
13951, 25, 279, 280, 193, 0, 33.62%, 21, 0, 2, 146.12, 305933, 769
13956, 25, 279, 280, 193, 0, 33.62%, 21, 0, 2, 146.09, 306683, 769
13961, 25, 279, 280, 193, 0, 33.62%, 21, 0, 2, 146.59, 307433, 769
13966, 25, 279, 280, 193, 0, 33.62%, 21, 0, 2, 145.02, 308177, 769
13971, 25, 279, 280, 193, 0, 33.62%, 21, 0, 2, 146.06, 308927, 769
13976, 25, 279, 280, 193, 0, 33.62%, 21, 0, 2, 146.47, 309677, 769
13981, 25, 279, 280, 193, 0, 33.62%, 21, 0, 2, 146.30, 310427, 769
13987, 25, 279, 280, 193, 0, 33.62%, 21, 0, 2, 146.43, 311177, 769
13992, 25, 279, 280, 193, 0, 33.62%, 21, 0, 2, 146.31, 311927, 769
13997, 25, 279, 280, 193, 0, 33.62%, 21, 0, 2, 146.53, 312677, 769
14002, 25, 279, 280, 193, 0, 33.62%, 21, 0, 2, 146.48, 313427, 769
14007, 25, 279, 280, 193, 0, 33.62%, 21, 0, 2, 145.25, 314165, 769
14012, 25, 279, 280, 193, 0, 33.62%, 21, 0, 2, 146.04, 314915, 769
14017, 25, 279, 280, 193, 0, 33.62%, 21, 0, 2, 146.45, 315663, 769
14022, 25, 279, 280, 193, 0, 33.62%, 21, 0, 2, 146.62, 316413, 769
14028, 25, 228, 280, 193, 0, 33.62%, 21, 0, 2, 144.37, 317151, 769
14033, 25, 279, 280, 193, 0, 33.62%, 21, 0, 2, 145.79, 317901, 769
14038, 25, 279, 280, 193, 0, 33.62%, 21, 0, 2, 145.61, 318651, 769
14043, 25, 279, 280, 193, 0, 33.62%, 21, 0, 2, 145.74, 319401, 769
14048, 25, 279, 280, 193, 0, 33.62%, 21, 0, 2, 146.44, 320151, 769
14053, 25, 279, 280, 193, 0, 33.62%, 21, 0, 2, 146.72, 320901, 769
14058, 25, 279, 280, 193, 0, 33.62%, 21, 0, 2, 146.28, 321651, 769
14063, 25, 279, 280, 193, 0, 33.62%, 21, 0, 2, 146.30, 322401, 769
14069, 25, 279, 280, 193, 0, 33.62%, 21, 0, 2, 146.57, 323151, 769
14074, 25, 279, 280, 193, 0, 33.62%, 21, 0, 2, 146.54, 323901, 769
14079, 25, 200, 280, 193, 0, 33.62%, 21, 0, 2, 125.48, 324515, 769
14084, 25, 279, 280, 192, 0, 33.62%, 21, 0, 2, 142.92, 325265, 769
14089, 25, 279, 280, 192, 0, 33.62%, 21, 0, 2, 145.96, 326015, 769
14094, 25, 279, 280, 192, 0, 33.62%, 21, 0, 2, 145.91, 326765, 769
14099, 25, 279, 280, 192, 0, 33.62%, 21, 0, 2, 146.85, 327517, 769
14104, 25, 279, 280, 192, 0, 33.62%, 21, 0, 2, 146.92, 328265, 769
14109, 25, 279, 280, 192, 0, 33.62%, 21, 0, 2, 146.65, 329015, 769
14115, 25, 279, 280, 192, 0, 33.62%, 21, 0, 2, 145.24, 329763, 769
14120, 25, 279, 280, 192, 0, 33.62%, 21, 0, 2, 146.41, 330513, 769
14125, 25, 279, 280, 192, 0, 33.62%, 21, 0, 2, 147.06, 331263, 769
14130, 25, 265, 280, 192, 0, 33.62%, 21, 0, 2, 146.83, 332013, 769
14135, 25, 279, 280, 192, 0, 33.62%, 21, 0, 2, 146.61, 332763, 769
14140, 25, 279, 280, 192, 0, 33.62%, 21, 0, 2, 146.91, 333513, 769
14145, 25, 279, 280, 192, 0, 33.62%, 21, 0, 2, 146.24, 334263, 769
14150, 26, 279, 280, 192, 0, 33.62%, 21, 0, 2, 146.58, 335013, 769
14155, 26, 279, 280, 192, 0, 33.62%, 21, 0, 2, 146.75, 335763, 769
14161, 26, 279, 280, 192, 0, 33.62%, 21, 0, 2, 146.28, 336513, 769
14166, 26, 279, 280, 192, 0, 33.62%, 21, 0, 2, 146.22, 337263, 769
14171, 26, 235, 280, 192, 0, 33.62%, 21, 0, 2, 146.37, 338013, 769
14176, 26, 279, 280, 191, 0, 33.62%, 21, 0, 2, 146.29, 338764, 769
14181, 26, 279, 280, 191, 0, 33.62%, 21, 0, 2, 146.93, 339514, 769
14186, 26, 279, 280, 191, 0, 33.62%, 21, 0, 2, 146.31, 340264, 769
14191, 26, 279, 280, 191, 0, 33.62%, 21, 0, 2, 145.78, 341014, 769
14197, 26, 279, 280, 191, 0, 33.62%, 21, 0, 2, 144.34, 341738, 769
14202, 26, 279, 280, 191, 0, 33.62%, 21, 0, 2, 146.25, 342488, 769
14207, 26, 279, 280, 191, 0, 33.62%, 21, 0, 2, 147.25, 343238, 769
14212, 26, 279, 280, 191, 0, 33.62%, 21, 0, 2, 147.20, 343988, 769
14217, 26, 279, 280, 191, 0, 33.62%, 21, 0, 2, 145.69, 344734, 769
14222, 26, 279, 280, 191, 0, 33.62%, 21, 0, 2, 146.15, 345484, 769
14227, 26, 279, 280, 191, 0, 33.62%, 21, 0, 2, 146.27, 346234, 769
14232, 26, 279, 280, 191, 0, 33.62%, 21, 0, 2, 146.40, 346984, 769
14237, 26, 279, 280, 191, 0, 33.62%, 21, 0, 2, 146.26, 347734, 769
14243, 26, 279, 280, 191, 0, 33.62%, 21, 0, 2, 146.90, 348484, 769
14248, 26, 279, 280, 191, 0, 33.62%, 21, 0, 2, 146.83, 349234, 769
14253, 26, 279, 280, 191, 0, 33.62%, 21, 0, 2, 145.51, 349982, 769
14258, 26, 279, 280, 191, 0, 33.62%, 21, 0, 2, 146.27, 350732, 769
14263, 26, 279, 280, 191, 0, 33.62%, 21, 0, 2, 145.95, 351482, 769
14268, 26, 279, 280, 191, 0, 33.62%, 21, 0, 2, 145.38, 352228, 769
14273, 26, 279, 280, 191, 0, 33.62%, 21, 0, 2, 146.15, 352978, 769
14279, 26, 279, 280, 191, 0, 33.62%, 21, 0, 2, 146.47, 353728, 769
14284, 26, 279, 280, 191, 0, 33.62%, 21, 0, 2, 145.82, 354474, 769
14289, 26, 279, 280, 191, 0, 33.62%, 21, 0, 2, 146.56, 355224, 769
14294, 26, 279, 280, 191, 0, 33.62%, 21, 0, 2, 146.48, 355974, 769
14299, 26, 279, 280, 191, 0, 33.62%, 22, 0, 2, 145.56, 356724, 769
14304, 26, 279, 280, 191, 0, 33.62%, 22, 0, 2, 140.23, 357454, 769
14309, 26, 279, 280, 191, 0, 33.62%, 22, 0, 2, 138.52, 358138, 769
14314, 26, 279, 280, 191, 0, 33.62%, 22, 0, 2, 144.65, 358886, 769
14320, 26, 279, 280, 191, 0, 33.62%, 22, 0, 2, 144.29, 359622, 769
14325, 26, 279, 280, 191, 0, 33.62%, 22, 0, 2, 145.74, 360372, 769
14330, 26, 279, 280, 191, 0, 33.62%, 22, 0, 2, 146.06, 361116, 769
14335, 26, 279, 280, 191, 0, 33.62%, 22, 0, 2, 146.20, 361866, 769
14340, 26, 279, 280, 191, 0, 33.62%, 22, 0, 2, 146.31, 362616, 769
14345, 26, 279, 280, 191, 0, 33.62%, 22, 0, 2, 146.98, 363366, 769
14350, 26, 38, 280, 191, 0, 33.62%, 22, 0, 2, 145.20, 364114, 769
14355, 26, 38, 280, 191, 0, 33.62%, 22, 0, 2, 145.35, 364864, 769
14361, 26, 279, 280, 190, 0, 33.62%, 22, 0, 2, 146.83, 365614, 769
14366, 26, 279, 280, 190, 0, 33.62%, 22, 0, 2, 146.69, 366374, 769
14371, 26, 279, 280, 190, 0, 33.62%, 22, 0, 2, 146.52, 367132, 769
14376, 26, 279, 280, 190, 0, 33.62%, 22, 0, 2, 147.20, 367893, 769
14381, 26, 279, 280, 190, 0, 33.62%, 22, 0, 2, 145.94, 368645, 769
14386, 26, 279, 280, 190, 0, 33.62%, 22, 0, 2, 145.62, 369392, 769
14392, 26, 279, 280, 190, 0, 33.62%, 22, 0, 2, 145.61, 370145, 769
14397, 26, 279, 280, 190, 0, 33.62%, 22, 0, 2, 145.65, 370899, 769
14402, 26, 279, 280, 190, 0, 33.62%, 22, 0, 2, 121.33, 371495, 769
14407, 26, 279, 280, 190, 0, 33.62%, 22, 0, 2, 113.19, 372053, 769
14412, 26, 279, 280, 190, 0, 33.62%, 22, 0, 2, 136.56, 372768, 769
14417, 26, 279, 280, 190, 0, 33.62%, 22, 0, 2, 144.42, 373521, 769
14422, 26, 279, 280, 190, 0, 33.62%, 22, 0, 2, 145.21, 374276, 769
14427, 26, 279, 280, 190, 0, 33.62%, 22, 0, 2, 145.21, 375024, 769
14433, 26, 279, 280, 190, 0, 33.62%, 22, 0, 2, 144.67, 375771, 769
14438, 26, 279, 280, 190, 0, 33.62%, 22, 0, 2, 146.46, 376528, 769
14443, 26, 279, 280, 190, 0, 33.62%, 22, 0, 2, 145.73, 377282, 769
14448, 26, 279, 280, 190, 0, 33.62%, 22, 0, 2, 139.51, 378011, 769
14453, 26, 279, 280, 190, 0, 33.62%, 22, 0, 2, 117.25, 378570, 769
14458, 26, 279, 280, 190, 0, 33.62%, 22, 0, 2, 112.48, 379130, 769
14463, 26, 279, 280, 190, 0, 33.62%, 22, 0, 2, 130.21, 379776, 769
14468, 26, 279, 280, 190, 0, 33.62%, 22, 0, 2, 142.22, 380526, 769
14474, 26, 279, 280, 190, 0, 33.62%, 22, 0, 2, 144.23, 381270, 769
14479, 26, 279, 280, 190, 0, 33.62%, 22, 0, 2, 143.89, 382012, 769
14484, 26, 279, 280, 190, 0, 33.62%, 22, 0, 2, 144.50, 382759, 769
14489, 26, 279, 280, 190, 0, 33.62%, 22, 0, 2, 145.24, 383507, 769
14494, 26, 279, 280, 190, 0, 33.62%, 22, 0, 2, 145.36, 384257, 769
14499, 26, 279, 280, 190, 0, 33.62%, 22, 0, 2, 143.75, 384999, 769
14504, 26, 279, 280, 190, 0, 33.62%, 22, 0, 2, 146.23, 385755, 769
14510, 26, 279, 280, 190, 0, 33.62%, 22, 0, 2, 145.38, 386505, 769
14515, 26, 279, 280, 190, 0, 33.62%, 22, 0, 2, 146.13, 387263, 769
14520, 26, 279, 280, 190, 0, 33.62%, 22, 0, 2, 146.37, 388022, 769
14525, 26, 279, 280, 190, 0, 33.62%, 22, 0, 2, 146.66, 388782, 769
14530, 26, 279, 280, 190, 0, 33.62%, 22, 0, 2, 145.39, 389533, 769
14536, 26, 279, 280, 190, 0, 33.62%, 22, 0, 2, 146.47, 390293, 769
14541, 26, 279, 280, 190, 0, 33.62%, 22, 0, 2, 146.29, 391053, 769
14546, 26, 228, 280, 190, 0, 33.62%, 22, 0, 2, 146.13, 391811, 769
14551, 26, 279, 280, 190, 0, 33.62%, 22, 0, 2, 145.83, 392560, 769
14556, 26, 279, 280, 190, 0, 33.62%, 22, 0, 2, 145.82, 393315, 769
14561, 26, 255, 280, 190, 0, 33.62%, 22, 0, 2, 145.42, 394066, 769
14567, 26, 279, 280, 189, 0, 33.62%, 22, 0, 2, 146.06, 394817, 769
14572, 26, 279, 280, 189, 0, 33.62%, 22, 0, 2, 146.47, 395567, 769
14577, 26, 279, 280, 189, 0, 33.62%, 22, 0, 2, 146.34, 396317, 769
14582, 26, 279, 280, 189, 0, 33.62%, 22, 0, 2, 145.97, 397067, 769
14587, 26, 279, 280, 189, 0, 33.62%, 22, 0, 2, 146.36, 397817, 769
14592, 26, 279, 280, 189, 0, 33.62%, 22, 0, 2, 146.09, 398567, 769
14597, 26, 279, 280, 189, 0, 33.62%, 22, 0, 2, 146.76, 399317, 769
14602, 26, 279, 280, 189, 0, 33.62%, 22, 0, 2, 146.25, 400067, 769
14608, 26, 279, 280, 189, 0, 33.62%, 22, 0, 2, 145.61, 400809, 769
14613, 26, 279, 280, 189, 0, 33.62%, 22, 0, 2, 146.09, 401559, 769
14618, 26, 279, 280, 189, 0, 33.62%, 22, 0, 2, 145.96, 402309, 769
14623, 26, 279, 280, 189, 0, 33.62%, 22, 0, 2, 147.27, 403059, 769
14628, 26, 279, 280, 189, 0, 33.62%, 22, 0, 2, 147.05, 403809, 769
14633, 26, 279, 280, 189, 0, 33.62%, 22, 0, 2, 146.68, 404559, 769
14638, 26, 279, 280, 189, 0, 33.62%, 22, 0, 2, 146.73, 405309, 769
14643, 26, 279, 280, 189, 0, 33.62%, 22, 0, 2, 146.19, 406059, 769
14649, 26, 279, 280, 189, 0, 33.62%, 22, 0, 2, 146.60, 406809, 769
14654, 26, 279, 280, 189, 0, 33.62%, 22, 0, 2, 146.36, 407559, 769
14659, 26, 279, 280, 189, 0, 33.62%, 22, 0, 2, 146.62, 408309, 769
14664, 26, 22, 280, 189, 0, 33.62%, 22, 0, 2, 144.59, 409049, 769
14669, 26, 279, 280, 189, 0, 33.62%, 22, 0, 2, 146.57, 409799, 769
14674, 26, 2, 280, 189, 0, 33.62%, 22, 0, 2, 142.77, 410535, 769
14679, 26, 2, 280, 189, 0, 33.62%, 22, 0, 2, 142.28, 411251, 769
14684, 26, 279, 280, 188, 0, 33.62%, 22, 0, 2, 144.66, 412001, 769
14689, 26, 279, 280, 188, 0, 33.62%, 22, 0, 2, 145.58, 412745, 769
14695, 26, 279, 280, 188, 0, 33.62%, 22, 0, 2, 145.86, 413495, 769
14700, 26, 241, 281, 189, 0, 33.62%, 22, 0, 3, 146.24, 414244, 769
14705, 26, 279, 281, 188, 0, 33.62%, 22, 0, 3, 146.75, 414994, 769
14710, 26, 279, 281, 188, 0, 33.62%, 22, 0, 3, 146.31, 415744, 769
14715, 26, 218, 281, 188, 0, 33.62%, 22, 0, 3, 146.76, 416495, 769
14720, 26, 279, 281, 187, 0, 33.62%, 22, 0, 3, 146.60, 417245, 769
14725, 26, 53, 281, 187, 0, 33.62%, 22, 0, 3, 146.92, 417995, 769
14730, 26, 279, 281, 186, 0, 33.62%, 22, 0, 3, 146.85, 418745, 769
14736, 26, 279, 281, 186, 0, 33.62%, 22, 0, 3, 146.91, 419495, 769
14741, 26, 279, 281, 186, 0, 33.62%, 22, 0, 3, 144.59, 420239, 769
14746, 26, 279, 281, 185, 0, 33.62%, 22, 0, 3, 144.85, 420990, 769
14751, 26, 279, 282, 186, 0, 33.62%, 22, 0, 3, 145.09, 421730, 769
14756, 26, 279, 282, 186, 0, 33.62%, 22, 0, 3, 146.21, 422480, 769
14761, 26, 279, 282, 186, 0, 33.62%, 22, 0, 3, 145.99, 423228, 769
14766, 26, 246, 282, 186, 0, 33.62%, 22, 0, 3, 146.21, 423978, 769
14772, 26, 279, 282, 185, 0, 33.62%, 22, 0, 3, 145.29, 424723, 769
14777, 26, 279, 282, 185, 0, 33.62%, 22, 0, 3, 132.90, 425427, 769
14782, 26, 279, 282, 185, 0, 33.62%, 22, 0, 3, 115.90, 425995, 769
14787, 26, 279, 282, 185, 0, 33.62%, 22, 0, 3, 112.21, 426563, 769
14792, 26, 279, 282, 185, 0, 33.62%, 22, 0, 3, 111.50, 427129, 769
14797, 26, 279, 282, 185, 0, 33.62%, 22, 0, 3, 111.28, 427695, 769
14802, 26, 279, 282, 185, 0, 33.62%, 22, 0, 3, 111.37, 428265, 769
14807, 26, 265, 282, 185, 0, 33.62%, 22, 0, 3, 111.46, 428839, 769
14812, 26, 279, 282, 185, 0, 33.62%, 22, 0, 3, 126.14, 429465, 769
14818, 26, 279, 282, 185, 0, 33.62%, 22, 0, 3, 141.17, 430207, 769
14823, 26, 279, 282, 185, 0, 33.62%, 22, 0, 3, 144.96, 430955, 769
14828, 26, 279, 282, 185, 0, 33.62%, 22, 0, 3, 146.13, 431703, 769
14833, 26, 279, 282, 185, 0, 33.62%, 22, 0, 3, 146.30, 432453, 769
14838, 26, 279, 282, 185, 0, 33.62%, 22, 0, 3, 140.47, 433183, 769
14843, 26, 279, 282, 185, 0, 33.62%, 22, 0, 3, 124.32, 433773, 769
14848, 26, 279, 282, 185, 0, 33.62%, 22, 0, 3, 142.45, 434523, 769
14853, 26, 279, 282, 185, 0, 33.62%, 22, 0, 3, 145.30, 435269, 769
14858, 26, 279, 282, 185, 0, 33.62%, 22, 0, 3, 145.80, 436017, 769
14864, 26, 279, 282, 185, 0, 33.62%, 22, 0, 3, 146.30, 436767, 769
14869, 26, 279, 282, 185, 0, 33.62%, 22, 0, 3, 145.32, 437508, 769
14874, 26, 279, 282, 185, 0, 33.62%, 22, 0, 3, 145.47, 438257, 769
14879, 26, 279, 282, 185, 0, 33.62%, 22, 0, 3, 146.04, 439007, 769
14884, 26, 279, 282, 185, 0, 33.62%, 22, 0, 3, 129.86, 439665, 769
14889, 26, 192, 282, 185, 0, 33.62%, 22, 0, 3, 115.35, 440233, 769
14894, 26, 279, 282, 184, 0, 33.62%, 22, 0, 3, 112.26, 440805, 769
14899, 26, 279, 282, 184, 0, 33.62%, 22, 0, 3, 111.63, 441379, 769
14904, 26, 279, 282, 184, 0, 33.62%, 22, 0, 3, 111.34, 441945, 769
14910, 26, 279, 282, 184, 0, 33.62%, 22, 0, 3, 111.56, 442517, 769
14915, 26, 279, 282, 184, 0, 33.62%, 22, 0, 3, 111.45, 443085, 769
14920, 26, 279, 282, 184, 0, 33.62%, 22, 0, 3, 111.57, 443657, 769
14925, 26, 240, 282, 184, 0, 33.62%, 22, 0, 3, 111.75, 444229, 769
14930, 26, 279, 282, 184, 0, 33.62%, 22, 0, 3, 122.35, 444833, 769
14935, 26, 279, 282, 184, 0, 33.62%, 22, 0, 3, 139.95, 445575, 769
14940, 26, 213, 282, 184, 0, 33.62%, 22, 0, 3, 143.00, 446315, 769
14945, 26, 279, 282, 183, 0, 33.62%, 22, 0, 3, 144.53, 447057, 769
14951, 26, 279, 282, 183, 0, 33.62%, 22, 0, 3, 145.70, 447807, 769
14956, 26, 5, 282, 183, 0, 33.62%, 22, 0, 3, 143.20, 448543, 769
14961, 26, 5, 282, 183, 0, 33.62%, 22, 0, 3, 139.22, 449245, 769
14966, 26, 279, 282, 182, 0, 33.62%, 22, 0, 3, 142.51, 449967, 769
14971, 26, 279, 282, 182, 0, 33.62%, 22, 0, 3, 145.57, 450718, 769
14976, 26, 279, 282, 182, 0, 33.62%, 22, 0, 3, 146.41, 451468, 769
14981, 26, 279, 282, 182, 0, 33.62%, 22, 0, 3, 146.27, 452218, 769
14986, 26, 279, 282, 182, 0, 33.62%, 22, 0, 3, 145.62, 452962, 769
14991, 26, 265, 282, 182, 0, 33.62%, 22, 0, 3, 146.59, 453712, 769
14997, 26, 279, 282, 182, 0, 33.62%, 22, 0, 3, 145.99, 454460, 769
15002, 26, 279, 282, 182, 0, 33.62%, 22, 0, 3, 146.20, 455210, 769
15007, 26, 279, 282, 182, 0, 33.62%, 22, 0, 3, 146.19, 455960, 769
15012, 26, 279, 282, 182, 0, 33.62%, 22, 0, 3, 146.19, 456710, 769
15017, 26, 279, 282, 182, 0, 33.62%, 22, 0, 3, 146.02, 457458, 769
15022, 27, 279, 282, 182, 0, 33.62%, 22, 0, 3, 146.55, 458208, 769
15027, 27, 279, 282, 182, 0, 33.62%, 22, 0, 3, 146.47, 458958, 769
15032, 27, 279, 282, 182, 0, 33.62%, 22, 0, 3, 146.25, 459708, 769
15038, 27, 279, 282, 182, 0, 33.62%, 22, 0, 3, 145.79, 460458, 769
15043, 27, 279, 282, 182, 0, 33.62%, 22, 0, 3, 146.35, 461208, 769
15048, 27, 279, 282, 182, 0, 33.62%, 22, 0, 3, 146.25, 461958, 769
15053, 27, 279, 282, 182, 0, 33.62%, 22, 0, 3, 146.54, 462708, 769
15058, 27, 279, 283, 183, 0, 33.62%, 22, 0, 3, 146.36, 463456, 769
15063, 27, 279, 283, 183, 0, 33.62%, 22, 0, 3, 145.53, 464204, 769
15068, 27, 279, 283, 183, 0, 33.62%, 22, 0, 3, 145.85, 464954, 769
15073, 27, 279, 284, 184, 0, 33.62%, 22, 0, 3, 145.78, 465702, 769
15079, 27, 240, 284, 184, 0, 33.62%, 22, 0, 3, 146.09, 466452, 769
15084, 27, 279, 284, 184, 0, 33.62%, 22, 0, 3, 146.59, 467202, 769
15089, 27, 12, 284, 184, 0, 33.62%, 22, 0, 3, 145.78, 467952, 769
15094, 27, 12, 284, 184, 0, 33.62%, 22, 0, 3, 142.79, 468668, 769
15099, 27, 279, 284, 183, 0, 33.62%, 22, 0, 3, 144.08, 469415, 769
15104, 27, 279, 284, 183, 0, 33.62%, 22, 0, 3, 146.39, 470165, 769
15109, 27, 279, 284, 183, 0, 33.62%, 22, 0, 3, 125.76, 470797, 769
15114, 27, 279, 284, 183, 0, 33.62%, 22, 0, 3, 123.85, 471433, 769
15119, 27, 279, 284, 183, 0, 33.62%, 22, 0, 3, 113.28, 472001, 769
15124, 27, 279, 284, 183, 0, 33.62%, 22, 0, 3, 111.72, 472573, 769
15130, 27, 15, 284, 183, 0, 33.62%, 22, 0, 3, 108.00, 473129, 769
15135, 27, 15, 284, 183, 0, 33.62%, 22, 0, 3, 106.99, 473679, 769
15140, 27, 15, 284, 183, 0, 33.62%, 22, 0, 3, 107.03, 474230, 769
15145, 27, 279, 284, 182, 0, 33.62%, 22, 0, 3, 110.48, 474800, 769
15150, 27, 279, 284, 182, 0, 33.62%, 22, 0, 3, 111.30, 475370, 769
15155, 27, 279, 284, 182, 0, 33.62%, 22, 0, 3, 111.39, 475934, 769
15160, 27, 279, 284, 182, 0, 33.62%, 22, 0, 3, 110.98, 476496, 769
15165, 27, 279, 285, 183, 0, 33.62%, 22, 0, 3, 134.99, 477198, 769
15171, 27, 279, 285, 183, 0, 33.62%, 22, 0, 3, 143.76, 477948, 769
15176, 27, 279, 285, 183, 0, 33.62%, 22, 0, 3, 144.90, 478696, 769
15181, 27, 279, 285, 183, 0, 33.62%, 22, 0, 3, 144.42, 479438, 769
15186, 27, 279, 285, 183, 0, 33.62%, 22, 0, 3, 144.11, 480182, 769
15191, 27, 279, 285, 183, 0, 33.62%, 22, 0, 3, 144.85, 480928, 769
15196, 27, 279, 285, 183, 0, 33.62%, 22, 0, 3, 144.75, 481676, 769
15201, 27, 279, 285, 183, 0, 33.62%, 22, 0, 3, 144.57, 482422, 769
15207, 27, 101, 285, 183, 0, 33.62%, 22, 0, 3, 145.13, 483168, 769
15212, 27, 279, 285, 182, 0, 33.62%, 22, 0, 3, 144.34, 483914, 769
15217, 27, 279, 285, 182, 0, 33.62%, 22, 0, 3, 145.44, 484656, 769
15222, 27, 42, 285, 182, 0, 33.62%, 22, 0, 3, 144.46, 485402, 769
15227, 27, 42, 285, 182, 0, 33.62%, 22, 0, 3, 144.10, 486148, 769
15232, 27, 268, 285, 181, 0, 33.62%, 22, 0, 3, 142.43, 486887, 769
15237, 27, 268, 285, 181, 0, 33.62%, 22, 0, 3, 139.97, 487603, 769
15242, 27, 268, 285, 181, 0, 33.62%, 22, 0, 3, 141.69, 488318, 769
15248, 27, 279, 285, 180, 0, 33.62%, 22, 0, 3, 145.12, 489068, 769
15253, 27, 279, 285, 180, 0, 33.62%, 22, 0, 3, 145.31, 489814, 769
15258, 27, 279, 285, 180, 0, 33.62%, 22, 0, 3, 145.43, 490564, 769
15263, 27, 279, 285, 179, 0, 33.62%, 22, 0, 3, 146.03, 491313, 769
15268, 27, 279, 285, 179, 0, 33.62%, 22, 0, 3, 146.29, 492063, 769
15273, 27, 279, 285, 179, 0, 33.62%, 22, 0, 3, 145.95, 492808, 769
15278, 27, 279, 285, 179, 0, 33.62%, 22, 0, 3, 144.09, 493547, 769
15284, 27, 279, 285, 179, 0, 33.62%, 22, 0, 3, 143.22, 494275, 769
15289, 27, 279, 285, 179, 0, 33.62%, 22, 0, 3, 145.11, 495025, 769
15294, 27, 279, 285, 179, 0, 33.62%, 22, 0, 3, 145.88, 495775, 769
15299, 27, 279, 285, 179, 0, 33.62%, 22, 0, 3, 145.79, 496525, 769
15304, 27, 279, 285, 179, 0, 33.62%, 22, 0, 3, 145.47, 497271, 769
15309, 27, 279, 285, 179, 0, 33.62%, 22, 0, 3, 145.91, 498019, 769
15314, 27, 279, 285, 179, 0, 33.62%, 22, 0, 3, 146.50, 498769, 769
15319, 27, 279, 285, 179, 0, 33.62%, 22, 0, 3, 146.12, 499519, 769
15325, 27, 22, 285, 179, 0, 33.62%, 22, 0, 3, 146.10, 500269, 769
15330, 27, 265, 285, 179, 0, 33.62%, 22, 0, 3, 146.14, 501019, 769
15335, 27, 279, 285, 179, 0, 33.62%, 22, 0, 3, 145.99, 501768, 769
15340, 27, 279, 285, 179, 0, 33.62%, 22, 0, 3, 146.14, 502519, 769
15345, 27, 279, 285, 179, 0, 33.62%, 22, 0, 3, 146.35, 503269, 769
15350, 27, 279, 285, 179, 0, 33.62%, 22, 0, 3, 146.56, 504019, 769
15355, 27, 279, 285, 179, 0, 33.62%, 22, 0, 3, 144.83, 504763, 769
15361, 27, 279, 285, 179, 0, 33.62%, 22, 0, 3, 144.82, 505509, 769
15366, 27, 279, 285, 179, 0, 33.62%, 22, 0, 3, 145.89, 506259, 769
15371, 27, 279, 285, 179, 0, 33.62%, 22, 0, 3, 143.87, 506999, 769
15376, 27, 279, 285, 179, 0, 33.62%, 22, 0, 3, 144.54, 507743, 769
15381, 27, 279, 285, 179, 0, 33.62%, 22, 0, 3, 144.58, 508487, 769
15386, 27, 279, 285, 179, 0, 33.62%, 22, 0, 3, 143.17, 509219, 769
15391, 27, 279, 285, 179, 0, 33.62%, 22, 0, 3, 144.44, 509965, 769
15397, 27, 279, 285, 179, 0, 33.62%, 22, 0, 3, 145.21, 510715, 769
15402, 27, 279, 285, 179, 0, 33.62%, 22, 0, 3, 145.93, 511465, 769
15407, 27, 279, 285, 179, 0, 33.62%, 22, 0, 3, 146.37, 512215, 769
15412, 27, 279, 285, 179, 0, 33.62%, 22, 0, 3, 146.71, 512965, 769
15417, 27, 279, 285, 179, 0, 33.62%, 22, 0, 3, 146.63, 513715, 769
15421, 27, 279, 285, 179, 0, 33.62%, 22, 0, 3, 146.28, 514219, 769
15482, 28, 78, 286, 257, 0, 33.58%, 12, 0, 2, 145.55, 12147, 768
15487, 28, 78, 286, 257, 0, 33.58%, 12, 0, 2, 146.10, 12893, 768
15492, 28, 239, 286, 257, 0, 33.58%, 12, 0, 2, 145.12, 13641, 768
15498, 28, 239, 286, 257, 0, 33.58%, 12, 0, 2, 144.32, 14385, 768
15503, 28, 99, 286, 256, 0, 33.58%, 12, 0, 2, 145.06, 15133, 768
15508, 28, 78, 286, 255, 0, 33.58%, 12, 0, 2, 145.32, 15879, 768
15513, 28, 78, 286, 255, 0, 33.58%, 12, 0, 2, 145.52, 16629, 768
15518, 28, 52, 286, 255, 0, 33.58%, 12, 0, 2, 144.51, 17375, 768
15523, 28, 78, 286, 254, 0, 33.58%, 12, 0, 2, 143.98, 18119, 768
15528, 28, 78, 286, 254, 0, 33.58%, 12, 0, 2, 145.13, 18867, 768
15534, 28, 78, 286, 254, 0, 33.58%, 12, 0, 2, 144.79, 19611, 768
15539, 28, 3, 286, 254, 0, 33.58%, 12, 0, 2, 131.68, 20267, 768
15544, 28, 3, 286, 254, 0, 33.58%, 12, 0, 2, 129.49, 20921, 768
15549, 28, 27, 286, 253, 0, 33.58%, 12, 0, 2, 141.46, 21650, 768
15554, 28, 27, 286, 253, 0, 33.58%, 12, 0, 2, 143.63, 22398, 768
15559, 28, 27, 286, 253, 0, 33.58%, 12, 0, 2, 144.48, 23148, 768
15564, 28, 78, 286, 252, 0, 33.58%, 12, 0, 2, 145.09, 23894, 768
15570, 28, 78, 286, 252, 0, 33.58%, 12, 0, 2, 145.08, 24636, 768
15575, 28, 78, 286, 252, 0, 33.58%, 12, 0, 2, 144.67, 25380, 768
15580, 28, 78, 286, 252, 0, 33.58%, 12, 0, 2, 145.50, 26129, 768
15585, 28, 78, 286, 252, 0, 33.58%, 12, 0, 2, 144.55, 26872, 768
15590, 28, 78, 286, 252, 0, 33.58%, 12, 0, 2, 144.99, 27617, 768
15595, 28, 78, 286, 251, 0, 33.58%, 12, 0, 2, 145.92, 28362, 768
15600, 28, 78, 286, 251, 0, 33.58%, 12, 0, 2, 144.26, 29104, 768
15605, 28, 262, 286, 251, 0, 33.58%, 12, 0, 2, 125.72, 29744, 768
15611, 28, 78, 286, 251, 0, 33.58%, 12, 0, 2, 133.92, 30414, 768
15616, 28, 78, 286, 251, 0, 33.58%, 12, 0, 2, 143.83, 31164, 768
15621, 28, 78, 286, 251, 0, 33.58%, 12, 0, 2, 145.62, 31914, 768
15626, 28, 108, 286, 251, 0, 33.58%, 12, 0, 2, 146.22, 32665, 768
15631, 28, 78, 286, 250, 0, 33.58%, 12, 0, 2, 146.11, 33413, 768
15636, 28, 78, 286, 250, 0, 33.58%, 12, 0, 2, 145.98, 34163, 768
15641, 28, 78, 286, 250, 0, 33.58%, 12, 0, 2, 145.33, 34907, 768
15647, 28, 78, 286, 250, 0, 33.58%, 12, 0, 2, 145.05, 35647, 768
15652, 28, 78, 286, 250, 0, 33.58%, 12, 0, 2, 144.63, 36385, 768
15657, 28, 18, 286, 250, 0, 33.58%, 12, 0, 2, 144.85, 37133, 768
15662, 28, 18, 286, 250, 0, 33.58%, 12, 0, 2, 144.86, 37883, 768
15667, 28, 78, 286, 249, 0, 33.58%, 12, 0, 2, 145.37, 38632, 768
15672, 28, 78, 286, 249, 0, 33.58%, 12, 0, 2, 142.66, 39370, 768
15677, 28, 78, 286, 249, 0, 33.58%, 12, 0, 2, 144.13, 40100, 768
15683, 28, 78, 286, 249, 0, 33.58%, 12, 0, 2, 145.02, 40844, 768
15688, 28, 78, 286, 249, 0, 33.58%, 12, 0, 2, 146.00, 41594, 768
15693, 28, 78, 286, 249, 0, 33.58%, 12, 0, 2, 146.10, 42344, 768
15698, 28, 78, 286, 249, 0, 33.58%, 12, 0, 2, 146.14, 43094, 768
15703, 28, 164, 286, 249, 0, 33.58%, 12, 0, 2, 145.70, 43842, 768
15708, 28, 57, 286, 248, 0, 33.58%, 12, 0, 2, 146.14, 44592, 768
15713, 28, 78, 286, 247, 0, 33.58%, 12, 0, 2, 146.08, 45342, 768
15718, 28, 78, 286, 247, 0, 33.58%, 12, 0, 2, 146.12, 46092, 768
15724, 28, 78, 286, 247, 0, 33.58%, 12, 0, 2, 146.07, 46842, 768
15729, 28, 78, 286, 247, 0, 33.58%, 12, 0, 2, 145.00, 47586, 768
15734, 28, 78, 286, 247, 0, 33.58%, 12, 0, 2, 145.94, 48334, 768
15739, 28, 78, 286, 247, 0, 33.58%, 12, 0, 2, 145.39, 49082, 768
15744, 28, 78, 286, 247, 0, 33.58%, 12, 0, 2, 146.46, 49832, 768
15749, 28, 78, 286, 247, 0, 33.58%, 12, 0, 2, 146.60, 50582, 768
15754, 28, 78, 286, 247, 0, 33.58%, 12, 0, 2, 146.08, 51332, 768
15759, 28, 78, 286, 247, 0, 33.58%, 12, 0, 2, 146.06, 52080, 768
15765, 28, 78, 286, 247, 0, 33.58%, 12, 0, 2, 146.32, 52830, 768
15770, 28, 78, 286, 247, 0, 33.58%, 12, 0, 2, 145.88, 53580, 768
15775, 28, 78, 286, 247, 0, 33.58%, 12, 0, 2, 145.88, 54328, 768
15780, 28, 78, 286, 247, 0, 33.58%, 12, 0, 2, 145.09, 55076, 768
15785, 28, 78, 286, 247, 0, 33.58%, 12, 0, 2, 145.77, 55826, 768
15790, 28, 78, 286, 247, 0, 33.58%, 12, 0, 2, 146.27, 56576, 768
15795, 28, 78, 286, 246, 0, 33.58%, 12, 0, 2, 145.91, 57325, 768
15800, 28, 264, 286, 246, 0, 33.58%, 12, 0, 2, 142.85, 58039, 768
15806, 28, 264, 286, 246, 0, 33.58%, 12, 0, 2, 142.16, 58753, 768
15811, 28, 78, 286, 245, 0, 33.58%, 13, 0, 2, 144.88, 59503, 768
15816, 28, 78, 286, 245, 0, 33.58%, 13, 0, 2, 145.90, 60253, 768
15821, 28, 78, 286, 245, 0, 33.58%, 13, 0, 2, 146.31, 61003, 768
15826, 28, 90, 286, 245, 0, 33.58%, 13, 0, 2, 145.97, 61753, 768
15831, 28, 156, 286, 245, 0, 33.58%, 13, 0, 2, 145.77, 62503, 768
15836, 28, 78, 286, 244, 0, 33.58%, 13, 0, 2, 145.90, 63253, 768
15841, 28, 157, 286, 244, 0, 33.58%, 13, 0, 2, 146.12, 64003, 768
15847, 28, 78, 286, 243, 0, 33.58%, 13, 0, 2, 146.03, 64752, 768
15852, 28, 37, 286, 243, 0, 33.58%, 13, 0, 2, 126.00, 65388, 768
15857, 28, 78, 286, 242, 0, 33.58%, 13, 0, 2, 114.67, 65960, 768
15862, 28, 78, 286, 242, 0, 33.58%, 13, 0, 2, 112.14, 66526, 768
15867, 28, 30, 286, 242, 0, 33.58%, 13, 0, 2, 111.49, 67096, 768
15872, 28, 78, 286, 241, 0, 33.58%, 13, 0, 2, 111.41, 67666, 768
15877, 28, 78, 286, 241, 0, 33.58%, 13, 0, 2, 135.30, 68372, 768
15882, 28, 78, 286, 241, 0, 33.58%, 13, 0, 2, 143.53, 69122, 768
15888, 28, 78, 286, 241, 0, 33.58%, 13, 0, 2, 145.75, 69872, 768
15893, 28, 78, 286, 241, 0, 33.58%, 13, 0, 2, 145.86, 70622, 768
15898, 28, 78, 286, 241, 0, 33.58%, 13, 0, 2, 146.04, 71372, 768
15903, 28, 78, 286, 241, 0, 33.58%, 13, 0, 2, 146.25, 72122, 768
15908, 28, 48, 286, 241, 0, 33.58%, 13, 0, 2, 144.11, 72864, 768
15913, 28, 78, 286, 240, 0, 33.58%, 13, 0, 2, 145.52, 73613, 768
15918, 28, 78, 286, 240, 0, 33.58%, 13, 0, 2, 145.97, 74364, 768
15924, 28, 279, 286, 240, 0, 33.58%, 13, 0, 2, 142.27, 75094, 768
15929, 28, 279, 286, 240, 0, 33.58%, 13, 0, 2, 138.81, 75794, 768
15934, 28, 78, 286, 239, 0, 33.58%, 13, 0, 2, 143.06, 76526, 768
15939, 28, 141, 286, 239, 0, 33.58%, 13, 0, 2, 145.30, 77274, 768
15944, 28, 78, 286, 238, 0, 33.58%, 13, 0, 2, 133.10, 77978, 768
15949, 28, 78, 286, 238, 0, 33.58%, 13, 0, 2, 115.93, 78548, 768
15954, 28, 78, 286, 238, 0, 33.58%, 13, 0, 2, 112.37, 79122, 768
15959, 28, 19, 286, 238, 0, 33.58%, 13, 0, 2, 111.49, 79686, 768
15964, 28, 78, 286, 238, 0, 33.58%, 13, 0, 2, 111.01, 80246, 768
15970, 28, 131, 286, 238, 0, 33.58%, 13, 0, 2, 111.09, 80814, 768
15975, 28, 78, 286, 237, 0, 33.58%, 13, 0, 2, 111.23, 81386, 768
15980, 28, 78, 286, 237, 0, 33.58%, 13, 0, 2, 111.21, 81954, 768
15985, 28, 78, 286, 237, 0, 33.58%, 13, 0, 2, 111.38, 82524, 768
15990, 28, 78, 286, 237, 0, 33.58%, 13, 0, 2, 111.46, 83097, 768
15995, 28, 78, 286, 237, 0, 33.58%, 13, 0, 2, 132.81, 83784, 768
16000, 28, 78, 286, 237, 0, 33.58%, 13, 0, 2, 143.32, 84534, 768
16006, 28, 78, 286, 237, 0, 33.58%, 13, 0, 2, 145.09, 85284, 768
16011, 28, 78, 286, 237, 0, 33.58%, 13, 0, 2, 145.68, 86034, 768
16016, 28, 206, 286, 237, 0, 33.58%, 13, 0, 2, 145.48, 86782, 768
16021, 28, 78, 286, 236, 0, 33.58%, 13, 0, 2, 144.39, 87524, 768
16026, 28, 78, 286, 236, 0, 33.58%, 13, 0, 2, 145.27, 88274, 768
16031, 28, 78, 286, 236, 0, 33.58%, 13, 0, 2, 145.56, 89024, 768
16036, 28, 78, 286, 236, 0, 33.58%, 13, 0, 2, 145.95, 89774, 768
16042, 28, 265, 286, 236, 0, 33.58%, 13, 0, 2, 144.33, 90522, 768
16047, 28, 265, 286, 236, 0, 33.58%, 13, 0, 2, 142.83, 91240, 768
16052, 28, 172, 286, 235, 0, 33.58%, 13, 0, 2, 144.26, 91988, 768
16057, 28, 78, 286, 234, 0, 33.58%, 13, 0, 2, 145.68, 92739, 768
16062, 28, 78, 286, 234, 0, 33.58%, 13, 0, 2, 146.07, 93487, 768
16067, 28, 78, 286, 234, 0, 33.58%, 13, 0, 2, 145.82, 94235, 768
16072, 28, 78, 286, 234, 0, 33.58%, 13, 0, 2, 145.73, 94985, 768
16078, 28, 78, 286, 234, 0, 33.58%, 13, 0, 2, 145.59, 95734, 768
16083, 28, 95, 286, 234, 0, 33.58%, 13, 0, 2, 146.05, 96479, 768
16088, 28, 78, 286, 233, 0, 33.58%, 13, 0, 2, 145.88, 97229, 768
16093, 28, 78, 286, 233, 0, 33.58%, 13, 0, 2, 146.42, 97979, 768
16098, 29, 78, 286, 233, 0, 33.58%, 13, 0, 2, 145.32, 98725, 768
16103, 29, 78, 286, 233, 0, 33.58%, 13, 0, 2, 145.51, 99471, 768
16108, 29, 78, 286, 233, 0, 33.58%, 13, 0, 2, 145.62, 100221, 768
16113, 29, 78, 286, 233, 0, 33.58%, 13, 0, 2, 145.87, 100969, 768
16119, 29, 78, 286, 233, 0, 33.58%, 13, 0, 2, 146.35, 101719, 768
16124, 29, 90, 286, 233, 0, 33.58%, 13, 0, 2, 146.03, 102469, 768
16129, 29, 90, 286, 233, 0, 33.58%, 13, 0, 2, 146.14, 103219, 768
16134, 29, 78, 286, 233, 0, 33.58%, 13, 0, 2, 146.08, 103969, 768
16139, 29, 16, 286, 233, 0, 33.58%, 13, 0, 2, 141.00, 104679, 768
16144, 29, 16, 286, 233, 0, 33.58%, 13, 0, 2, 139.30, 105379, 768
16149, 29, 78, 286, 232, 0, 33.58%, 13, 0, 2, 143.29, 106115, 768
16154, 29, 78, 286, 232, 0, 33.58%, 13, 0, 2, 120.92, 106713, 768
16159, 29, 26, 286, 232, 0, 33.58%, 13, 0, 2, 108.40, 107243, 768
16164, 29, 26, 286, 232, 0, 33.58%, 13, 0, 2, 130.35, 107911, 768
16170, 29, 78, 286, 231, 0, 33.58%, 13, 0, 2, 143.07, 108661, 768
16175, 29, 78, 286, 231, 0, 33.58%, 13, 0, 2, 145.45, 109411, 768
16180, 29, 262, 286, 231, 0, 33.58%, 13, 0, 2, 145.26, 110159, 768
16185, 29, 78, 286, 231, 0, 33.58%, 13, 0, 2, 145.65, 110909, 768
16190, 29, 78, 286, 231, 0, 33.58%, 13, 0, 2, 145.91, 111659, 768
16195, 29, 78, 286, 231, 0, 33.58%, 13, 0, 2, 145.91, 112409, 768
16200, 29, 78, 286, 231, 0, 33.58%, 13, 0, 2, 146.35, 113159, 768
16205, 29, 78, 286, 231, 0, 33.58%, 13, 0, 2, 146.12, 113908, 768
16211, 29, 78, 286, 231, 0, 33.58%, 13, 0, 2, 145.88, 114657, 768
16216, 29, 78, 286, 231, 0, 33.58%, 13, 0, 2, 146.11, 115407, 768
16221, 29, 262, 286, 231, 0, 33.58%, 13, 0, 2, 145.78, 116157, 768
16226, 29, 77, 286, 231, 0, 33.58%, 14, 0, 2, 145.93, 116906, 768
16231, 29, 249, 286, 230, 0, 33.58%, 14, 0, 2, 145.73, 117656, 768
16236, 29, 249, 286, 230, 0, 33.58%, 14, 0, 2, 145.34, 118406, 768
16241, 29, 78, 286, 229, 0, 33.58%, 14, 0, 2, 145.69, 119156, 768
16247, 29, 78, 286, 229, 0, 33.58%, 14, 0, 2, 145.93, 119906, 768
16252, 29, 78, 286, 229, 0, 33.58%, 14, 0, 2, 146.01, 120654, 768
16257, 29, 78, 286, 229, 0, 33.58%, 14, 0, 2, 145.80, 121403, 768
16262, 29, 78, 286, 229, 0, 33.58%, 14, 0, 2, 145.83, 122154, 768
16267, 29, 78, 286, 229, 0, 33.58%, 14, 0, 2, 145.93, 122904, 768
16272, 29, 262, 286, 229, 0, 33.58%, 14, 0, 2, 146.23, 123652, 768
16277, 29, 78, 286, 229, 0, 33.58%, 14, 0, 2, 146.64, 124402, 768
16283, 29, 117, 286, 229, 0, 33.58%, 14, 0, 2, 146.26, 125152, 768
16288, 29, 78, 286, 228, 0, 33.58%, 14, 0, 2, 141.42, 125880, 768
16293, 29, 78, 286, 228, 0, 33.58%, 14, 0, 2, 145.30, 126630, 768
16298, 29, 280, 286, 227, 0, 33.58%, 14, 0, 2, 144.31, 127374, 768
16303, 29, 280, 286, 227, 0, 33.58%, 14, 0, 2, 139.42, 128076, 768
16308, 29, 78, 286, 226, 0, 33.58%, 14, 0, 2, 141.77, 128800, 768
16313, 29, 78, 286, 226, 0, 33.58%, 14, 0, 2, 145.46, 129550, 768
16318, 29, 205, 286, 226, 0, 33.58%, 14, 0, 2, 144.57, 130292, 768
16324, 29, 78, 286, 225, 0, 33.58%, 14, 0, 2, 144.30, 131035, 768
16329, 29, 78, 286, 225, 0, 33.58%, 14, 0, 2, 145.84, 131785, 768
16334, 29, 78, 286, 225, 0, 33.58%, 14, 0, 2, 146.31, 132535, 768
16339, 29, 51, 286, 225, 0, 33.58%, 14, 0, 2, 145.92, 133285, 768
16344, 29, 78, 286, 224, 0, 33.58%, 14, 0, 2, 146.33, 134035, 768
16349, 29, 78, 286, 224, 0, 33.58%, 14, 0, 2, 146.26, 134785, 768
16354, 29, 78, 286, 224, 0, 33.58%, 14, 0, 2, 145.65, 135533, 768
16359, 29, 78, 286, 224, 0, 33.58%, 14, 0, 2, 146.19, 136281, 768
16365, 29, 78, 286, 224, 0, 33.58%, 14, 0, 2, 146.58, 137031, 768
16370, 29, 78, 286, 224, 0, 33.58%, 14, 0, 2, 146.20, 137779, 768
16375, 29, 178, 286, 224, 0, 33.58%, 14, 0, 2, 145.44, 138528, 768
16380, 29, 44, 286, 222, 0, 33.58%, 14, 0, 2, 145.98, 139280, 768
16385, 29, 78, 286, 222, 0, 33.58%, 14, 0, 2, 145.97, 140030, 768
16390, 29, 78, 286, 222, 0, 33.58%, 14, 0, 2, 146.39, 140780, 768
16395, 29, 171, 286, 222, 0, 33.58%, 14, 0, 2, 146.02, 141529, 768
16400, 29, 78, 286, 221, 0, 33.58%, 14, 0, 2, 146.08, 142279, 768
16406, 29, 78, 286, 221, 0, 33.58%, 14, 0, 2, 146.25, 143029, 768
16411, 29, 78, 286, 221, 0, 33.58%, 14, 0, 2, 146.56, 143779, 768
16416, 29, 78, 286, 221, 0, 33.58%, 14, 0, 2, 145.97, 144529, 768
16421, 29, 78, 286, 221, 0, 33.58%, 14, 0, 2, 146.34, 145279, 768
16426, 29, 78, 286, 221, 0, 33.58%, 14, 0, 2, 146.05, 146027, 768
16431, 29, 78, 286, 220, 0, 33.58%, 14, 0, 2, 146.02, 146777, 768
16436, 29, 78, 286, 220, 0, 33.58%, 14, 0, 2, 144.61, 147521, 768
16442, 29, 78, 286, 220, 0, 33.58%, 14, 0, 2, 146.06, 148271, 768
16447, 29, 78, 286, 219, 0, 33.58%, 14, 0, 2, 145.82, 149020, 768
16452, 29, 78, 286, 219, 0, 33.58%, 14, 0, 2, 146.02, 149770, 768
16457, 29, 78, 286, 219, 0, 33.58%, 14, 0, 2, 145.78, 150520, 768
16462, 29, 78, 286, 219, 0, 33.58%, 14, 0, 2, 145.04, 151264, 768
16467, 29, 39, 286, 219, 0, 33.58%, 14, 0, 2, 145.81, 152014, 768
16472, 29, 78, 286, 218, 0, 33.58%, 14, 0, 2, 145.85, 152765, 768
16477, 29, 78, 286, 218, 0, 33.58%, 14, 0, 2, 146.06, 153515, 768
16483, 29, 78, 286, 218, 0, 33.58%, 14, 0, 2, 145.83, 154265, 768
16488, 29, 68, 286, 218, 0, 33.58%, 14, 0, 2, 145.80, 155015, 768
16493, 29, 13, 286, 217, 0, 33.58%, 14, 0, 2, 145.00, 155760, 768
16498, 29, 78, 286, 216, 0, 33.58%, 14, 0, 2, 144.48, 156502, 768
16503, 29, 219, 286, 216, 0, 33.58%, 14, 0, 2, 144.53, 157246, 768
16508, 29, 78, 286, 216, 0, 33.58%, 14, 0, 2, 146.19, 157996, 768
16513, 29, 78, 286, 216, 0, 33.58%, 14, 0, 2, 145.26, 158742, 768
16519, 29, 78, 286, 216, 0, 33.58%, 14, 0, 2, 145.66, 159488, 768
16524, 29, 78, 286, 216, 0, 33.58%, 14, 0, 2, 146.36, 160238, 768
16529, 29, 78, 286, 216, 0, 33.58%, 14, 0, 2, 144.83, 160980, 768
16534, 29, 78, 286, 216, 0, 33.58%, 14, 0, 2, 145.05, 161728, 768
16539, 29, 78, 286, 216, 0, 33.58%, 14, 0, 2, 144.88, 162472, 768
16544, 29, 78, 286, 216, 0, 33.58%, 14, 0, 2, 145.59, 163222, 768
16549, 29, 184, 286, 216, 0, 33.58%, 14, 0, 2, 145.59, 163972, 768
16555, 29, 228, 286, 215, 0, 33.58%, 14, 0, 2, 145.50, 164723, 768
16560, 29, 78, 286, 214, 0, 33.58%, 14, 0, 2, 145.42, 165473, 768
16565, 29, 78, 286, 214, 0, 33.58%, 14, 0, 2, 145.02, 166217, 768
16570, 29, 78, 286, 214, 0, 33.58%, 14, 0, 2, 146.05, 166967, 768
16575, 29, 272, 286, 214, 0, 33.58%, 14, 0, 2, 144.57, 167717, 768
16580, 29, 272, 286, 214, 0, 33.58%, 14, 0, 2, 142.33, 168431, 768
16585, 29, 92, 286, 213, 0, 33.58%, 14, 0, 2, 144.29, 169177, 768
16591, 29, 78, 286, 212, 0, 33.58%, 14, 0, 2, 144.61, 169923, 768
16596, 29, 78, 286, 212, 0, 33.58%, 14, 0, 2, 144.87, 170669, 768
16601, 29, 78, 286, 212, 0, 33.58%, 14, 0, 2, 145.47, 171419, 768
16606, 29, 1, 286, 212, 0, 33.58%, 14, 0, 2, 136.64, 172131, 768
16611, 29, 1, 286, 212, 0, 33.58%, 14, 0, 2, 119.82, 172737, 768
16616, 29, 1, 286, 212, 0, 33.58%, 14, 0, 2, 111.37, 173295, 768
16621, 29, 78, 286, 211, 0, 33.58%, 14, 0, 2, 111.08, 173861, 768
16626, 29, 78, 286, 211, 0, 33.58%, 14, 0, 2, 122.46, 174481, 768
16632, 29, 78, 286, 211, 0, 33.58%, 14, 0, 2, 140.86, 175227, 768
16637, 29, 78, 286, 211, 0, 33.58%, 14, 0, 2, 145.03, 175975, 768
16642, 29, 78, 286, 211, 0, 33.58%, 14, 0, 2, 145.72, 176725, 768
16647, 29, 78, 286, 211, 0, 33.58%, 14, 0, 2, 144.69, 177469, 768
16652, 29, 78, 286, 211, 0, 33.58%, 14, 0, 2, 145.63, 178215, 768
16657, 29, 78, 286, 211, 0, 33.58%, 14, 0, 2, 143.94, 178957, 768
16662, 29, 25, 286, 211, 0, 33.58%, 14, 0, 2, 144.19, 179697, 768
16668, 29, 25, 286, 211, 0, 33.58%, 14, 0, 2, 143.04, 180437, 768
16673, 29, 25, 286, 211, 0, 33.58%, 14, 0, 2, 143.61, 181179, 768
16678, 29, 78, 286, 210, 0, 33.58%, 14, 0, 2, 145.31, 181929, 768
16683, 29, 78, 286, 210, 0, 33.58%, 14, 0, 2, 145.02, 182677, 768
16688, 29, 78, 286, 210, 0, 33.58%, 14, 0, 2, 134.11, 183381, 768
16693, 29, 78, 287, 211, 0, 33.62%, 14, 0, 2, 115.96, 183947, 769
16698, 29, 221, 287, 211, 0, 33.62%, 14, 0, 2, 112.13, 184517, 769
16704, 29, 78, 287, 210, 0, 33.62%, 14, 0, 2, 111.23, 185085, 769
16709, 29, 78, 287, 210, 0, 33.62%, 14, 0, 2, 111.17, 185651, 769
16714, 29, 78, 287, 210, 0, 33.62%, 14, 0, 2, 111.17, 186215, 769
16719, 29, 78, 287, 210, 0, 33.62%, 14, 0, 2, 111.05, 186777, 769
16724, 29, 90, 287, 210, 0, 33.62%, 14, 0, 2, 110.26, 187341, 769
16729, 29, 78, 287, 210, 0, 33.62%, 14, 0, 2, 110.98, 187913, 769
16734, 29, 78, 287, 210, 0, 33.62%, 14, 0, 2, 111.21, 188487, 769
16739, 29, 78, 287, 210, 0, 33.62%, 14, 0, 2, 110.91, 189051, 769
16744, 29, 78, 287, 210, 0, 33.62%, 14, 0, 2, 110.82, 189615, 769
16749, 29, 166, 287, 210, 0, 33.62%, 14, 0, 2, 134.36, 190301, 769
16755, 30, 90, 287, 209, 0, 33.62%, 14, 0, 2, 143.40, 191050, 769
16760, 30, 142, 287, 209, 0, 33.62%, 14, 0, 2, 145.35, 191800, 769
16765, 30, 78, 287, 208, 0, 33.62%, 14, 0, 2, 145.53, 192550, 769
16770, 30, 78, 287, 208, 0, 33.62%, 14, 0, 2, 146.05, 193300, 769
16775, 30, 78, 287, 208, 0, 33.62%, 14, 0, 2, 145.53, 194048, 769
16780, 30, 78, 287, 208, 0, 33.62%, 14, 0, 2, 145.03, 194794, 769
16786, 30, 78, 287, 208, 0, 33.62%, 14, 0, 2, 145.42, 195542, 769
16791, 30, 78, 287, 208, 0, 33.62%, 14, 0, 2, 144.44, 196290, 769
16796, 30, 78, 287, 208, 0, 33.62%, 14, 0, 2, 144.93, 197034, 769
16801, 30, 78, 287, 208, 0, 33.62%, 14, 0, 2, 145.47, 197782, 769
16806, 30, 21, 287, 208, 0, 33.62%, 14, 0, 2, 145.55, 198532, 769
16811, 30, 21, 287, 208, 0, 33.62%, 14, 0, 2, 145.48, 199281, 769
16816, 30, 78, 287, 207, 0, 33.62%, 14, 0, 2, 145.73, 200029, 769
16821, 30, 78, 287, 207, 0, 33.62%, 14, 0, 2, 145.49, 200777, 769
16827, 30, 78, 287, 207, 0, 33.62%, 14, 0, 2, 145.61, 201525, 769
16832, 30, 78, 287, 207, 0, 33.62%, 14, 0, 2, 146.35, 202275, 769
16837, 30, 78, 287, 207, 0, 33.62%, 14, 0, 2, 146.29, 203025, 769
16842, 30, 78, 287, 207, 0, 33.62%, 14, 0, 2, 146.16, 203775, 769
16847, 30, 78, 287, 207, 0, 33.62%, 14, 0, 2, 146.04, 204523, 769
16852, 30, 78, 287, 207, 0, 33.62%, 14, 0, 2, 145.16, 205269, 769
16857, 30, 96, 287, 207, 0, 33.62%, 14, 0, 2, 144.06, 206014, 769
16863, 30, 78, 287, 206, 0, 33.62%, 14, 0, 2, 144.81, 206762, 769
16868, 30, 47, 287, 206, 0, 33.62%, 14, 0, 2, 145.84, 207512, 769
16873, 30, 78, 287, 205, 0, 33.62%, 14, 0, 2, 146.05, 208262, 769
16878, 30, 78, 287, 205, 0, 33.62%, 14, 0, 2, 146.06, 209011, 769
16883, 30, 78, 287, 204, 0, 33.62%, 14, 0, 2, 146.42, 209762, 769
16888, 30, 169, 287, 204, 0, 33.62%, 14, 0, 2, 146.42, 210512, 769
16893, 30, 78, 287, 203, 0, 33.62%, 14, 0, 2, 145.87, 211259, 769
16899, 30, 78, 287, 202, 0, 33.62%, 14, 0, 2, 146.23, 212009, 769
16904, 30, 78, 287, 202, 0, 33.62%, 14, 0, 2, 146.02, 212759, 769
16909, 30, 78, 287, 202, 0, 33.62%, 14, 0, 2, 143.92, 213501, 769
16914, 30, 17, 287, 202, 0, 33.62%, 14, 0, 2, 144.07, 214241, 769
16919, 30, 17, 287, 202, 0, 33.62%, 14, 0, 2, 145.28, 214991, 769
16924, 30, 70, 287, 201, 0, 33.62%, 14, 0, 2, 146.20, 215742, 769
16929, 30, 78, 287, 200, 0, 33.62%, 14, 0, 2, 146.29, 216493, 769
16935, 30, 78, 287, 200, 0, 33.62%, 14, 0, 2, 145.97, 217243, 769
16940, 30, 219, 287, 200, 0, 33.62%, 14, 0, 2, 146.21, 217992, 769
16945, 30, 78, 287, 200, 0, 33.62%, 14, 0, 2, 146.33, 218743, 769
16950, 30, 78, 287, 200, 0, 33.62%, 14, 0, 2, 145.75, 219491, 769
16955, 30, 78, 287, 200, 0, 33.62%, 14, 0, 2, 145.97, 220241, 769
16960, 30, 78, 287, 200, 0, 33.62%, 14, 0, 2, 146.09, 220991, 769
16965, 30, 78, 287, 200, 0, 33.62%, 14, 0, 2, 145.77, 221739, 769
16970, 30, 78, 287, 200, 0, 33.62%, 14, 0, 2, 146.12, 222488, 769
16976, 30, 78, 287, 200, 0, 33.62%, 14, 0, 2, 145.91, 223239, 769
16981, 30, 78, 287, 200, 0, 33.62%, 14, 0, 2, 146.07, 223989, 769
16986, 30, 78, 287, 200, 0, 33.62%, 14, 0, 2, 145.80, 224739, 769
16991, 30, 78, 287, 200, 0, 33.62%, 14, 0, 2, 146.23, 225489, 769
16996, 30, 78, 287, 200, 0, 33.62%, 14, 0, 2, 146.45, 226239, 769
17001, 30, 78, 287, 200, 0, 33.62%, 14, 0, 2, 146.14, 226989, 769
17006, 30, 28, 287, 200, 0, 33.62%, 14, 0, 2, 145.58, 227737, 769
17012, 30, 28, 287, 200, 0, 33.62%, 14, 0, 2, 145.21, 228487, 769
17017, 30, 28, 287, 200, 0, 33.62%, 14, 0, 2, 140.27, 229182, 769
17022, 30, 78, 287, 199, 0, 33.62%, 14, 0, 2, 142.48, 229924, 769
17027, 30, 78, 287, 199, 0, 33.62%, 14, 0, 2, 118.29, 230498, 769
17032, 30, 78, 287, 199, 0, 33.62%, 14, 0, 2, 130.21, 231154, 769
17037, 30, 78, 287, 199, 0, 33.62%, 14, 0, 2, 141.91, 231900, 769
17042, 30, 78, 287, 199, 0, 33.62%, 14, 0, 2, 145.40, 232650, 769
17048, 30, 90, 287, 199, 0, 33.62%, 14, 0, 2, 145.94, 233398, 769
17053, 30, 78, 287, 198, 0, 33.62%, 14, 0, 2, 146.24, 234148, 769
17058, 30, 78, 287, 198, 0, 33.62%, 14, 0, 2, 145.78, 234896, 769
17063, 30, 78, 287, 198, 0, 33.62%, 14, 0, 2, 139.19, 235620, 769
17068, 30, 78, 287, 197, 0, 33.62%, 14, 0, 2, 117.40, 236182, 769
17073, 30, 19, 287, 197, 0, 33.62%, 14, 0, 2, 125.97, 236802, 769
17078, 30, 78, 287, 197, 0, 33.62%, 14, 0, 2, 142.39, 237552, 769
17083, 30, 78, 287, 197, 0, 33.62%, 14, 0, 2, 145.26, 238300, 769
17089, 30, 262, 287, 197, 0, 33.62%, 14, 0, 2, 145.56, 239050, 769
17094, 30, 140, 287, 197, 0, 33.62%, 14, 0, 2, 145.64, 239800, 769
17099, 30, 78, 287, 196, 0, 33.62%, 14, 0, 2, 145.27, 240545, 769
17104, 30, 58, 287, 196, 0, 33.62%, 14, 0, 2, 145.47, 241293, 769
17109, 30, 78, 287, 195, 0, 33.62%, 14, 0, 2, 143.12, 242017, 769
17114, 30, 78, 287, 194, 0, 33.62%, 14, 0, 2, 145.45, 242766, 769
17119, 30, 78, 287, 194, 0, 33.62%, 14, 0, 2, 144.59, 243510, 769
17125, 30, 78, 287, 194, 0, 33.62%, 14, 0, 2, 144.88, 244255, 769
17130, 30, 78, 287, 194, 0, 33.62%, 14, 0, 2, 143.90, 244996, 769
17135, 30, 78, 287, 194, 0, 33.62%, 14, 0, 2, 145.34, 245742, 769
17140, 30, 78, 287, 194, 0, 33.62%, 14, 0, 2, 145.82, 246492, 769
17145, 30, 78, 287, 194, 0, 33.62%, 14, 0, 2, 145.61, 247242, 769
17150, 30, 61, 287, 194, 0, 33.62%, 14, 0, 2, 144.80, 247992, 769
17155, 30, 78, 287, 193, 0, 33.62%, 14, 0, 2, 143.65, 248734, 769
17161, 30, 78, 287, 193, 0, 33.62%, 14, 0, 2, 144.96, 249474, 769
17166, 30, 78, 287, 193, 0, 33.62%, 14, 0, 2, 145.68, 250222, 769
17171, 30, 78, 287, 193, 0, 33.62%, 14, 0, 2, 146.05, 250972, 769
17176, 30, 181, 287, 193, 0, 33.62%, 14, 0, 2, 146.31, 251721, 769
17181, 30, 78, 287, 192, 0, 33.62%, 14, 0, 2, 145.12, 252469, 769
17186, 30, 262, 287, 192, 0, 33.62%, 14, 0, 2, 144.91, 253215, 769
17191, 30, 78, 287, 192, 0, 33.62%, 14, 0, 2, 145.49, 253961, 769
17197, 30, 78, 287, 192, 0, 33.62%, 14, 0, 2, 145.82, 254707, 769
17202, 30, 195, 287, 192, 0, 33.62%, 14, 0, 2, 146.19, 255457, 769
17207, 30, 78, 287, 191, 0, 33.62%, 14, 0, 2, 146.18, 256207, 769
17212, 30, 210, 287, 191, 0, 33.62%, 14, 0, 2, 146.22, 256957, 769
17217, 30, 44, 287, 190, 0, 33.62%, 14, 0, 2, 146.12, 257708, 769
17222, 30, 146, 287, 190, 0, 33.62%, 14, 0, 2, 146.57, 258459, 769
17227, 30, 78, 287, 189, 0, 33.62%, 14, 0, 2, 145.64, 259207, 769
17232, 30, 78, 287, 189, 0, 33.62%, 14, 0, 2, 144.17, 259949, 769
17238, 30, 78, 287, 189, 0, 33.62%, 14, 0, 2, 146.11, 260699, 769
17243, 30, 127, 287, 189, 0, 33.62%, 14, 0, 2, 145.85, 261447, 769
17248, 30, 78, 287, 188, 0, 33.62%, 14, 0, 2, 146.35, 262197, 769
17253, 30, 14, 287, 188, 0, 33.62%, 14, 0, 2, 145.74, 262947, 769
17258, 30, 78, 287, 187, 0, 33.62%, 14, 0, 2, 145.96, 263698, 769
17263, 30, 78, 287, 187, 0, 33.62%, 14, 0, 2, 145.98, 264448, 769
17268, 30, 227, 287, 187, 0, 33.62%, 14, 0, 2, 144.33, 265190, 769
17274, 30, 227, 287, 187, 0, 33.62%, 14, 0, 2, 145.43, 265940, 769
17279, 30, 78, 287, 186, 0, 33.62%, 14, 0, 2, 143.93, 266684, 769
17284, 30, 78, 287, 186, 0, 33.62%, 14, 0, 2, 145.12, 267432, 769
17289, 30, 78, 287, 186, 0, 33.62%, 14, 0, 2, 145.07, 268176, 769
17294, 30, 78, 287, 186, 0, 33.62%, 14, 0, 2, 145.78, 268924, 769
17299, 30, 78, 287, 186, 0, 33.62%, 14, 0, 2, 145.42, 269672, 769
17304, 30, 78, 287, 186, 0, 33.62%, 14, 0, 2, 145.62, 270420, 769
17310, 30, 78, 287, 186, 0, 33.62%, 14, 0, 2, 146.18, 271170, 769
17315, 30, 217, 287, 186, 0, 33.62%, 14, 0, 2, 146.07, 271920, 769
17320, 30, 78, 287, 185, 0, 33.62%, 14, 0, 2, 146.51, 272670, 769
17325, 30, 78, 287, 185, 0, 33.62%, 14, 0, 2, 146.47, 273420, 769
17330, 30, 78, 287, 185, 0, 33.62%, 14, 0, 2, 146.30, 274170, 769
17335, 30, 78, 287, 185, 0, 33.62%, 14, 0, 2, 146.32, 274920, 769
17340, 30, 78, 287, 185, 0, 33.62%, 14, 0, 2, 146.20, 275670, 769
17345, 30, 78, 287, 185, 0, 33.62%, 14, 0, 2, 145.96, 276418, 769
17351, 30, 214, 287, 185, 0, 33.62%, 14, 0, 2, 146.11, 277168, 769
17356, 30, 78, 287, 184, 0, 33.62%, 14, 0, 2, 145.98, 277919, 769
17361, 30, 78, 287, 184, 0, 33.62%, 14, 0, 2, 146.12, 278669, 769
17366, 30, 78, 287, 184, 0, 33.62%, 14, 0, 2, 146.04, 279419, 769
17371, 30, 78, 287, 184, 0, 33.62%, 14, 0, 2, 146.26, 280169, 769
17376, 30, 78, 287, 183, 0, 33.62%, 14, 0, 2, 145.83, 280917, 769
17381, 31, 78, 287, 183, 0, 33.62%, 14, 0, 2, 146.63, 281667, 769
17386, 31, 19, 287, 183, 0, 33.62%, 14, 0, 2, 146.63, 282417, 769
17392, 31, 78, 287, 183, 0, 33.62%, 14, 0, 2, 146.32, 283167, 769
17397, 31, 78, 287, 183, 0, 33.62%, 14, 0, 2, 145.70, 283917, 769
17402, 31, 78, 287, 183, 0, 33.62%, 14, 0, 2, 145.81, 284663, 769
17407, 31, 78, 287, 183, 0, 33.62%, 14, 0, 2, 146.24, 285412, 769
17412, 31, 78, 287, 183, 0, 33.62%, 14, 0, 2, 146.07, 286163, 769
17417, 31, 78, 287, 183, 0, 33.62%, 14, 0, 2, 145.91, 286912, 769
17422, 31, 78, 287, 183, 0, 33.62%, 14, 0, 2, 145.95, 287661, 769
17428, 31, 78, 287, 183, 0, 33.62%, 14, 0, 2, 146.06, 288411, 769
17433, 31, 78, 287, 183, 0, 33.62%, 14, 0, 2, 145.47, 289153, 769
17438, 31, 78, 287, 183, 0, 33.62%, 14, 0, 2, 145.90, 289901, 769
17443, 31, 78, 287, 183, 0, 33.62%, 14, 0, 2, 145.95, 290647, 769
17448, 31, 78, 287, 183, 0, 33.62%, 14, 0, 2, 145.88, 291395, 769
17453, 31, 78, 287, 183, 0, 33.62%, 14, 0, 2, 123.00, 291977, 769
17458, 31, 78, 287, 183, 0, 33.62%, 14, 0, 2, 141.56, 292727, 769
17463, 31, 78, 287, 183, 0, 33.62%, 14, 0, 2, 144.31, 293473, 769
17468, 31, 162, 287, 183, 0, 33.62%, 14, 0, 2, 145.51, 294223, 769
17474, 31, 78, 287, 182, 0, 33.62%, 14, 0, 2, 144.26, 294966, 769
17479, 31, 90, 287, 182, 0, 33.62%, 14, 0, 2, 145.45, 295712, 769
17484, 31, 78, 287, 182, 0, 33.62%, 14, 0, 2, 145.84, 296460, 769
17489, 31, 78, 287, 182, 0, 33.62%, 14, 0, 2, 146.07, 297210, 769
17494, 31, 78, 287, 182, 0, 33.62%, 14, 0, 2, 146.09, 297960, 769
17499, 31, 78, 287, 182, 0, 33.62%, 14, 0, 2, 146.15, 298710, 769
17504, 31, 33, 287, 182, 0, 33.62%, 14, 0, 2, 145.83, 299460, 769
17510, 31, 78, 287, 181, 0, 33.62%, 14, 0, 2, 145.78, 300211, 769
17515, 31, 78, 287, 181, 0, 33.62%, 14, 0, 2, 146.30, 300961, 769
17520, 31, 78, 287, 181, 0, 33.62%, 15, 0, 2, 146.11, 301711, 769
17525, 31, 78, 287, 181, 0, 33.62%, 15, 0, 2, 146.22, 302461, 769
17530, 31, 78, 287, 181, 0, 33.62%, 15, 0, 2, 146.43, 303211, 769
17535, 31, 78, 287, 181, 0, 33.62%, 15, 0, 2, 146.12, 303961, 769
17540, 31, 78, 287, 181, 0, 33.62%, 15, 0, 2, 146.14, 304711, 769
17545, 31, 78, 287, 181, 0, 33.62%, 15, 0, 2, 145.80, 305459, 769
17551, 31, 78, 287, 181, 0, 33.62%, 15, 0, 2, 146.51, 306209, 769
17556, 31, 78, 287, 181, 0, 33.62%, 15, 0, 2, 146.62, 306959, 769
17561, 31, 78, 287, 181, 0, 33.62%, 15, 0, 2, 146.50, 307709, 769
17566, 31, 78, 287, 181, 0, 33.62%, 15, 0, 2, 146.38, 308459, 769
17571, 31, 93, 287, 181, 0, 33.62%, 15, 0, 2, 146.19, 309209, 769
17576, 31, 158, 287, 180, 0, 33.62%, 15, 0, 2, 146.53, 309960, 769
17581, 31, 78, 287, 179, 0, 33.62%, 15, 0, 2, 146.38, 310710, 769
17586, 31, 219, 287, 179, 0, 33.62%, 15, 0, 2, 145.98, 311461, 769
17592, 31, 78, 287, 179, 0, 33.62%, 15, 0, 2, 146.14, 312211, 769
17597, 31, 78, 287, 179, 0, 33.62%, 15, 0, 2, 146.65, 312959, 769
17602, 31, 78, 287, 179, 0, 33.62%, 15, 0, 2, 146.22, 313705, 769
17607, 31, 78, 287, 179, 0, 33.62%, 15, 0, 2, 146.07, 314455, 769
17612, 31, 78, 287, 178, 0, 33.62%, 15, 0, 2, 146.18, 315206, 769
17617, 31, 78, 287, 178, 0, 33.62%, 15, 0, 2, 146.32, 315956, 769
17622, 31, 150, 287, 178, 0, 33.62%, 15, 0, 2, 146.79, 316707, 769
17627, 31, 78, 287, 177, 0, 33.62%, 15, 0, 2, 146.10, 317457, 769
17633, 31, 78, 287, 177, 0, 33.62%, 15, 0, 2, 146.31, 318205, 769
17638, 31, 199, 287, 177, 0, 33.62%, 15, 0, 2, 145.56, 318949, 769
17643, 31, 78, 287, 176, 0, 33.62%, 16, 0, 2, 145.90, 319699, 769
17648, 31, 78, 287, 176, 0, 33.62%, 16, 0, 2, 146.02, 320449, 769
17653, 31, 78, 287, 176, 0, 33.62%, 16, 0, 2, 145.99, 321197, 769
17658, 31, 78, 287, 176, 0, 33.62%, 16, 0, 2, 146.43, 321947, 769
17663, 31, 78, 287, 176, 0, 33.62%, 16, 0, 2, 146.06, 322691, 769
17668, 31, 78, 287, 176, 0, 33.62%, 16, 0, 2, 146.82, 323441, 769
17674, 31, 163, 287, 176, 0, 33.62%, 16, 0, 2, 146.76, 324191, 769
17679, 31, 78, 287, 175, 0, 33.62%, 16, 0, 2, 146.98, 324942, 769
17684, 31, 78, 287, 175, 0, 33.62%, 16, 0, 2, 129.97, 325626, 769
17689, 31, 112, 287, 175, 0, 33.62%, 16, 0, 2, 115.28, 326198, 769
17694, 31, 78, 287, 174, 0, 33.62%, 16, 0, 2, 112.11, 326768, 769
17699, 31, 78, 287, 174, 0, 33.62%, 16, 0, 2, 111.17, 327330, 769
17704, 31, 78, 287, 174, 0, 33.62%, 16, 0, 2, 111.04, 327898, 769
17709, 31, 78, 287, 174, 0, 33.62%, 16, 0, 2, 110.96, 328460, 769
17714, 31, 202, 287, 174, 0, 33.62%, 16, 0, 2, 137.32, 329184, 769
17720, 31, 78, 287, 173, 0, 33.62%, 16, 0, 2, 144.29, 329933, 769
17725, 31, 78, 287, 173, 0, 33.62%, 16, 0, 2, 145.64, 330681, 769
17730, 31, 222, 287, 173, 0, 33.62%, 16, 0, 2, 145.55, 331425, 769
17735, 31, 78, 287, 172, 0, 33.62%, 16, 0, 2, 144.69, 332169, 769
17740, 31, 78, 287, 172, 0, 33.62%, 16, 0, 2, 145.41, 332911, 769
17745, 31, 78, 287, 172, 0, 33.62%, 16, 0, 2, 146.09, 333661, 769
17750, 31, 78, 287, 172, 0, 33.62%, 16, 0, 2, 145.83, 334411, 769
17756, 31, 246, 287, 172, 0, 33.62%, 16, 0, 2, 145.55, 335161, 769
17761, 31, 246, 287, 172, 0, 33.62%, 16, 0, 2, 144.38, 335881, 769
17766, 31, 78, 287, 171, 0, 33.62%, 16, 0, 2, 144.20, 336624, 769
17771, 31, 78, 287, 171, 0, 33.62%, 16, 0, 2, 145.31, 337372, 769
17776, 31, 78, 287, 171, 0, 33.62%, 16, 0, 2, 144.82, 338114, 769
17781, 31, 78, 287, 171, 0, 33.62%, 16, 0, 2, 145.75, 338864, 769
17786, 31, 78, 287, 171, 0, 33.62%, 16, 0, 2, 133.52, 339566, 769
17791, 31, 78, 287, 171, 0, 33.62%, 16, 0, 2, 122.38, 340156, 769
17796, 31, 78, 287, 171, 0, 33.62%, 16, 0, 2, 141.48, 340904, 769
17802, 31, 78, 287, 171, 0, 33.62%, 16, 0, 2, 140.69, 341640, 769
17807, 31, 78, 287, 171, 0, 33.62%, 16, 0, 2, 142.20, 342358, 769
17812, 31, 78, 287, 171, 0, 33.62%, 16, 0, 2, 145.44, 343108, 769
17817, 31, 78, 287, 171, 0, 33.62%, 16, 0, 2, 145.74, 343858, 769
17822, 31, 78, 287, 171, 0, 33.62%, 16, 0, 2, 146.36, 344608, 769
17827, 31, 44, 287, 171, 0, 33.62%, 16, 0, 2, 145.84, 345358, 769
17833, 31, 78, 287, 171, 0, 33.62%, 16, 0, 2, 127.72, 346032, 769
17838, 31, 78, 287, 171, 0, 33.62%, 16, 0, 2, 114.84, 346598, 769
17843, 31, 74, 287, 171, 0, 33.62%, 16, 0, 2, 112.23, 347170, 769
17848, 31, 78, 287, 170, 0, 33.62%, 16, 0, 2, 111.32, 347738, 769
17853, 31, 78, 287, 170, 0, 33.62%, 16, 0, 2, 111.07, 348303, 769
17858, 31, 19, 287, 170, 0, 33.62%, 16, 0, 2, 127.32, 348936, 769
17863, 31, 78, 287, 170, 0, 33.62%, 16, 0, 2, 142.26, 349686, 769
17868, 31, 78, 287, 170, 0, 33.62%, 16, 0, 2, 145.04, 350434, 769
17873, 31, 78, 287, 170, 0, 33.62%, 16, 0, 2, 145.14, 351182, 769
17879, 31, 78, 287, 170, 0, 33.62%, 16, 0, 2, 145.63, 351932, 769
17884, 31, 78, 287, 170, 0, 33.62%, 16, 0, 2, 145.51, 352680, 769
17889, 31, 78, 287, 170, 0, 33.62%, 16, 0, 2, 145.55, 353426, 769
17894, 31, 78, 287, 170, 0, 33.62%, 16, 0, 2, 122.62, 354040, 769
17899, 31, 78, 287, 170, 0, 33.62%, 16, 0, 2, 113.39, 354602, 769
17904, 31, 78, 287, 170, 0, 33.62%, 16, 0, 2, 111.78, 355176, 769
17909, 31, 78, 287, 170, 0, 33.62%, 16, 0, 2, 111.28, 355742, 769
17914, 31, 62, 287, 170, 0, 33.62%, 16, 0, 2, 111.20, 356316, 769
17920, 31, 78, 287, 169, 0, 33.62%, 16, 0, 2, 110.99, 356883, 769
17925, 31, 78, 287, 169, 0, 33.62%, 16, 0, 2, 136.19, 357599, 769
17930, 31, 252, 287, 169, 0, 33.62%, 16, 0, 2, 142.72, 358349, 769
17935, 31, 252, 287, 169, 0, 33.62%, 16, 0, 2, 144.11, 359098, 769
17940, 31, 78, 287, 168, 0, 33.62%, 16, 0, 2, 145.77, 359848, 769
17945, 31, 90, 287, 168, 0, 33.62%, 16, 0, 2, 145.74, 360598, 769
17951, 31, 78, 287, 168, 0, 33.62%, 16, 0, 2, 146.05, 361348, 769
17956, 31, 78, 287, 168, 0, 33.62%, 16, 0, 2, 145.83, 362098, 769
17961, 31, 78, 287, 168, 0, 33.62%, 16, 0, 2, 146.11, 362848, 769
17966, 31, 78, 287, 168, 0, 33.62%, 16, 0, 2, 146.54, 363598, 769
17971, 31, 78, 287, 168, 0, 33.62%, 16, 0, 2, 146.28, 364348, 769
17976, 31, 78, 287, 168, 0, 33.62%, 16, 0, 2, 145.92, 365098, 769
17981, 31, 78, 287, 168, 0, 33.62%, 16, 0, 2, 146.12, 365848, 769
17986, 32, 78, 287, 168, 0, 33.62%, 16, 0, 2, 145.79, 366598, 769
17992, 32, 150, 287, 168, 0, 33.62%, 16, 0, 2, 146.51, 367348, 769
17997, 32, 78, 287, 168, 0, 33.62%, 16, 0, 2, 144.40, 368092, 769
18002, 32, 78, 287, 168, 0, 33.62%, 16, 0, 2, 145.31, 368840, 769
18007, 32, 78, 287, 168, 0, 33.62%, 16, 0, 2, 146.04, 369590, 769
18012, 32, 78, 287, 168, 0, 33.62%, 16, 0, 2, 146.51, 370340, 769
18017, 32, 243, 287, 168, 0, 33.62%, 16, 0, 2, 146.00, 371090, 769
18022, 32, 243, 287, 168, 0, 33.62%, 16, 0, 2, 145.37, 371836, 769
18028, 32, 78, 287, 167, 0, 33.62%, 16, 0, 2, 145.61, 372585, 769
18033, 32, 78, 287, 167, 0, 33.62%, 16, 0, 2, 146.04, 373335, 769
18038, 32, 262, 287, 167, 0, 33.62%, 16, 0, 2, 146.11, 374085, 769
18043, 32, 78, 287, 167, 0, 33.62%, 16, 0, 2, 146.36, 374835, 769
18048, 32, 78, 287, 167, 0, 33.62%, 16, 0, 2, 145.79, 375585, 769
18053, 32, 78, 287, 167, 0, 33.62%, 16, 0, 2, 131.20, 376253, 769
18058, 32, 269, 287, 167, 0, 33.62%, 16, 0, 2, 127.84, 376865, 769
18063, 32, 269, 287, 167, 0, 33.62%, 16, 0, 2, 136.99, 377589, 769
18068, 32, 78, 287, 166, 0, 33.62%, 16, 0, 2, 140.88, 378316, 769
18074, 32, 66, 287, 166, 0, 33.62%, 16, 0, 2, 143.78, 379060, 769
18079, 32, 160, 287, 165, 0, 33.62%, 16, 0, 2, 143.69, 379803, 769
18084, 32, 78, 287, 164, 0, 33.62%, 16, 0, 2, 145.85, 380554, 769
18089, 32, 78, 287, 164, 0, 33.62%, 16, 0, 2, 146.12, 381304, 769
18094, 32, 78, 287, 164, 0, 33.62%, 16, 0, 2, 145.92, 382054, 769
18099, 32, 78, 287, 164, 0, 33.62%, 16, 0, 2, 146.66, 382804, 769
18104, 32, 78, 287, 164, 0, 33.62%, 16, 0, 2, 146.29, 383552, 769
18110, 32, 78, 287, 164, 0, 33.62%, 16, 0, 2, 145.88, 384302, 769
18115, 32, 251, 287, 164, 0, 33.62%, 16, 0, 2, 146.43, 385052, 769
18120, 32, 78, 287, 163, 0, 33.62%, 16, 0, 2, 145.15, 385802, 769
18125, 32, 78, 287, 163, 0, 33.62%, 16, 0, 2, 145.10, 386550, 769
18130, 32, 78, 287, 163, 0, 33.62%, 16, 0, 2, 146.00, 387298, 769
18135, 32, 78, 287, 163, 0, 33.62%, 16, 0, 2, 146.00, 388048, 769
18140, 32, 78, 287, 163, 0, 33.62%, 16, 0, 2, 146.12, 388798, 769
18146, 32, 78, 287, 163, 0, 33.62%, 16, 0, 2, 143.67, 389538, 769
18151, 32, 78, 287, 163, 0, 33.62%, 16, 0, 2, 144.09, 390278, 769
18156, 32, 31, 287, 163, 0, 33.62%, 16, 0, 2, 145.16, 391026, 769
18161, 32, 78, 287, 162, 0, 33.62%, 16, 0, 2, 146.24, 391773, 769
18166, 32, 78, 287, 162, 0, 33.62%, 16, 0, 2, 145.63, 392515, 769
18171, 32, 78, 287, 162, 0, 33.62%, 16, 0, 2, 144.19, 393253, 769
18176, 32, 78, 287, 162, 0, 33.62%, 16, 0, 2, 145.14, 393999, 769
18181, 32, 39, 287, 162, 0, 33.62%, 16, 0, 2, 145.81, 394743, 769
18187, 32, 78, 287, 162, 0, 33.62%, 16, 0, 2, 145.76, 395493, 769
18192, 32, 78, 287, 162, 0, 33.62%, 16, 0, 2, 145.18, 396239, 769
18197, 32, 78, 287, 162, 0, 33.62%, 16, 0, 2, 146.07, 396983, 769
18202, 32, 78, 287, 162, 0, 33.62%, 16, 0, 2, 145.37, 397727, 769
18207, 32, 192, 287, 162, 0, 33.62%, 16, 0, 2, 145.48, 398475, 769
18212, 32, 45, 287, 161, 0, 33.62%, 16, 0, 2, 146.33, 399225, 769
18217, 32, 78, 287, 160, 0, 33.62%, 16, 0, 2, 145.83, 399975, 769
18222, 32, 78, 287, 160, 0, 33.62%, 16, 0, 2, 146.36, 400725, 769
18228, 32, 34, 287, 160, 0, 33.62%, 16, 0, 2, 146.46, 401475, 769
18233, 32, 78, 287, 159, 0, 33.62%, 16, 0, 2, 146.10, 402223, 769
18238, 32, 78, 287, 159, 0, 33.62%, 16, 0, 2, 145.80, 402973, 769
18243, 32, 78, 287, 159, 0, 33.62%, 16, 0, 2, 145.86, 403721, 769
18248, 32, 78, 287, 159, 0, 33.62%, 16, 0, 2, 146.14, 404467, 769
18253, 32, 78, 287, 159, 0, 33.62%, 16, 0, 2, 145.01, 405213, 769
18258, 32, 78, 287, 159, 0, 33.62%, 16, 0, 2, 144.77, 405958, 769
18264, 32, 60, 287, 159, 0, 33.62%, 16, 0, 2, 141.85, 406691, 769
18269, 32, 78, 287, 158, 0, 33.62%, 16, 0, 2, 142.05, 407415, 769
18274, 32, 78, 287, 158, 0, 33.62%, 16, 0, 2, 144.21, 408157, 769
18279, 32, 78, 287, 158, 0, 33.62%, 16, 0, 2, 145.33, 408901, 769
18284, 32, 219, 287, 158, 0, 33.62%, 16, 0, 2, 144.12, 409643, 769
18289, 32, 78, 287, 158, 0, 33.62%, 16, 0, 2, 139.75, 410319, 769
18294, 32, 219, 287, 158, 0, 33.62%, 16, 0, 2, 143.66, 411061, 769
18299, 32, 135, 287, 158, 0, 33.62%, 16, 0, 2, 144.42, 411802, 769
18305, 32, 78, 287, 157, 0, 33.62%, 16, 0, 2, 144.93, 412552, 769
18310, 32, 78, 287, 157, 0, 33.62%, 16, 0, 2, 145.45, 413300, 769
18315, 32, 78, 287, 157, 0, 33.62%, 16, 0, 2, 146.12, 414050, 769
18320, 32, 78, 287, 157, 0, 33.62%, 16, 0, 2, 146.41, 414800, 769
18325, 32, 78, 287, 157, 0, 33.62%, 16, 0, 2, 146.44, 415550, 769
18330, 32, 133, 287, 157, 0, 33.62%, 16, 0, 2, 146.47, 416301, 769
18335, 32, 78, 287, 156, 0, 33.62%, 16, 0, 2, 146.03, 417049, 769
18340, 32, 78, 287, 156, 0, 33.62%, 16, 0, 2, 146.58, 417799, 769
18346, 32, 134, 287, 156, 0, 33.62%, 16, 0, 2, 146.45, 418547, 769
18351, 32, 78, 287, 155, 0, 33.62%, 16, 0, 2, 146.16, 419296, 769
18356, 32, 78, 287, 155, 0, 33.62%, 16, 0, 2, 145.97, 420046, 769
18361, 32, 78, 287, 155, 0, 33.62%, 16, 0, 2, 134.09, 420754, 769
18366, 32, 78, 287, 155, 0, 33.62%, 16, 0, 2, 141.09, 421474, 769
18371, 32, 78, 287, 155, 0, 33.62%, 16, 0, 2, 144.99, 422224, 769
18376, 32, 78, 287, 155, 0, 33.62%, 16, 0, 2, 145.86, 422974, 769
18382, 32, 35, 287, 155, 0, 33.62%, 16, 0, 2, 146.62, 423725, 769
18387, 32, 78, 287, 154, 0, 33.62%, 16, 0, 2, 146.03, 424475, 769
18392, 32, 78, 287, 154, 0, 33.62%, 16, 0, 2, 145.80, 425225, 769
18397, 32, 78, 287, 154, 0, 33.62%, 16, 0, 2, 145.44, 425971, 769
18402, 32, 78, 287, 154, 0, 33.62%, 16, 0, 2, 119.91, 426551, 769
18407, 32, 78, 287, 154, 0, 33.62%, 16, 0, 2, 112.99, 427111, 769
18412, 32, 6, 287, 154, 0, 33.62%, 16, 0, 2, 110.40, 427663, 769
18417, 32, 6, 287, 154, 0, 33.62%, 16, 0, 2, 109.12, 428221, 769
18422, 32, 6, 287, 154, 0, 33.62%, 16, 0, 2, 113.83, 428797, 769
18427, 32, 78, 287, 153, 0, 33.62%, 16, 0, 2, 138.90, 429547, 769
18433, 32, 78, 287, 153, 0, 33.62%, 16, 0, 2, 143.92, 430297, 769
18438, 32, 78, 287, 153, 0, 33.62%, 16, 0, 2, 145.37, 431046, 769
18443, 32, 78, 287, 153, 0, 33.62%, 16, 0, 2, 145.31, 431789, 769
18448, 32, 78, 287, 153, 0, 33.62%, 16, 0, 2, 145.99, 432535, 769
18453, 32, 78, 287, 153, 0, 33.62%, 16, 0, 2, 134.55, 433243, 769
18458, 32, 78, 287, 153, 0, 33.62%, 16, 0, 2, 116.01, 433809, 769
18463, 32, 78, 287, 153, 0, 33.62%, 16, 0, 2, 112.12, 434379, 769
18469, 32, 78, 287, 153, 0, 33.62%, 16, 0, 2, 111.37, 434947, 769
18474, 32, 78, 287, 153, 0, 33.62%, 16, 0, 2, 111.14, 435513, 769
18479, 32, 219, 287, 153, 0, 33.62%, 16, 0, 2, 111.39, 436078, 769
18484, 32, 78, 287, 153, 0, 33.62%, 16, 0, 2, 111.25, 436647, 769
18489, 32, 78, 287, 153, 0, 33.62%, 16, 0, 2, 136.41, 437367, 769
18494, 32, 78, 287, 153, 0, 33.62%, 16, 0, 2, 144.16, 438117, 769
18499, 32, 78, 287, 153, 0, 33.62%, 16, 0, 2, 144.31, 438861, 769
18504, 32, 78, 287, 153, 0, 33.62%, 16, 0, 2, 145.83, 439611, 769
18510, 32, 78, 287, 153, 0, 33.62%, 16, 0, 2, 145.97, 440361, 769
18515, 32, 78, 287, 153, 0, 33.62%, 16, 0, 2, 145.61, 441111, 769
18520, 32, 78, 287, 153, 0, 33.62%, 16, 0, 2, 146.18, 441859, 769
18525, 32, 78, 287, 153, 0, 33.62%, 16, 0, 2, 146.27, 442609, 769
18530, 32, 78, 287, 153, 0, 33.62%, 16, 0, 2, 145.96, 443359, 769
18535, 32, 78, 287, 153, 0, 33.62%, 16, 0, 2, 145.85, 444109, 769
18540, 32, 224, 287, 153, 0, 33.62%, 16, 0, 2, 146.13, 444857, 769
18545, 32, 78, 287, 152, 0, 33.62%, 16, 0, 2, 145.96, 445608, 769
18551, 32, 78, 287, 152, 0, 33.62%, 16, 0, 2, 146.24, 446358, 769
18556, 32, 2, 287, 152, 0, 33.62%, 16, 0, 2, 142.31, 447096, 769
18561, 32, 2, 287, 152, 0, 33.62%, 16, 0, 2, 135.73, 447768, 769
18566, 32, 2, 287, 152, 0, 33.62%, 16, 0, 2, 134.62, 448440, 769
18571, 32, 78, 287, 151, 0, 33.62%, 16, 0, 2, 139.83, 449159, 769
18576, 32, 78, 287, 151, 0, 33.62%, 16, 0, 2, 144.69, 449909, 769
18581, 32, 78, 287, 151, 0, 33.62%, 16, 0, 2, 145.74, 450659, 769
18586, 32, 262, 287, 151, 0, 33.62%, 16, 0, 2, 145.67, 451409, 769
18591, 32, 78, 287, 151, 0, 33.62%, 16, 0, 2, 146.25, 452159, 769
18596, 32, 258, 287, 151, 0, 33.62%, 16, 0, 2, 144.11, 452879, 769
18601, 32, 258, 287, 151, 0, 33.62%, 16, 0, 2, 143.39, 453597, 769
18607, 32, 78, 287, 150, 0, 33.62%, 16, 0, 2, 143.35, 454337, 769
18612, 32, 78, 287, 150, 0, 33.62%, 16, 0, 2, 144.05, 455083, 769
18617, 33, 78, 287, 150, 0, 33.62%, 16, 0, 2, 144.41, 455825, 769
18622, 33, 78, 287, 150, 0, 33.62%, 16, 0, 2, 145.17, 456571, 769
18627, 33, 78, 287, 150, 0, 33.62%, 16, 0, 2, 146.41, 457321, 769
18632, 33, 8, 287, 150, 0, 33.62%, 16, 0, 2, 142.38, 458059, 769
18638, 33, 8, 287, 150, 0, 33.62%, 16, 0, 2, 141.22, 458789, 769
18643, 33, 78, 287, 149, 0, 33.62%, 16, 0, 2, 144.77, 459539, 769
18648, 33, 78, 287, 149, 0, 33.62%, 16, 0, 2, 145.85, 460289, 769
18653, 33, 78, 287, 149, 0, 33.62%, 16, 0, 2, 145.65, 461035, 769
18658, 33, 78, 287, 149, 0, 33.62%, 16, 0, 2, 137.90, 461757, 769
18663, 33, 78, 287, 149, 0, 33.62%, 16, 0, 2, 117.04, 462325, 769
18668, 33, 78, 287, 149, 0, 33.62%, 16, 0, 2, 112.12, 462889, 769
18673, 33, 78, 287, 149, 0, 33.62%, 16, 0, 2, 111.06, 463453, 769
18679, 33, 78, 287, 149, 0, 33.62%, 16, 0, 2, 111.09, 464023, 769
18684, 33, 40, 287, 149, 0, 33.62%, 16, 0, 2, 138.32, 464765, 769
18689, 33, 78, 287, 148, 0, 33.62%, 16, 0, 2, 143.41, 465509, 769
18694, 33, 78, 287, 148, 0, 33.62%, 16, 0, 2, 144.57, 466257, 769
18699, 33, 78, 287, 148, 0, 33.62%, 16, 0, 2, 145.91, 467007, 769
18704, 33, 78, 287, 148, 0, 33.62%, 16, 0, 2, 145.80, 467757, 769
18709, 33, 78, 287, 148, 0, 33.62%, 16, 0, 2, 145.79, 468507, 769
18715, 33, 78, 287, 148, 0, 33.62%, 16, 0, 2, 146.25, 469257, 769
18720, 33, 78, 287, 148, 0, 33.62%, 16, 0, 2, 146.12, 470007, 769
18725, 33, 78, 287, 148, 0, 33.62%, 16, 0, 2, 146.04, 470755, 769
18730, 33, 78, 287, 147, 0, 33.62%, 16, 0, 2, 146.31, 471506, 769
18735, 33, 180, 287, 147, 0, 33.62%, 16, 0, 2, 145.57, 472250, 769
18740, 33, 78, 287, 146, 0, 33.62%, 16, 0, 2, 145.61, 472996, 769
18745, 33, 78, 287, 146, 0, 33.62%, 16, 0, 2, 146.13, 473746, 769
18751, 33, 78, 287, 146, 0, 33.62%, 16, 0, 2, 131.70, 474444, 769
18756, 33, 78, 287, 146, 0, 33.62%, 16, 0, 2, 115.28, 475008, 769
18761, 33, 78, 287, 146, 0, 33.62%, 16, 0, 2, 112.34, 475580, 769
18766, 33, 78, 287, 146, 0, 33.62%, 16, 0, 2, 111.71, 476152, 769
18771, 33, 78, 287, 146, 0, 33.62%, 16, 0, 2, 111.19, 476720, 769
18776, 33, 78, 287, 146, 0, 33.62%, 16, 0, 2, 114.40, 477298, 769
18781, 33, 78, 287, 146, 0, 33.62%, 16, 0, 2, 138.94, 478044, 769
18786, 33, 78, 287, 146, 0, 33.62%, 16, 0, 2, 144.26, 478792, 769
18792, 33, 78, 287, 146, 0, 33.62%, 16, 0, 2, 145.53, 479542, 769
18797, 33, 78, 287, 146, 0, 33.62%, 16, 0, 2, 145.66, 480290, 769
18802, 33, 78, 287, 145, 0, 33.62%, 16, 0, 2, 144.66, 481034, 769
18807, 33, 78, 287, 145, 0, 33.62%, 16, 0, 2, 144.33, 481776, 769
18812, 33, 103, 287, 145, 0, 33.62%, 16, 0, 2, 145.67, 482524, 769
18817, 33, 78, 287, 144, 0, 33.62%, 16, 0, 2, 145.46, 483271, 769
18822, 33, 78, 287, 144, 0, 33.62%, 16, 0, 2, 145.69, 484017, 769
18828, 33, 65, 287, 144, 0, 33.62%, 16, 0, 2, 138.82, 484745, 769
18833, 33, 78, 287, 143, 0, 33.62%, 16, 0, 2, 143.95, 485481, 769
18838, 33, 78, 287, 143, 0, 33.62%, 16, 0, 2, 144.61, 486229, 769
18843, 33, 78, 287, 143, 0, 33.62%, 16, 0, 2, 145.55, 486977, 769
18848, 33, 78, 287, 143, 0, 33.62%, 16, 0, 2, 141.22, 487673, 769
18853, 33, 245, 287, 143, 0, 33.62%, 16, 0, 2, 144.56, 488423, 769
18858, 33, 245, 287, 143, 0, 33.62%, 16, 0, 2, 145.40, 489173, 769
18864, 33, 78, 287, 142, 0, 33.62%, 16, 0, 2, 145.91, 489924, 769
18869, 33, 78, 287, 142, 0, 33.62%, 16, 0, 2, 145.87, 490674, 769
18874, 33, 78, 287, 142, 0, 33.62%, 16, 0, 2, 145.53, 491422, 769
18879, 33, 78, 287, 142, 0, 33.62%, 16, 0, 2, 145.65, 492172, 769
18884, 33, 78, 287, 142, 0, 33.62%, 16, 0, 2, 145.79, 492920, 769
18889, 33, 78, 287, 142, 0, 33.62%, 16, 0, 2, 141.94, 493630, 769
18894, 33, 78, 287, 142, 0, 33.62%, 16, 0, 2, 143.42, 494364, 769
18900, 33, 78, 287, 142, 0, 33.62%, 16, 0, 2, 145.12, 495108, 769
18905, 33, 78, 287, 142, 0, 33.62%, 16, 0, 2, 145.45, 495856, 769
18910, 33, 78, 287, 142, 0, 33.62%, 16, 0, 2, 146.41, 496606, 769
18915, 33, 78, 287, 142, 0, 33.62%, 16, 0, 2, 145.81, 497354, 769
18920, 33, 78, 287, 142, 0, 33.62%, 16, 0, 2, 145.97, 498104, 769
18925, 33, 78, 287, 142, 0, 33.62%, 16, 0, 2, 146.37, 498854, 769
18930, 33, 78, 287, 142, 0, 33.62%, 16, 0, 2, 146.39, 499604, 769
18935, 33, 78, 287, 142, 0, 33.62%, 16, 0, 2, 145.73, 500350, 769
18941, 33, 78, 287, 142, 0, 33.62%, 16, 0, 2, 146.00, 501100, 769
18946, 33, 78, 287, 142, 0, 33.62%, 16, 0, 2, 144.91, 501842, 769
18951, 33, 78, 287, 142, 0, 33.62%, 16, 0, 2, 145.30, 502590, 769
18956, 33, 78, 287, 142, 0, 33.62%, 16, 0, 2, 145.38, 503338, 769
18961, 33, 78, 287, 142, 0, 33.62%, 16, 0, 2, 145.41, 504084, 769
18966, 33, 78, 287, 142, 0, 33.62%, 16, 0, 2, 145.29, 504828, 769
18971, 33, 78, 287, 142, 0, 33.62%, 16, 0, 2, 144.08, 505568, 769
18976, 33, 78, 287, 142, 0, 33.62%, 16, 0, 2, 120.34, 506154, 769
18981, 33, 78, 287, 142, 0, 33.62%, 16, 0, 2, 112.93, 506714, 769
18987, 33, 78, 287, 142, 0, 33.62%, 16, 0, 2, 139.13, 507456, 769
18992, 33, 78, 287, 142, 0, 33.62%, 16, 0, 2, 145.01, 508206, 769
18997, 33, 78, 287, 142, 0, 33.62%, 16, 0, 2, 145.64, 508956, 769
19002, 33, 78, 287, 142, 0, 33.62%, 16, 0, 2, 145.81, 509705, 769
19007, 33, 78, 287, 142, 0, 33.62%, 16, 0, 2, 146.17, 510456, 769
19012, 33, 72, 287, 142, 0, 33.62%, 16, 0, 2, 146.17, 511204, 769
19017, 33, 44, 287, 141, 0, 33.62%, 16, 0, 2, 145.89, 511954, 769
19021, 33, 78, 287, 141, 0, 33.62%, 16, 0, 2, 145.13, 512402, 769
19081, 34, 208, 288, 257, 0, 33.58%, 14, 0, 2, 142.38, 11793, 768
19086, 34, 208, 288, 257, 0, 33.58%, 14, 0, 2, 141.02, 12531, 768
19091, 34, 145, 288, 257, 0, 33.58%, 14, 0, 2, 115.30, 13083, 768
19097, 34, 208, 288, 257, 0, 33.58%, 14, 0, 2, 110.33, 13639, 768
19102, 34, 208, 288, 257, 0, 33.58%, 14, 0, 2, 109.18, 14197, 768
19107, 34, 282, 288, 257, 0, 33.58%, 14, 0, 2, 100.19, 14719, 768
19112, 34, 282, 288, 257, 0, 33.58%, 14, 0, 2, 95.96, 15204, 768
19117, 34, 282, 288, 257, 0, 33.58%, 14, 0, 2, 94.90, 15684, 768
19122, 34, 208, 288, 256, 0, 33.58%, 14, 0, 2, 104.29, 16217, 768
19127, 34, 208, 288, 256, 0, 33.58%, 14, 0, 2, 108.08, 16771, 768
19132, 34, 208, 288, 256, 0, 33.58%, 14, 0, 2, 108.32, 17325, 768
19137, 34, 145, 288, 256, 0, 33.58%, 14, 0, 2, 108.82, 17881, 768
19143, 34, 208, 288, 256, 0, 33.58%, 14, 0, 2, 108.77, 18437, 768
19148, 34, 254, 288, 256, 0, 33.58%, 15, 0, 2, 108.77, 18991, 768
19153, 34, 254, 288, 256, 0, 33.58%, 15, 0, 2, 109.31, 19550, 768
19158, 34, 208, 288, 255, 0, 33.58%, 15, 0, 2, 108.98, 20106, 768
19163, 34, 208, 288, 255, 0, 33.58%, 15, 0, 2, 109.22, 20664, 768
19168, 34, 208, 288, 255, 0, 33.58%, 15, 0, 2, 109.04, 21218, 768
19173, 34, 208, 288, 255, 0, 33.58%, 15, 0, 2, 108.93, 21776, 768
19178, 34, 208, 288, 255, 0, 33.58%, 15, 0, 2, 108.95, 22332, 768
19183, 34, 208, 288, 255, 0, 33.58%, 15, 0, 2, 109.06, 22888, 768
19189, 34, 208, 288, 255, 0, 33.58%, 15, 0, 2, 109.11, 23448, 768
19194, 34, 208, 288, 255, 0, 33.58%, 15, 0, 2, 109.35, 24010, 768
19199, 34, 208, 288, 255, 0, 33.58%, 15, 0, 2, 128.37, 24658, 768
19204, 34, 208, 288, 255, 0, 33.58%, 15, 0, 2, 140.29, 25402, 768
19209, 34, 208, 288, 255, 0, 33.58%, 15, 0, 2, 142.64, 26148, 768
19214, 34, 208, 288, 255, 0, 33.58%, 15, 0, 2, 143.30, 26892, 768
19220, 34, 208, 288, 255, 0, 33.58%, 15, 0, 2, 143.57, 27636, 768
19225, 34, 208, 288, 255, 0, 33.58%, 15, 0, 2, 143.32, 28380, 768
19230, 34, 208, 288, 255, 0, 33.58%, 15, 0, 2, 143.19, 29124, 768
19235, 34, 208, 288, 255, 0, 33.58%, 15, 0, 2, 142.27, 29838, 768
19240, 34, 208, 288, 255, 0, 33.58%, 15, 0, 2, 141.72, 30570, 768
19245, 34, 208, 288, 255, 0, 33.58%, 15, 0, 2, 141.47, 31302, 768
19250, 34, 242, 288, 255, 0, 33.58%, 15, 0, 2, 143.18, 32048, 768
19256, 34, 208, 288, 255, 0, 33.58%, 15, 0, 2, 143.42, 32793, 768
19261, 34, 208, 288, 255, 0, 33.58%, 15, 0, 2, 143.78, 33538, 768
19266, 34, 126, 288, 255, 0, 33.58%, 15, 0, 2, 143.71, 34284, 768
19271, 34, 208, 288, 254, 0, 33.58%, 15, 0, 2, 143.13, 35001, 768
19276, 34, 208, 288, 254, 0, 33.58%, 15, 0, 2, 143.36, 35745, 768
19281, 34, 208, 288, 254, 0, 33.58%, 15, 0, 2, 143.80, 36489, 768
19287, 34, 208, 288, 254, 0, 33.58%, 15, 0, 2, 143.96, 37233, 768
19292, 34, 142, 288, 254, 0, 33.58%, 15, 0, 2, 142.25, 37972, 768
19297, 34, 208, 288, 253, 0, 33.58%, 15, 0, 2, 143.33, 38716, 768
19302, 34, 208, 288, 253, 0, 33.58%, 15, 0, 2, 141.53, 39446, 768
19307, 34, 208, 288, 253, 0, 33.58%, 15, 0, 2, 141.44, 40182, 768
19313, 34, 208, 288, 253, 0, 33.58%, 15, 0, 2, 142.89, 40926, 768
19318, 34, 208, 288, 253, 0, 33.58%, 15, 0, 2, 143.17, 41670, 768
19323, 34, 208, 288, 253, 0, 33.58%, 15, 0, 2, 143.35, 42416, 768
19328, 34, 208, 288, 252, 0, 33.58%, 15, 0, 2, 143.91, 43164, 768
19333, 34, 242, 288, 252, 0, 33.58%, 15, 0, 2, 144.11, 43910, 768
19338, 34, 285, 288, 252, 0, 33.58%, 15, 0, 2, 134.97, 44604, 768
19343, 34, 285, 288, 252, 0, 33.58%, 15, 0, 2, 129.78, 45254, 768
19349, 34, 208, 288, 251, 0, 33.58%, 15, 0, 2, 138.20, 45962, 768
19354, 34, 252, 288, 251, 0, 33.58%, 15, 0, 2, 142.70, 46708, 768
19359, 34, 107, 288, 250, 0, 33.58%, 16, 0, 2, 142.96, 47454, 768
19364, 34, 208, 288, 249, 0, 33.58%, 16, 0, 2, 143.33, 48173, 768
19369, 34, 208, 288, 249, 0, 33.58%, 16, 0, 2, 143.20, 48888, 768
19374, 34, 208, 288, 249, 0, 33.58%, 16, 0, 2, 142.39, 49601, 768
19379, 34, 208, 288, 249, 0, 33.58%, 16, 0, 2, 143.03, 50345, 768
19384, 34, 208, 288, 249, 0, 33.58%, 16, 0, 2, 143.51, 51091, 768
19390, 34, 208, 288, 249, 0, 33.58%, 16, 0, 2, 143.46, 51836, 768
19395, 34, 208, 288, 249, 0, 33.58%, 16, 0, 2, 143.74, 52580, 768
19400, 34, 208, 288, 249, 0, 33.58%, 16, 0, 2, 143.95, 53324, 768
19405, 34, 247, 288, 249, 0, 33.58%, 16, 0, 2, 144.01, 54072, 768
19410, 34, 208, 288, 248, 0, 33.58%, 16, 0, 2, 141.93, 54784, 768
19415, 34, 208, 288, 248, 0, 33.58%, 16, 0, 2, 143.40, 55528, 768
19421, 34, 208, 288, 248, 0, 33.58%, 16, 0, 2, 143.01, 56272, 768
19426, 34, 208, 288, 247, 0, 33.58%, 16, 0, 2, 142.52, 56986, 768
19431, 34, 113, 288, 247, 0, 33.58%, 16, 0, 2, 143.60, 57704, 768
19436, 34, 208, 288, 246, 0, 33.58%, 16, 0, 2, 141.90, 58439, 768
19441, 34, 208, 288, 246, 0, 33.58%, 16, 0, 2, 142.42, 59180, 768
19446, 34, 208, 288, 246, 0, 33.58%, 16, 0, 2, 143.46, 59922, 768
19451, 34, 208, 288, 246, 0, 33.58%, 16, 0, 2, 131.52, 60618, 768
19456, 34, 40, 288, 246, 0, 33.58%, 16, 0, 2, 112.69, 61168, 768
19461, 34, 40, 288, 246, 0, 33.58%, 16, 0, 2, 135.14, 61872, 768
19467, 34, 208, 288, 245, 0, 33.58%, 16, 0, 2, 131.79, 62533, 768
19472, 34, 208, 288, 245, 0, 33.58%, 16, 0, 2, 141.07, 63279, 768
19477, 34, 208, 288, 245, 0, 33.58%, 16, 0, 2, 142.88, 64023, 768
19482, 34, 208, 288, 245, 0, 33.58%, 16, 0, 2, 143.69, 64767, 768
19487, 34, 208, 288, 245, 0, 33.58%, 16, 0, 2, 143.42, 65511, 768
19493, 34, 208, 288, 245, 0, 33.58%, 16, 0, 2, 142.18, 66253, 768
19498, 34, 208, 288, 245, 0, 33.58%, 16, 0, 2, 141.45, 66985, 768
19503, 34, 208, 288, 245, 0, 33.58%, 16, 0, 2, 142.07, 67697, 768
19508, 34, 208, 288, 245, 0, 33.58%, 16, 0, 2, 141.60, 68429, 768
19513, 34, 208, 288, 245, 0, 33.58%, 16, 0, 2, 142.51, 69167, 768
19518, 34, 208, 288, 245, 0, 33.58%, 16, 0, 2, 142.94, 69883, 768
19523, 34, 208, 288, 245, 0, 33.58%, 16, 0, 2, 143.54, 70627, 768
19529, 34, 208, 288, 245, 0, 33.58%, 16, 0, 2, 143.87, 71371, 768
19534, 34, 208, 288, 245, 0, 33.58%, 16, 0, 2, 143.19, 72115, 768
19539, 34, 208, 288, 245, 0, 33.58%, 16, 0, 2, 143.19, 72861, 768
19544, 34, 208, 288, 245, 0, 33.58%, 16, 0, 2, 143.55, 73605, 768
19549, 34, 208, 288, 245, 0, 33.58%, 16, 0, 2, 143.25, 74349, 768
19554, 34, 208, 288, 245, 0, 33.58%, 16, 0, 2, 142.45, 75089, 768
19560, 34, 208, 288, 245, 0, 33.58%, 16, 0, 2, 142.91, 75831, 768
19565, 34, 208, 288, 245, 0, 33.58%, 16, 0, 2, 143.10, 76547, 768
19570, 34, 208, 288, 245, 0, 33.58%, 16, 0, 2, 143.83, 77291, 768
19575, 34, 208, 288, 245, 0, 33.58%, 16, 0, 2, 143.77, 78035, 768
19580, 34, 208, 288, 245, 0, 33.58%, 16, 0, 2, 143.98, 78779, 768
19585, 34, 77, 288, 245, 0, 33.58%, 16, 0, 2, 143.55, 79525, 768
19590, 34, 208, 288, 244, 0, 33.58%, 16, 0, 2, 143.24, 80245, 768
19595, 34, 208, 288, 244, 0, 33.58%, 16, 0, 2, 142.88, 80961, 768
19601, 34, 222, 288, 244, 0, 33.58%, 16, 0, 2, 141.35, 81691, 768
19606, 34, 153, 288, 243, 0, 33.58%, 16, 0, 2, 142.68, 82435, 768
19611, 34, 208, 288, 242, 0, 33.58%, 16, 0, 2, 143.14, 83182, 768
19616, 34, 208, 288, 242, 0, 33.58%, 16, 0, 2, 143.44, 83926, 768
19621, 34, 208, 288, 242, 0, 33.58%, 16, 0, 2, 143.58, 84670, 768
19627, 34, 208, 288, 242, 0, 33.58%, 16, 0, 2, 143.55, 85414, 768
19632, 34, 208, 288, 242, 0, 33.58%, 16, 0, 2, 143.47, 86159, 768
19637, 34, 265, 288, 242, 0, 33.58%, 16, 0, 2, 143.49, 86904, 768
19642, 34, 208, 288, 242, 0, 33.58%, 16, 0, 2, 143.22, 87648, 768
19647, 34, 208, 288, 242, 0, 33.58%, 16, 0, 2, 143.55, 88392, 768
19653, 34, 208, 288, 242, 0, 33.58%, 16, 0, 2, 143.31, 89136, 768
19658, 34, 208, 288, 242, 0, 33.58%, 16, 0, 2, 143.77, 89882, 768
19663, 34, 208, 288, 242, 0, 33.58%, 16, 0, 2, 143.50, 90626, 768
19668, 34, 199, 288, 242, 0, 33.58%, 16, 0, 2, 143.17, 91372, 768
19673, 34, 24, 288, 241, 0, 33.58%, 16, 0, 2, 143.20, 92090, 768
19678, 34, 208, 288, 240, 0, 33.58%, 17, 0, 2, 143.17, 92807, 768
19683, 35, 208, 288, 240, 0, 33.58%, 17, 0, 2, 143.83, 93552, 768
19689, 35, 208, 288, 240, 0, 33.58%, 17, 0, 2, 143.49, 94297, 768
19694, 35, 208, 288, 240, 0, 33.58%, 17, 0, 2, 143.80, 95041, 768
19699, 35, 208, 288, 240, 0, 33.58%, 17, 0, 2, 142.99, 95783, 768
19704, 35, 208, 288, 240, 0, 33.58%, 17, 0, 2, 142.83, 96527, 768
19709, 35, 208, 288, 240, 0, 33.58%, 17, 0, 2, 141.95, 97267, 768
19714, 35, 208, 288, 240, 0, 33.58%, 17, 0, 2, 143.38, 98011, 768
19719, 35, 262, 288, 240, 0, 33.58%, 17, 0, 2, 143.27, 98727, 768
19725, 35, 111, 288, 240, 0, 33.58%, 17, 0, 2, 143.66, 99473, 768
19730, 35, 208, 288, 239, 0, 33.58%, 17, 0, 2, 141.89, 100211, 768
19735, 35, 208, 288, 239, 0, 33.58%, 17, 0, 2, 142.85, 100927, 768
19740, 35, 185, 288, 239, 0, 33.58%, 17, 0, 2, 143.32, 101671, 768
19745, 35, 208, 288, 238, 0, 33.58%, 17, 0, 2, 143.03, 102389, 768
19750, 35, 272, 288, 238, 0, 33.58%, 17, 0, 2, 143.46, 103133, 768
19755, 35, 272, 288, 238, 0, 33.58%, 17, 0, 2, 143.64, 103853, 768
19760, 35, 208, 288, 237, 0, 33.58%, 17, 0, 2, 143.54, 104599, 768
19766, 35, 249, 288, 237, 0, 33.58%, 17, 0, 2, 142.80, 105338, 768
19771, 35, 162, 288, 236, 0, 33.58%, 17, 0, 2, 142.47, 106077, 768
19776, 35, 208, 288, 235, 0, 33.58%, 17, 0, 2, 143.74, 106824, 768
19781, 35, 208, 288, 235, 0, 33.58%, 17, 0, 2, 143.70, 107568, 768
19786, 35, 208, 288, 234, 0, 33.58%, 17, 0, 2, 143.42, 108286, 768
19791, 35, 208, 288, 234, 0, 33.58%, 17, 0, 2, 143.08, 109030, 768
19797, 35, 208, 288, 234, 0, 33.58%, 17, 0, 2, 142.88, 109770, 768
19802, 35, 208, 288, 234, 0, 33.58%, 17, 0, 2, 143.75, 110514, 768
19807, 35, 208, 288, 234, 0, 33.58%, 17, 0, 2, 143.83, 111258, 768
19812, 35, 208, 288, 234, 0, 33.58%, 17, 0, 2, 143.82, 112002, 768
19817, 35, 208, 288, 234, 0, 33.58%, 17, 0, 2, 143.93, 112746, 768
19822, 35, 275, 288, 234, 0, 33.58%, 17, 0, 2, 143.19, 113464, 768
19827, 35, 275, 288, 234, 0, 33.58%, 17, 0, 2, 143.18, 114184, 768
19832, 35, 208, 288, 233, 0, 33.58%, 17, 0, 2, 143.49, 114902, 768
19838, 35, 87, 288, 233, 0, 33.58%, 17, 0, 2, 143.65, 115649, 768
19843, 35, 208, 288, 232, 0, 33.58%, 17, 0, 2, 143.72, 116369, 768
19848, 35, 208, 288, 232, 0, 33.58%, 17, 0, 2, 143.35, 117113, 768
19853, 35, 208, 288, 232, 0, 33.58%, 17, 0, 2, 142.45, 117825, 768
19858, 35, 208, 288, 232, 0, 33.58%, 17, 0, 2, 143.03, 118543, 768
19863, 35, 208, 288, 232, 0, 33.58%, 17, 0, 2, 143.46, 119287, 768
19868, 35, 208, 288, 232, 0, 33.58%, 17, 0, 2, 143.27, 120031, 768
19873, 35, 208, 288, 232, 0, 33.58%, 17, 0, 2, 143.69, 120775, 768
19878, 35, 208, 288, 232, 0, 33.58%, 17, 0, 2, 143.69, 121519, 768
19884, 35, 208, 288, 232, 0, 33.58%, 17, 0, 2, 143.86, 122264, 768
19889, 35, 144, 288, 232, 0, 33.58%, 17, 0, 2, 143.91, 123011, 768
19894, 35, 265, 288, 231, 0, 33.58%, 17, 0, 2, 143.63, 123757, 768
19899, 35, 208, 288, 231, 0, 33.58%, 17, 0, 2, 143.32, 124501, 768
19904, 35, 145, 288, 231, 0, 33.58%, 17, 0, 2, 142.91, 125217, 768
19909, 35, 208, 288, 231, 0, 33.58%, 17, 0, 2, 142.60, 125955, 768
19915, 35, 208, 288, 231, 0, 33.58%, 17, 0, 2, 143.30, 126699, 768
19920, 35, 208, 288, 231, 0, 33.58%, 17, 0, 2, 143.41, 127445, 768
19925, 35, 193, 288, 231, 0, 33.58%, 17, 0, 2, 143.24, 128187, 768
19930, 35, 208, 288, 230, 0, 33.58%, 17, 0, 2, 142.88, 128928, 768
19935, 35, 208, 288, 230, 0, 33.58%, 17, 0, 2, 143.15, 129644, 768
19940, 35, 208, 288, 230, 0, 33.58%, 17, 0, 2, 144.18, 130388, 768
19946, 35, 208, 288, 230, 0, 33.58%, 17, 0, 2, 143.95, 131132, 768
19951, 35, 264, 288, 230, 0, 33.58%, 17, 0, 2, 143.62, 131880, 768
19956, 35, 208, 288, 229, 0, 33.58%, 17, 0, 2, 143.40, 132626, 768
19961, 35, 208, 288, 229, 0, 33.58%, 17, 0, 2, 142.92, 133341, 768
19966, 35, 208, 288, 229, 0, 33.58%, 17, 0, 2, 143.31, 134085, 768
19971, 35, 208, 288, 229, 0, 33.58%, 17, 0, 2, 142.36, 134798, 768
19976, 35, 208, 288, 229, 0, 33.58%, 17, 0, 2, 142.32, 135538, 768
19981, 35, 208, 288, 229, 0, 33.58%, 17, 0, 2, 142.45, 136253, 768
19987, 35, 208, 288, 229, 0, 33.58%, 17, 0, 2, 142.95, 136996, 768
19992, 35, 208, 288, 229, 0, 33.58%, 17, 0, 2, 142.68, 137710, 768
19997, 35, 208, 288, 229, 0, 33.58%, 17, 0, 2, 142.09, 138448, 768
20002, 35, 208, 288, 229, 0, 33.58%, 17, 0, 2, 143.26, 139194, 768
20007, 35, 208, 288, 229, 0, 33.58%, 17, 0, 2, 143.00, 139936, 768
20012, 35, 208, 288, 229, 0, 33.58%, 17, 0, 2, 143.46, 140682, 768
20018, 35, 30, 288, 229, 0, 33.58%, 17, 0, 2, 143.10, 141426, 768
20023, 35, 208, 288, 228, 0, 33.58%, 17, 0, 2, 143.38, 142144, 768
20028, 35, 208, 288, 228, 0, 33.58%, 17, 0, 2, 143.67, 142888, 768
20033, 35, 208, 288, 228, 0, 33.58%, 17, 0, 2, 143.03, 143632, 768
20038, 35, 262, 288, 228, 0, 33.58%, 17, 0, 2, 142.93, 144374, 768
20043, 35, 123, 288, 228, 0, 33.58%, 17, 0, 2, 119.52, 144982, 768
20048, 35, 208, 288, 227, 0, 33.58%, 17, 0, 2, 111.05, 145543, 768
20054, 35, 208, 288, 227, 0, 33.58%, 17, 0, 2, 109.41, 146099, 768
20059, 35, 284, 288, 227, 0, 33.58%, 17, 0, 2, 102.23, 146623, 768
20064, 35, 284, 288, 227, 0, 33.58%, 17, 0, 2, 100.02, 147135, 768
20069, 35, 284, 288, 227, 0, 33.58%, 17, 0, 2, 99.63, 147638, 768
20074, 35, 284, 288, 227, 0, 33.58%, 17, 0, 2, 101.29, 148150, 768
20079, 35, 225, 288, 226, 0, 33.58%, 17, 0, 2, 107.54, 148704, 768
20084, 35, 208, 288, 225, 0, 33.58%, 17, 0, 2, 108.75, 149260, 768
20089, 35, 208, 288, 225, 0, 33.58%, 17, 0, 2, 109.06, 149816, 768
20094, 35, 208, 288, 225, 0, 33.58%, 17, 0, 2, 109.09, 150378, 768
20099, 35, 118, 288, 225, 0, 33.58%, 17, 0, 2, 109.19, 150934, 768
20105, 35, 208, 288, 224, 0, 33.58%, 17, 0, 2, 123.38, 151555, 768
20110, 35, 208, 288, 224, 0, 33.58%, 17, 0, 2, 138.71, 152293, 768
20115, 35, 208, 288, 224, 0, 33.58%, 17, 0, 2, 141.99, 153033, 768
20120, 35, 208, 288, 224, 0, 33.58%, 17, 0, 2, 142.71, 153748, 768
20125, 35, 115, 288, 224, 0, 33.58%, 17, 0, 2, 143.29, 154464, 768
20130, 35, 208, 288, 223, 0, 33.58%, 17, 0, 2, 142.50, 155178, 768
20135, 35, 208, 288, 223, 0, 33.58%, 17, 0, 2, 142.68, 155892, 768
20140, 35, 208, 288, 223, 0, 33.58%, 17, 0, 2, 141.63, 156606, 768
20145, 35, 208, 288, 223, 0, 33.58%, 17, 0, 2, 141.72, 157342, 768
20150, 35, 265, 288, 223, 0, 33.58%, 17, 0, 2, 142.96, 158086, 768
20156, 35, 208, 288, 223, 0, 33.58%, 17, 0, 2, 143.13, 158830, 768
20161, 35, 95, 288, 223, 0, 33.58%, 17, 0, 2, 142.87, 159546, 768
20166, 35, 208, 288, 222, 0, 33.58%, 17, 0, 2, 142.46, 160264, 768
20171, 35, 208, 288, 222, 0, 33.58%, 17, 0, 2, 142.89, 160980, 768
20176, 35, 208, 288, 222, 0, 33.58%, 17, 0, 2, 142.61, 161722, 768
20181, 35, 208, 288, 222, 0, 33.58%, 17, 0, 2, 142.90, 162438, 768
20186, 35, 208, 288, 222, 0, 33.58%, 17, 0, 2, 143.44, 163182, 768
20191, 35, 265, 288, 222, 0, 33.58%, 17, 0, 2, 142.92, 163924, 768
20196, 35, 208, 288, 222, 0, 33.58%, 17, 0, 2, 142.98, 164642, 768
20201, 35, 270, 288, 222, 0, 33.58%, 17, 0, 2, 137.54, 165348, 768
20207, 35, 270, 288, 222, 0, 33.58%, 17, 0, 2, 135.42, 166040, 768
20212, 35, 208, 288, 221, 0, 33.58%, 17, 0, 2, 139.76, 166765, 768
20217, 35, 208, 288, 221, 0, 33.58%, 17, 0, 2, 142.28, 167508, 768
20222, 35, 208, 288, 221, 0, 33.58%, 17, 0, 2, 142.65, 168224, 768
20227, 35, 208, 288, 221, 0, 33.58%, 17, 0, 2, 142.94, 168968, 768
20232, 35, 208, 288, 221, 0, 33.58%, 17, 0, 2, 143.27, 169712, 768
20238, 35, 265, 288, 221, 0, 33.58%, 17, 0, 2, 143.16, 170456, 768
20243, 35, 208, 288, 221, 0, 33.58%, 17, 0, 2, 141.88, 171194, 768
20248, 35, 67, 288, 221, 0, 33.58%, 17, 0, 2, 142.18, 171904, 768
20253, 35, 208, 288, 220, 0, 33.58%, 17, 0, 2, 142.31, 172636, 768
20258, 35, 208, 288, 220, 0, 33.58%, 17, 0, 2, 141.53, 173346, 768
20263, 35, 208, 288, 220, 0, 33.58%, 17, 0, 2, 142.08, 174082, 768
20268, 35, 208, 288, 220, 0, 33.58%, 17, 0, 2, 142.58, 174796, 768
20273, 35, 208, 288, 220, 0, 33.58%, 17, 0, 2, 142.95, 175542, 768
20279, 35, 208, 288, 220, 0, 33.58%, 17, 0, 2, 143.25, 176286, 768
20284, 35, 242, 288, 220, 0, 33.58%, 17, 0, 2, 143.48, 177030, 768
20289, 35, 208, 288, 220, 0, 33.58%, 17, 0, 2, 142.61, 177768, 768
20294, 35, 242, 288, 220, 0, 33.58%, 17, 0, 2, 143.21, 178512, 768
20299, 35, 121, 288, 220, 0, 33.58%, 17, 0, 2, 143.09, 179229, 768
20304, 35, 208, 288, 219, 0, 33.58%, 17, 0, 2, 143.19, 179975, 768
20309, 35, 208, 288, 219, 0, 33.58%, 17, 0, 2, 143.95, 180719, 768
20315, 36, 208, 288, 219, 0, 33.58%, 17, 0, 2, 143.58, 181463, 768
20320, 36, 65, 288, 219, 0, 33.58%, 17, 0, 2, 143.55, 182181, 768
20325, 36, 191, 288, 218, 0, 33.58%, 17, 0, 2, 142.85, 182897, 768
20330, 36, 208, 288, 217, 0, 33.58%, 17, 0, 2, 143.23, 183643, 768
20335, 36, 208, 288, 217, 0, 33.58%, 17, 0, 2, 143.75, 184387, 768
20340, 36, 208, 288, 217, 0, 33.58%, 17, 0, 2, 143.32, 185131, 768
20345, 36, 208, 288, 217, 0, 33.58%, 17, 0, 2, 143.04, 185846, 768
20350, 36, 208, 288, 217, 0, 33.58%, 17, 0, 2, 143.15, 186589, 768
20356, 36, 208, 288, 217, 0, 33.58%, 17, 0, 2, 143.24, 187333, 768
20361, 36, 208, 288, 217, 0, 33.58%, 17, 0, 2, 142.74, 188047, 768
20366, 36, 208, 288, 217, 0, 33.58%, 17, 0, 2, 143.32, 188763, 768
20371, 36, 208, 288, 217, 0, 33.58%, 17, 0, 2, 143.13, 189509, 768
20376, 36, 253, 288, 217, 0, 33.58%, 17, 0, 2, 143.64, 190256, 768
20381, 36, 208, 288, 216, 0, 33.58%, 17, 0, 2, 143.08, 190996, 768
20386, 36, 208, 288, 216, 0, 33.58%, 17, 0, 2, 143.09, 191742, 768
20392, 36, 208, 288, 216, 0, 33.58%, 17, 0, 2, 143.29, 192486, 768
20397, 36, 208, 288, 216, 0, 33.58%, 17, 0, 2, 142.92, 193230, 768
20402, 36, 208, 288, 216, 0, 33.58%, 17, 0, 2, 142.87, 193964, 768
20407, 36, 208, 288, 216, 0, 33.58%, 17, 0, 2, 131.76, 194654, 768
20412, 36, 208, 288, 216, 0, 33.58%, 17, 0, 2, 113.18, 195208, 768
20417, 36, 208, 288, 216, 0, 33.58%, 17, 0, 2, 109.69, 195766, 768
20422, 36, 208, 288, 216, 0, 33.58%, 17, 0, 2, 108.88, 196320, 768
20428, 36, 208, 288, 216, 0, 33.58%, 17, 0, 2, 109.00, 196878, 768
20433, 36, 208, 288, 216, 0, 33.58%, 17, 0, 2, 108.94, 197434, 768
20438, 36, 208, 288, 216, 0, 33.58%, 17, 0, 2, 108.89, 197988, 768
20443, 36, 208, 288, 216, 0, 33.58%, 17, 0, 2, 108.64, 198542, 768
20448, 36, 208, 288, 216, 0, 33.58%, 17, 0, 2, 108.86, 199100, 768
20453, 36, 208, 288, 216, 0, 33.58%, 17, 0, 2, 108.77, 199654, 768
20458, 36, 208, 288, 216, 0, 33.58%, 17, 0, 2, 136.26, 200389, 768
20463, 36, 160, 288, 216, 0, 33.58%, 17, 0, 2, 141.84, 201134, 768
20468, 36, 288, 289, 215, 0, 33.62%, 17, 0, 2, 143.26, 201858, 769
20473, 36, 173, 289, 215, 0, 33.62%, 17, 0, 2, 143.46, 202576, 769
20478, 36, 288, 289, 214, 0, 33.62%, 17, 0, 2, 143.08, 203293, 769
20483, 36, 288, 289, 214, 0, 33.62%, 17, 0, 2, 143.34, 204011, 769
20489, 36, 288, 289, 214, 0, 33.62%, 17, 0, 2, 133.56, 204719, 769
20494, 36, 288, 289, 214, 0, 33.62%, 17, 0, 2, 137.94, 205395, 769
20499, 36, 288, 289, 214, 0, 33.62%, 17, 0, 2, 141.69, 206113, 769
20504, 36, 288, 289, 214, 0, 33.62%, 17, 0, 2, 115.45, 206671, 769
20509, 36, 288, 289, 214, 0, 33.62%, 17, 0, 2, 110.16, 207225, 769
20514, 36, 288, 289, 214, 0, 33.62%, 17, 0, 2, 109.13, 207779, 769
20519, 36, 288, 289, 214, 0, 33.62%, 17, 0, 2, 108.95, 208333, 769
20524, 36, 288, 289, 214, 0, 33.62%, 17, 0, 2, 108.78, 208889, 769
20529, 36, 288, 289, 214, 0, 33.62%, 17, 0, 2, 108.98, 209443, 769
20534, 36, 288, 289, 214, 0, 33.62%, 17, 0, 2, 108.94, 209997, 769
20539, 36, 288, 289, 214, 0, 33.62%, 17, 0, 2, 108.88, 210551, 769
20544, 36, 216, 289, 214, 0, 33.62%, 17, 0, 2, 135.55, 211264, 769
20550, 36, 288, 289, 213, 0, 33.62%, 17, 0, 2, 141.96, 212010, 769
20555, 36, 288, 289, 213, 0, 33.62%, 17, 0, 2, 142.68, 212730, 769
20560, 36, 288, 289, 213, 0, 33.62%, 17, 0, 2, 141.98, 213444, 769
20565, 36, 288, 289, 213, 0, 33.62%, 17, 0, 2, 142.66, 214164, 769
20570, 36, 288, 289, 213, 0, 33.62%, 17, 0, 2, 142.46, 214904, 769
20575, 36, 288, 289, 213, 0, 33.62%, 17, 0, 2, 141.26, 215610, 769
20580, 36, 288, 289, 213, 0, 33.62%, 17, 0, 2, 142.62, 216350, 769
20585, 36, 288, 289, 213, 0, 33.62%, 17, 0, 2, 143.02, 217070, 769
20590, 36, 288, 289, 213, 0, 33.62%, 17, 0, 2, 143.25, 217790, 769
20595, 36, 288, 289, 213, 0, 33.62%, 17, 0, 2, 143.38, 218510, 769
20600, 36, 288, 289, 213, 0, 33.62%, 17, 0, 2, 143.45, 219230, 769
20605, 36, 288, 289, 213, 0, 33.62%, 17, 0, 2, 143.47, 219950, 769
20610, 36, 288, 289, 213, 0, 33.62%, 17, 0, 2, 142.85, 220696, 769
20615, 36, 288, 289, 213, 0, 33.62%, 17, 0, 2, 142.57, 221408, 769
20621, 36, 288, 289, 213, 0, 33.62%, 17, 0, 2, 142.60, 222144, 769
20626, 36, 288, 289, 213, 0, 33.62%, 17, 0, 2, 143.53, 222864, 769
20631, 36, 288, 289, 213, 0, 33.62%, 17, 0, 2, 143.06, 223584, 769
20636, 36, 288, 289, 213, 0, 33.62%, 17, 0, 2, 142.71, 224304, 769
20641, 36, 288, 289, 213, 0, 33.62%, 17, 0, 2, 143.21, 225024, 769
20646, 36, 288, 289, 213, 0, 33.62%, 17, 0, 2, 142.84, 225744, 769
20651, 36, 288, 289, 213, 0, 33.62%, 17, 0, 2, 143.41, 226464, 769
20656, 36, 288, 289, 213, 0, 33.62%, 17, 0, 2, 143.18, 227180, 769
20661, 36, 288, 289, 213, 0, 33.62%, 17, 0, 2, 142.66, 227900, 769
20666, 36, 288, 289, 213, 0, 33.62%, 17, 0, 2, 143.13, 228620, 769
20671, 36, 288, 289, 213, 0, 33.62%, 17, 0, 2, 143.34, 229340, 769
20676, 36, 288, 289, 213, 0, 33.62%, 17, 0, 2, 143.46, 230086, 769
20681, 36, 288, 289, 213, 0, 33.62%, 17, 0, 2, 143.04, 230806, 769
20686, 36, 288, 289, 213, 0, 33.62%, 17, 0, 2, 143.32, 231526, 769
20691, 36, 288, 289, 213, 0, 33.62%, 17, 0, 2, 142.96, 232244, 769
20696, 36, 288, 289, 213, 0, 33.62%, 17, 0, 2, 142.72, 232960, 769
20701, 36, 288, 289, 213, 0, 33.62%, 17, 0, 2, 142.96, 233680, 769
20706, 36, 288, 289, 213, 0, 33.62%, 17, 0, 2, 143.08, 234400, 769
20711, 36, 288, 289, 213, 0, 33.62%, 17, 0, 2, 142.74, 235116, 769
20716, 36, 44, 289, 213, 0, 33.62%, 17, 0, 2, 142.49, 235832, 769
20721, 36, 44, 289, 213, 0, 33.62%, 17, 0, 2, 142.35, 236549, 769
20726, 36, 288, 289, 212, 0, 33.62%, 17, 0, 2, 143.16, 237267, 769
20731, 36, 288, 289, 212, 0, 33.62%, 17, 0, 2, 142.85, 237985, 769
20737, 36, 288, 289, 212, 0, 33.62%, 17, 0, 2, 143.19, 238729, 769
20742, 36, 288, 289, 212, 0, 33.62%, 17, 0, 2, 143.20, 239449, 769
20747, 36, 288, 289, 212, 0, 33.62%, 17, 0, 2, 143.66, 240169, 769
20752, 36, 288, 289, 212, 0, 33.62%, 17, 0, 2, 143.34, 240889, 769
20757, 36, 288, 289, 212, 0, 33.62%, 17, 0, 2, 143.35, 241609, 769
20762, 36, 288, 289, 212, 0, 33.62%, 17, 0, 2, 143.43, 242327, 769
20767, 36, 288, 289, 212, 0, 33.62%, 17, 0, 2, 142.83, 243047, 769
20772, 36, 288, 289, 212, 0, 33.62%, 17, 0, 2, 143.22, 243767, 769
20777, 36, 288, 289, 212, 0, 33.62%, 17, 0, 2, 143.57, 244487, 769
20782, 36, 288, 289, 212, 0, 33.62%, 17, 0, 2, 142.93, 245207, 769
20787, 36, 288, 289, 212, 0, 33.62%, 17, 0, 2, 143.37, 245927, 769
20792, 36, 288, 289, 212, 0, 33.62%, 17, 0, 2, 143.65, 246645, 769
20797, 36, 288, 289, 212, 0, 33.62%, 17, 0, 2, 142.93, 247359, 769
20802, 36, 288, 289, 212, 0, 33.62%, 17, 0, 2, 142.83, 248077, 769
20807, 36, 288, 289, 212, 0, 33.62%, 17, 0, 2, 142.33, 248793, 769
20812, 36, 288, 289, 212, 0, 33.62%, 17, 0, 2, 143.10, 249511, 769
20817, 36, 288, 289, 212, 0, 33.62%, 17, 0, 2, 142.93, 250227, 769
20822, 36, 262, 289, 212, 0, 33.62%, 17, 0, 2, 143.14, 250945, 769
20827, 36, 288, 289, 212, 0, 33.62%, 17, 0, 2, 143.20, 251663, 769
20832, 36, 288, 289, 212, 0, 33.62%, 17, 0, 2, 143.45, 252379, 769
20837, 36, 288, 289, 212, 0, 33.62%, 17, 0, 2, 143.08, 253099, 769
20842, 36, 288, 289, 212, 0, 33.62%, 17, 0, 2, 142.87, 253819, 769
20847, 36, 288, 289, 212, 0, 33.62%, 17, 0, 2, 141.61, 254535, 769
20852, 36, 288, 289, 212, 0, 33.62%, 17, 0, 2, 142.68, 255255, 769
20857, 36, 288, 289, 212, 0, 33.62%, 17, 0, 2, 142.82, 255973, 769
20862, 36, 288, 289, 212, 0, 33.62%, 17, 0, 2, 142.63, 256711, 769
20868, 36, 288, 289, 212, 0, 33.62%, 17, 0, 2, 141.48, 257443, 769
20873, 36, 288, 289, 212, 0, 33.62%, 17, 0, 2, 141.24, 258179, 769
20878, 36, 288, 289, 212, 0, 33.62%, 17, 0, 2, 143.25, 258899, 769
20883, 36, 163, 289, 212, 0, 33.62%, 17, 0, 2, 142.88, 259619, 769
20888, 36, 288, 289, 211, 0, 33.62%, 17, 0, 2, 141.65, 260331, 769
20893, 36, 288, 289, 211, 0, 33.62%, 17, 0, 2, 142.26, 261069, 769
20898, 36, 288, 289, 211, 0, 33.62%, 17, 0, 2, 142.48, 261783, 769
20903, 36, 288, 289, 211, 0, 33.62%, 17, 0, 2, 142.62, 262503, 769
20908, 36, 288, 289, 211, 0, 33.62%, 17, 0, 2, 143.23, 263223, 769
20913, 36, 288, 289, 211, 0, 33.62%, 17, 0, 2, 136.45, 263909, 769
20918, 36, 288, 289, 211, 0, 33.62%, 17, 0, 2, 141.38, 264623, 769
20923, 36, 288, 289, 211, 0, 33.62%, 17, 0, 2, 142.91, 265343, 769
20928, 36, 288, 289, 211, 0, 33.62%, 17, 0, 2, 142.45, 266059, 769
20933, 36, 288, 289, 211, 0, 33.62%, 17, 0, 2, 141.91, 266777, 769
20938, 36, 288, 289, 211, 0, 33.62%, 17, 0, 2, 142.28, 267491, 769
20944, 36, 288, 289, 211, 0, 33.62%, 17, 0, 2, 127.90, 268169, 769
20949, 36, 288, 289, 211, 0, 33.62%, 17, 0, 2, 112.85, 268725, 769
20954, 36, 288, 289, 211, 0, 33.62%, 17, 0, 2, 109.92, 269287, 769
20959, 36, 288, 289, 211, 0, 33.62%, 17, 0, 2, 109.13, 269843, 769
20964, 36, 288, 289, 211, 0, 33.62%, 17, 0, 2, 109.11, 270399, 769
20969, 36, 288, 289, 211, 0, 33.62%, 17, 0, 2, 110.20, 270959, 769
20974, 36, 288, 289, 211, 0, 33.62%, 17, 0, 2, 135.42, 271677, 769
20979, 36, 288, 289, 211, 0, 33.62%, 17, 0, 2, 141.08, 272397, 769
20984, 36, 288, 289, 211, 0, 33.62%, 17, 0, 2, 142.78, 273117, 769
20989, 36, 288, 289, 211, 0, 33.62%, 17, 0, 2, 143.32, 273837, 769
20994, 36, 288, 289, 211, 0, 33.62%, 17, 0, 2, 142.61, 274557, 769
20999, 36, 288, 289, 211, 0, 33.62%, 17, 0, 2, 142.78, 275277, 769
21004, 36, 288, 289, 211, 0, 33.62%, 17, 0, 2, 142.93, 275997, 769
21009, 36, 288, 289, 211, 0, 33.62%, 17, 0, 2, 143.07, 276717, 769
21015, 36, 288, 289, 211, 0, 33.62%, 17, 0, 2, 143.18, 277437, 769
21020, 36, 288, 289, 211, 0, 33.62%, 17, 0, 2, 142.91, 278153, 769
21025, 36, 288, 289, 211, 0, 33.62%, 17, 0, 2, 142.49, 278867, 769
21030, 36, 288, 289, 211, 0, 33.62%, 17, 0, 2, 143.27, 279587, 769
21035, 36, 288, 289, 211, 0, 33.62%, 17, 0, 2, 142.81, 280329, 769
21040, 36, 288, 289, 211, 0, 33.62%, 17, 0, 2, 141.66, 281033, 769
21045, 36, 288, 289, 211, 0, 33.62%, 17, 0, 2, 142.58, 281749, 769
21050, 36, 288, 289, 211, 0, 33.62%, 17, 0, 2, 141.46, 282483, 769
21055, 36, 265, 289, 211, 0, 33.62%, 17, 0, 2, 140.82, 283187, 769
21060, 36, 288, 289, 211, 0, 33.62%, 17, 0, 2, 141.97, 283899, 769
21065, 36, 288, 289, 211, 0, 33.62%, 17, 0, 2, 142.85, 284619, 769
21070, 36, 288, 289, 211, 0, 33.62%, 17, 0, 2, 142.17, 285329, 769
21075, 36, 288, 289, 211, 0, 33.62%, 17, 0, 2, 143.03, 286049, 769
21080, 36, 288, 289, 211, 0, 33.62%, 17, 0, 2, 142.93, 286769, 769
21085, 36, 288, 289, 211, 0, 33.62%, 17, 0, 2, 141.91, 287479, 769
21090, 36, 96, 289, 211, 0, 33.62%, 17, 0, 2, 142.88, 288197, 769
21095, 36, 288, 289, 210, 0, 33.62%, 17, 0, 2, 142.74, 288939, 769
21100, 36, 288, 289, 210, 0, 33.62%, 17, 0, 2, 143.15, 289655, 769
21105, 36, 288, 289, 210, 0, 33.62%, 17, 0, 2, 141.50, 290365, 769
21110, 36, 288, 289, 210, 0, 33.62%, 17, 0, 2, 142.53, 291079, 769
21115, 36, 288, 289, 210, 0, 33.62%, 17, 0, 2, 142.63, 291795, 769
21120, 36, 37, 289, 210, 0, 33.62%, 17, 0, 2, 142.58, 292513, 769
21125, 36, 37, 289, 210, 0, 33.62%, 17, 0, 2, 142.29, 293231, 769
21131, 36, 288, 289, 209, 0, 33.62%, 17, 0, 2, 142.50, 293947, 769
21136, 36, 288, 289, 209, 0, 33.62%, 17, 0, 2, 142.79, 294667, 769
21141, 36, 288, 289, 209, 0, 33.62%, 17, 0, 2, 143.91, 295417, 769
21146, 36, 288, 289, 209, 0, 33.62%, 17, 0, 2, 143.22, 296137, 769
21151, 36, 288, 289, 209, 0, 33.62%, 17, 0, 2, 142.93, 296857, 769
21156, 36, 288, 289, 209, 0, 33.62%, 17, 0, 2, 142.54, 297573, 769
21161, 36, 288, 289, 209, 0, 33.62%, 17, 0, 2, 142.53, 298293, 769
21166, 36, 288, 289, 209, 0, 33.62%, 17, 0, 2, 142.26, 299008, 769
21171, 36, 288, 289, 209, 0, 33.62%, 17, 0, 2, 142.75, 299725, 769
21176, 36, 288, 289, 209, 0, 33.62%, 17, 0, 2, 142.77, 300445, 769
21181, 36, 288, 289, 209, 0, 33.62%, 17, 0, 2, 143.33, 301163, 769
21186, 36, 288, 289, 209, 0, 33.62%, 17, 0, 2, 143.95, 301913, 769
21191, 36, 288, 289, 209, 0, 33.62%, 17, 0, 2, 143.32, 302633, 769
21196, 36, 288, 289, 209, 0, 33.62%, 17, 0, 2, 143.40, 303353, 769
21201, 36, 288, 289, 209, 0, 33.62%, 17, 0, 2, 143.49, 304073, 769
21206, 36, 265, 289, 209, 0, 33.62%, 17, 0, 2, 142.90, 304789, 769
21211, 36, 288, 289, 209, 0, 33.62%, 17, 0, 2, 142.67, 305507, 769
21216, 36, 85, 289, 209, 0, 33.62%, 17, 0, 2, 143.07, 306224, 769
21221, 36, 288, 289, 208, 0, 33.62%, 17, 0, 2, 143.47, 306944, 769
21226, 36, 288, 289, 208, 0, 33.62%, 17, 0, 2, 143.56, 307664, 769
21231, 36, 288, 289, 208, 0, 33.62%, 17, 0, 2, 141.29, 308368, 769
21236, 36, 288, 289, 208, 0, 33.62%, 17, 0, 2, 142.40, 309086, 769
21241, 36, 288, 289, 208, 0, 33.62%, 17, 0, 2, 142.54, 309804, 769
21246, 36, 288, 289, 208, 0, 33.62%, 17, 0, 2, 142.90, 310524, 769
21251, 36, 288, 289, 208, 0, 33.62%, 17, 0, 2, 143.03, 311240, 769
21257, 36, 288, 289, 208, 0, 33.62%, 17, 0, 2, 142.82, 311958, 769
21262, 36, 288, 289, 208, 0, 33.62%, 17, 0, 2, 142.64, 312678, 769
21267, 36, 288, 289, 208, 0, 33.62%, 17, 0, 2, 143.27, 313398, 769
21272, 36, 288, 289, 208, 0, 33.62%, 17, 0, 2, 142.21, 314138, 769
21277, 36, 288, 289, 208, 0, 33.62%, 17, 0, 2, 142.96, 314856, 769
21282, 36, 288, 289, 208, 0, 33.62%, 17, 0, 2, 143.11, 315576, 769
21287, 36, 288, 289, 208, 0, 33.62%, 17, 0, 2, 142.72, 316296, 769
21292, 36, 288, 289, 208, 0, 33.62%, 17, 0, 2, 142.54, 317014, 769
21297, 36, 288, 289, 208, 0, 33.62%, 17, 0, 2, 143.10, 317734, 769
21302, 36, 288, 289, 208, 0, 33.62%, 17, 0, 2, 142.59, 318448, 769
21307, 36, 288, 289, 208, 0, 33.62%, 17, 0, 2, 143.13, 319168, 769
21312, 36, 288, 289, 208, 0, 33.62%, 17, 0, 2, 142.97, 319888, 769
21317, 36, 260, 289, 208, 0, 33.62%, 17, 0, 2, 136.93, 320590, 769
21322, 36, 288, 289, 207, 0, 33.62%, 17, 0, 2, 139.34, 321306, 769
21327, 36, 288, 289, 207, 0, 33.62%, 17, 0, 2, 142.63, 322026, 769
21332, 36, 288, 289, 207, 0, 33.62%, 17, 0, 2, 143.09, 322744, 769
21338, 36, 288, 289, 207, 0, 33.62%, 17, 0, 2, 142.86, 323486, 769
21343, 36, 288, 289, 207, 0, 33.62%, 17, 0, 2, 143.42, 324206, 769
21348, 36, 288, 289, 207, 0, 33.62%, 17, 0, 2, 143.60, 324926, 769
21353, 36, 36, 289, 207, 0, 33.62%, 17, 0, 2, 143.58, 325646, 769
21358, 36, 288, 289, 206, 0, 33.62%, 17, 0, 2, 143.63, 326391, 769
21363, 36, 288, 289, 206, 0, 33.62%, 17, 0, 2, 143.55, 327135, 769
21368, 36, 265, 289, 206, 0, 33.62%, 17, 0, 2, 143.21, 327877, 769
21373, 36, 288, 289, 206, 0, 33.62%, 17, 0, 2, 142.70, 328591, 769
21378, 36, 288, 289, 206, 0, 33.62%, 17, 0, 2, 141.52, 329299, 769
21383, 36, 267, 289, 205, 0, 33.62%, 17, 0, 2, 142.41, 330015, 769
21388, 36, 288, 289, 205, 0, 33.62%, 17, 0, 2, 142.25, 330755, 769
21394, 36, 288, 289, 205, 0, 33.62%, 17, 0, 2, 141.87, 331489, 769
21399, 36, 288, 289, 205, 0, 33.62%, 17, 0, 2, 142.02, 332221, 769
21404, 36, 288, 289, 205, 0, 33.62%, 17, 0, 2, 143.15, 332965, 769
21409, 36, 288, 289, 205, 0, 33.62%, 17, 0, 2, 143.25, 333708, 769
21414, 36, 288, 289, 205, 0, 33.62%, 17, 0, 2, 143.55, 334452, 769
21420, 36, 102, 289, 205, 0, 33.62%, 17, 0, 2, 143.39, 335195, 769
21425, 36, 288, 289, 204, 0, 33.62%, 17, 0, 2, 143.43, 335912, 769
21430, 36, 288, 289, 204, 0, 33.62%, 17, 0, 2, 142.88, 336654, 769
21435, 36, 288, 289, 204, 0, 33.62%, 17, 0, 2, 142.43, 337396, 769
21440, 36, 288, 289, 203, 0, 33.62%, 17, 0, 2, 142.64, 338112, 769
21445, 36, 288, 289, 203, 0, 33.62%, 17, 0, 2, 143.14, 338856, 769
21450, 36, 130, 289, 203, 0, 33.62%, 17, 0, 2, 143.05, 339600, 769
21455, 36, 288, 289, 202, 0, 33.62%, 17, 0, 2, 143.02, 340317, 769
21461, 36, 288, 289, 202, 0, 33.62%, 17, 0, 2, 143.46, 341060, 769
21466, 36, 140, 289, 202, 0, 33.62%, 17, 0, 2, 143.34, 341804, 769
21471, 36, 288, 289, 201, 0, 33.62%, 17, 0, 2, 143.48, 342523, 769
21476, 36, 288, 289, 201, 0, 33.62%, 17, 0, 2, 142.40, 343239, 769
21481, 36, 288, 289, 201, 0, 33.62%, 17, 0, 2, 142.65, 343952, 769
21486, 36, 144, 289, 201, 0, 33.62%, 17, 0, 2, 142.90, 344695, 769
21491, 36, 21, 289, 201, 0, 33.62%, 17, 0, 2, 141.37, 345427, 769
21496, 36, 21, 289, 201, 0, 33.62%, 17, 0, 2, 139.77, 346133, 769
21501, 36, 288, 289, 200, 0, 33.62%, 17, 0, 2, 141.87, 346871, 769
21506, 37, 237, 289, 200, 0, 33.62%, 17, 0, 2, 143.16, 347589, 769
21511, 37, 288, 289, 199, 0, 33.62%, 17, 0, 2, 143.27, 348308, 769
21517, 37, 288, 289, 199, 0, 33.62%, 17, 0, 2, 142.87, 349050, 769
21522, 37, 288, 289, 199, 0, 33.62%, 17, 0, 2, 142.57, 349764, 769
21527, 37, 288, 289, 199, 0, 33.62%, 17, 0, 2, 142.66, 350478, 769
21532, 37, 288, 289, 199, 0, 33.62%, 17, 0, 2, 142.31, 351192, 769
21537, 37, 288, 289, 199, 0, 33.62%, 17, 0, 2, 141.64, 351924, 769
21542, 37, 288, 289, 199, 0, 33.62%, 17, 0, 2, 142.68, 352666, 769
21547, 37, 288, 289, 199, 0, 33.62%, 17, 0, 2, 142.51, 353380, 769
21552, 37, 97, 289, 199, 0, 33.62%, 17, 0, 2, 142.73, 354097, 769
21557, 37, 288, 289, 198, 0, 33.62%, 17, 0, 2, 142.75, 354840, 769
21562, 37, 288, 289, 198, 0, 33.62%, 17, 0, 2, 142.32, 355582, 769
21568, 37, 288, 289, 198, 0, 33.62%, 17, 0, 2, 142.92, 356326, 769
21573, 37, 288, 289, 198, 0, 33.62%, 17, 0, 2, 142.65, 357040, 769
21578, 37, 288, 289, 198, 0, 33.62%, 17, 0, 2, 142.81, 357782, 769
21583, 37, 84, 289, 198, 0, 33.62%, 17, 0, 2, 143.07, 358526, 769
21588, 37, 288, 289, 197, 0, 33.62%, 17, 0, 2, 143.39, 359245, 769
21593, 37, 288, 289, 197, 0, 33.62%, 17, 0, 2, 142.48, 359983, 769
21598, 37, 288, 289, 197, 0, 33.62%, 17, 0, 2, 142.64, 360727, 769
21603, 37, 288, 289, 197, 0, 33.62%, 17, 0, 2, 142.56, 361441, 769
21609, 37, 288, 289, 197, 0, 33.62%, 17, 0, 2, 142.84, 362183, 769
21614, 37, 288, 289, 197, 0, 33.62%, 17, 0, 2, 117.34, 362765, 769
21619, 37, 288, 289, 197, 0, 33.62%, 17, 0, 2, 110.55, 363319, 769
21624, 37, 288, 289, 197, 0, 33.62%, 17, 0, 2, 109.15, 363875, 769
21629, 37, 288, 289, 197, 0, 33.62%, 17, 0, 2, 109.11, 364433, 769
21634, 37, 288, 289, 197, 0, 33.62%, 17, 0, 2, 112.60, 365003, 769
21639, 37, 288, 289, 197, 0, 33.62%, 17, 0, 2, 137.07, 365747, 769
21644, 37, 288, 289, 197, 0, 33.62%, 17, 0, 2, 141.52, 366462, 769
21649, 37, 288, 289, 197, 0, 33.62%, 17, 0, 2, 141.73, 367175, 769
21654, 37, 288, 289, 197, 0, 33.62%, 17, 0, 2, 142.63, 367889, 769
21660, 37, 288, 289, 197, 0, 33.62%, 17, 0, 2, 142.89, 368633, 769
21665, 37, 288, 289, 197, 0, 33.62%, 17, 0, 2, 142.68, 369375, 769
21670, 37, 146, 289, 197, 0, 33.62%, 17, 0, 2, 142.89, 370091, 769
21675, 37, 288, 289, 196, 0, 33.62%, 17, 0, 2, 142.95, 370836, 769
21680, 37, 288, 289, 196, 0, 33.62%, 17, 0, 2, 143.09, 371580, 769
21685, 37, 288, 289, 196, 0, 33.62%, 17, 0, 2, 143.14, 372324, 769
21691, 37, 288, 289, 196, 0, 33.62%, 17, 0, 2, 142.76, 373066, 769
21696, 37, 288, 289, 196, 0, 33.62%, 17, 0, 2, 142.63, 373798, 769
21701, 37, 288, 289, 196, 0, 33.62%, 17, 0, 2, 142.76, 374512, 769
21706, 37, 221, 289, 196, 0, 33.62%, 17, 0, 2, 143.02, 375230, 769
21711, 37, 288, 289, 195, 0, 33.62%, 17, 0, 2, 143.30, 375946, 769
21716, 37, 288, 289, 195, 0, 33.62%, 17, 0, 2, 142.87, 376660, 769
21721, 37, 288, 289, 195, 0, 33.62%, 17, 0, 2, 142.01, 377374, 769
21726, 37, 288, 289, 195, 0, 33.62%, 17, 0, 2, 142.39, 378088, 769
21731, 37, 288, 289, 195, 0, 33.62%, 17, 0, 2, 142.85, 378832, 769
21736, 37, 288, 289, 195, 0, 33.62%, 17, 0, 2, 140.88, 379566, 769
21741, 37, 288, 289, 195, 0, 33.62%, 17, 0, 2, 142.71, 380306, 769
21747, 37, 288, 289, 195, 0, 33.62%, 17, 0, 2, 141.98, 381045, 769
21752, 37, 288, 289, 195, 0, 33.62%, 17, 0, 2, 140.68, 381774, 769
21757, 37, 128, 289, 195, 0, 33.62%, 17, 0, 2, 141.77, 382509, 769
21762, 37, 288, 289, 194, 0, 33.62%, 17, 0, 2, 141.94, 383247, 769
21767, 37, 288, 289, 194, 0, 33.62%, 17, 0, 2, 142.21, 383981, 769
21773, 37, 288, 289, 194, 0, 33.62%, 17, 0, 2, 141.28, 384718, 769
21778, 37, 288, 289, 194, 0, 33.62%, 17, 0, 2, 142.65, 385461, 769
21783, 37, 288, 289, 194, 0, 33.62%, 17, 0, 2, 142.49, 386199, 769
21788, 37, 258, 289, 194, 0, 33.62%, 17, 0, 2, 142.01, 386937, 769
21793, 37, 258, 289, 194, 0, 33.62%, 17, 0, 2, 142.00, 387649, 769
21798, 37, 258, 289, 194, 0, 33.62%, 17, 0, 2, 141.90, 388369, 769
21803, 37, 288, 289, 193, 0, 33.62%, 17, 0, 2, 142.72, 389113, 769
21809, 37, 288, 289, 193, 0, 33.62%, 17, 0, 2, 143.17, 389855, 769
21814, 37, 288, 289, 193, 0, 33.62%, 17, 0, 2, 142.73, 390569, 769
21819, 37, 288, 289, 193, 0, 33.62%, 17, 0, 2, 142.80, 391311, 769
21824, 37, 288, 289, 193, 0, 33.62%, 17, 0, 2, 143.24, 392051, 769
21829, 37, 288, 289, 193, 0, 33.62%, 17, 0, 2, 142.54, 392793, 769
21834, 37, 261, 289, 193, 0, 33.62%, 17, 0, 2, 142.06, 393509, 769
21839, 37, 261, 289, 193, 0, 33.62%, 17, 0, 2, 142.31, 394227, 769
21844, 37, 261, 289, 193, 0, 33.62%, 17, 0, 2, 142.51, 394946, 769
21850, 37, 26, 289, 192, 0, 33.62%, 17, 0, 2, 143.39, 395694, 769
21855, 37, 288, 289, 191, 0, 33.62%, 17, 0, 2, 143.14, 396410, 769
21860, 37, 288, 289, 191, 0, 33.62%, 17, 0, 2, 143.18, 397152, 769
21865, 37, 288, 289, 191, 0, 33.62%, 17, 0, 2, 143.43, 397896, 769
21870, 37, 288, 289, 191, 0, 33.62%, 17, 0, 2, 142.29, 398634, 769
21875, 37, 288, 289, 191, 0, 33.62%, 17, 0, 2, 143.36, 399378, 769
21880, 37, 288, 289, 191, 0, 33.62%, 17, 0, 2, 143.65, 400120, 769
21886, 37, 288, 289, 191, 0, 33.62%, 17, 0, 2, 143.31, 400864, 769
21891, 37, 288, 289, 191, 0, 33.62%, 17, 0, 2, 142.99, 401606, 769
21896, 37, 288, 289, 191, 0, 33.62%, 17, 0, 2, 142.45, 402315, 769
21901, 37, 288, 289, 191, 0, 33.62%, 17, 0, 2, 143.27, 403056, 769
21906, 37, 288, 289, 191, 0, 33.62%, 17, 0, 2, 143.34, 403802, 769
21911, 37, 288, 289, 191, 0, 33.62%, 17, 0, 2, 142.85, 404516, 769
21916, 37, 288, 289, 191, 0, 33.62%, 17, 0, 2, 143.15, 405259, 769
21922, 37, 288, 289, 191, 0, 33.62%, 17, 0, 2, 143.51, 406002, 769
21927, 37, 288, 289, 191, 0, 33.62%, 17, 0, 2, 143.57, 406746, 769
21932, 37, 288, 289, 191, 0, 33.62%, 17, 0, 2, 142.71, 407460, 769
21937, 37, 288, 289, 191, 0, 33.62%, 17, 0, 2, 142.79, 408202, 769
21942, 37, 192, 289, 191, 0, 33.62%, 17, 0, 2, 143.07, 408918, 769
21947, 37, 288, 289, 190, 0, 33.62%, 17, 0, 2, 143.09, 409663, 769
21952, 37, 288, 289, 190, 0, 33.62%, 17, 0, 2, 143.51, 410407, 769
21958, 37, 288, 289, 190, 0, 33.62%, 17, 0, 2, 143.32, 411151, 769
21963, 37, 288, 289, 190, 0, 33.62%, 17, 0, 2, 143.29, 411893, 769
21968, 37, 13, 289, 190, 0, 33.62%, 17, 0, 2, 138.87, 412615, 769
21973, 37, 13, 289, 190, 0, 33.62%, 17, 0, 2, 136.08, 413313, 769
21978, 37, 288, 289, 189, 0, 33.62%, 17, 0, 2, 141.39, 414045, 769
21983, 37, 288, 289, 189, 0, 33.62%, 17, 0, 2, 142.53, 414789, 769
21989, 37, 288, 289, 189, 0, 33.62%, 17, 0, 2, 142.45, 415527, 769
21994, 37, 235, 289, 189, 0, 33.62%, 17, 0, 2, 142.43, 416263, 769
21999, 37, 288, 289, 188, 0, 33.62%, 17, 0, 2, 142.85, 417007, 769
22004, 37, 288, 289, 188, 0, 33.62%, 17, 0, 2, 142.77, 417750, 769
22009, 37, 288, 289, 188, 0, 33.62%, 17, 0, 2, 142.91, 418493, 769
22014, 37, 288, 289, 188, 0, 33.62%, 17, 0, 2, 142.76, 419207, 769
22020, 37, 288, 289, 188, 0, 33.62%, 17, 0, 2, 143.25, 419951, 769
22025, 37, 288, 289, 188, 0, 33.62%, 17, 0, 2, 143.20, 420693, 769
22030, 37, 288, 289, 188, 0, 33.62%, 17, 0, 2, 142.84, 421407, 769
22035, 37, 288, 289, 188, 0, 33.62%, 17, 0, 2, 142.88, 422121, 769
22040, 38, 288, 289, 188, 0, 33.62%, 17, 0, 2, 143.06, 422865, 769
22045, 38, 288, 289, 188, 0, 33.62%, 17, 0, 2, 142.58, 423579, 769
22050, 38, 288, 289, 188, 0, 33.62%, 17, 0, 2, 143.19, 424323, 769
22055, 38, 288, 289, 188, 0, 33.62%, 17, 0, 2, 142.96, 425037, 769
22060, 38, 288, 289, 188, 0, 33.62%, 17, 0, 2, 141.64, 425763, 769
22066, 38, 172, 289, 188, 0, 33.62%, 17, 0, 2, 143.12, 426507, 769
22071, 38, 288, 289, 187, 0, 33.62%, 17, 0, 2, 143.66, 427253, 769
22076, 38, 288, 289, 187, 0, 33.62%, 17, 0, 2, 143.31, 427997, 769
22081, 38, 168, 289, 187, 0, 33.62%, 17, 0, 2, 142.48, 428711, 769
22086, 38, 288, 289, 186, 0, 33.62%, 17, 0, 2, 142.25, 429425, 769
22091, 38, 288, 289, 186, 0, 33.62%, 17, 0, 2, 141.96, 430161, 769
22096, 38, 288, 289, 186, 0, 33.62%, 17, 0, 2, 142.23, 430875, 769
22101, 38, 288, 289, 186, 0, 33.62%, 17, 0, 2, 143.03, 431619, 769
22107, 38, 288, 289, 186, 0, 33.62%, 17, 0, 2, 143.12, 432362, 769
22112, 38, 288, 289, 186, 0, 33.62%, 17, 0, 2, 143.15, 433105, 769
22117, 38, 288, 289, 186, 0, 33.62%, 17, 0, 2, 142.91, 433849, 769
22122, 38, 288, 289, 186, 0, 33.62%, 17, 0, 2, 143.39, 434593, 769
22127, 38, 288, 289, 186, 0, 33.62%, 17, 0, 2, 143.18, 435337, 769
22132, 38, 180, 289, 186, 0, 33.62%, 17, 0, 2, 142.99, 436053, 769
22137, 38, 288, 289, 185, 0, 33.62%, 17, 0, 2, 142.67, 436772, 769
22143, 38, 170, 289, 185, 0, 33.62%, 17, 0, 2, 143.04, 437516, 769
22148, 38, 288, 289, 184, 0, 33.62%, 17, 0, 2, 143.03, 438260, 769
22153, 38, 220, 289, 184, 0, 33.62%, 17, 0, 2, 142.87, 439004, 769
22158, 38, 288, 289, 183, 0, 33.62%, 17, 0, 2, 142.58, 439721, 769
22163, 38, 288, 289, 183, 0, 33.62%, 17, 0, 2, 142.70, 440465, 769
22168, 38, 288, 289, 183, 0, 33.62%, 17, 0, 2, 143.59, 441209, 769
22174, 38, 288, 289, 183, 0, 33.62%, 17, 0, 2, 142.37, 441947, 769
22179, 38, 288, 289, 183, 0, 33.62%, 17, 0, 2, 142.76, 442689, 769
22184, 38, 288, 289, 183, 0, 33.62%, 17, 0, 2, 143.21, 443433, 769
22189, 38, 204, 289, 183, 0, 33.62%, 17, 0, 2, 143.02, 444149, 769
22194, 38, 288, 289, 182, 0, 33.62%, 17, 0, 2, 142.41, 444888, 769
22199, 38, 288, 289, 182, 0, 33.62%, 17, 0, 2, 142.62, 445602, 769
22204, 38, 288, 289, 182, 0, 33.62%, 17, 0, 2, 141.74, 446338, 769
22210, 38, 288, 289, 182, 0, 33.62%, 17, 0, 2, 140.89, 447068, 769
22215, 38, 288, 289, 182, 0, 33.62%, 17, 0, 2, 142.06, 447809, 769
22220, 38, 233, 289, 182, 0, 33.62%, 17, 0, 2, 142.38, 448522, 769
22225, 38, 288, 289, 181, 0, 33.62%, 17, 0, 2, 142.19, 449262, 769
22230, 38, 288, 289, 181, 0, 33.62%, 17, 0, 2, 142.23, 449974, 769
22235, 38, 288, 289, 181, 0, 33.62%, 17, 0, 2, 142.74, 450690, 769
22240, 38, 288, 289, 181, 0, 33.62%, 17, 0, 2, 142.05, 451426, 769
22245, 38, 288, 289, 181, 0, 33.62%, 17, 0, 2, 142.34, 452140, 769
22250, 38, 278, 289, 181, 0, 33.62%, 17, 0, 2, 141.31, 452872, 769
22255, 38, 278, 289, 181, 0, 33.62%, 17, 0, 2, 138.88, 453572, 769
22261, 38, 278, 289, 181, 0, 33.62%, 17, 0, 2, 140.11, 454287, 769
22266, 38, 159, 289, 180, 0, 33.62%, 17, 0, 2, 143.25, 455035, 769
22271, 38, 288, 289, 179, 0, 33.62%, 17, 0, 2, 143.09, 455781, 769
22276, 38, 165, 289, 179, 0, 33.62%, 17, 0, 2, 143.29, 456497, 769
22281, 38, 288, 289, 178, 0, 33.62%, 17, 0, 2, 143.75, 457243, 769
22286, 38, 288, 289, 178, 0, 33.62%, 17, 0, 2, 143.44, 457987, 769
22292, 38, 288, 289, 178, 0, 33.62%, 17, 0, 2, 142.43, 458728, 769
22297, 38, 262, 289, 178, 0, 33.62%, 17, 0, 2, 143.11, 459472, 769
22302, 38, 288, 289, 178, 0, 33.62%, 17, 0, 2, 142.43, 460214, 769
22307, 38, 17, 289, 177, 0, 33.62%, 17, 0, 2, 139.50, 460929, 769
22312, 38, 17, 289, 177, 0, 33.62%, 17, 0, 2, 138.59, 461629, 769
22317, 38, 288, 289, 176, 0, 33.62%, 17, 0, 2, 140.46, 462347, 769
22322, 38, 288, 289, 176, 0, 33.62%, 17, 0, 2, 142.31, 463089, 769
22327, 38, 93, 289, 176, 0, 33.62%, 17, 0, 2, 143.13, 463807, 769
22333, 38, 288, 289, 175, 0, 33.62%, 17, 0, 2, 142.52, 464545, 769
22338, 38, 288, 289, 175, 0, 33.62%, 17, 0, 2, 142.29, 465283, 769
22343, 38, 288, 289, 175, 0, 33.62%, 17, 0, 2, 143.75, 466026, 769
22348, 38, 288, 289, 175, 0, 33.62%, 17, 0, 2, 143.92, 466765, 769
22353, 38, 288, 289, 175, 0, 33.62%, 17, 0, 2, 143.71, 467505, 769
22358, 38, 288, 289, 175, 0, 33.62%, 17, 0, 2, 145.36, 468253, 769
22364, 38, 277, 289, 175, 0, 33.62%, 17, 0, 2, 144.88, 468995, 769
22369, 38, 277, 289, 175, 0, 33.62%, 17, 0, 2, 142.62, 469713, 769
22374, 38, 277, 289, 175, 0, 33.62%, 17, 0, 2, 143.32, 470432, 769
22379, 38, 288, 289, 174, 0, 33.62%, 17, 0, 2, 145.65, 471182, 769
22384, 38, 288, 289, 174, 0, 33.62%, 17, 0, 2, 145.99, 471932, 769
22389, 38, 288, 289, 174, 0, 33.62%, 17, 0, 2, 145.97, 472682, 769
22394, 38, 288, 289, 174, 0, 33.62%, 17, 0, 2, 145.96, 473432, 769
22399, 38, 288, 289, 174, 0, 33.62%, 17, 0, 2, 145.94, 474182, 769
22404, 38, 232, 289, 174, 0, 33.62%, 17, 0, 2, 146.37, 474932, 769
22410, 38, 288, 289, 173, 0, 33.62%, 17, 0, 2, 146.50, 475682, 769
22415, 38, 288, 289, 173, 0, 33.62%, 17, 0, 2, 146.59, 476432, 769
22420, 38, 288, 289, 173, 0, 33.62%, 17, 0, 2, 146.40, 477182, 769
22425, 38, 288, 289, 173, 0, 33.62%, 17, 0, 2, 146.32, 477932, 769
22430, 38, 288, 289, 173, 0, 33.62%, 17, 0, 2, 146.08, 478682, 769
22435, 38, 288, 289, 173, 0, 33.62%, 17, 0, 2, 120.61, 479270, 769
22440, 38, 288, 289, 173, 0, 33.62%, 17, 0, 2, 113.17, 479838, 769
22445, 38, 288, 289, 173, 0, 33.62%, 17, 0, 2, 111.65, 480404, 769
22451, 38, 61, 289, 173, 0, 33.62%, 17, 0, 2, 111.54, 480978, 769
22456, 38, 288, 289, 172, 0, 33.62%, 17, 0, 2, 111.65, 481551, 769
22461, 38, 288, 289, 172, 0, 33.62%, 17, 0, 2, 111.73, 482125, 769
22466, 38, 288, 289, 172, 0, 33.62%, 17, 0, 2, 111.77, 482697, 769
22471, 38, 288, 289, 172, 0, 33.62%, 17, 0, 2, 111.59, 483273, 769
22476, 38, 288, 289, 172, 0, 33.62%, 17, 0, 2, 111.53, 483843, 769
22481, 38, 288, 289, 172, 0, 33.62%, 17, 0, 2, 111.33, 484407, 769
22486, 38, 288, 289, 172, 0, 33.62%, 17, 0, 2, 124.13, 485023, 769
22491, 38, 262, 289, 172, 0, 33.62%, 17, 0, 2, 141.58, 485773, 769
22497, 38, 288, 289, 172, 0, 33.62%, 17, 0, 2, 144.64, 486523, 769
22502, 38, 288, 289, 172, 0, 33.62%, 17, 0, 2, 145.84, 487273, 769
22507, 38, 288, 289, 172, 0, 33.62%, 17, 0, 2, 146.08, 488021, 769
22512, 38, 288, 289, 172, 0, 33.62%, 17, 0, 2, 146.16, 488771, 769
22517, 38, 288, 289, 172, 0, 33.62%, 17, 0, 2, 144.87, 489513, 769
22522, 38, 288, 289, 172, 0, 33.62%, 17, 0, 2, 145.73, 490261, 769
22527, 38, 288, 289, 172, 0, 33.62%, 17, 0, 2, 145.55, 491011, 769
22533, 38, 262, 289, 172, 0, 33.62%, 17, 0, 2, 145.93, 491759, 769
22538, 38, 288, 289, 172, 0, 33.62%, 17, 0, 2, 146.45, 492509, 769
22543, 38, 288, 289, 172, 0, 33.62%, 17, 0, 2, 145.66, 493257, 769
22548, 38, 288, 289, 172, 0, 33.62%, 17, 0, 2, 146.45, 494007, 769
22553, 38, 288, 289, 171, 0, 33.62%, 17, 0, 2, 144.86, 494754, 769
22558, 38, 288, 289, 171, 0, 33.62%, 17, 0, 2, 145.14, 495498, 769
22563, 38, 288, 289, 171, 0, 33.62%, 17, 0, 2, 145.15, 496248, 769
22569, 38, 288, 289, 171, 0, 33.62%, 17, 0, 2, 145.50, 496996, 769
22574, 38, 288, 289, 171, 0, 33.62%, 17, 0, 2, 145.28, 497740, 769
22579, 38, 288, 289, 171, 0, 33.62%, 17, 0, 2, 144.37, 498484, 769
22584, 39, 288, 289, 171, 0, 33.62%, 17, 0, 2, 143.91, 499228, 769
22589, 39, 288, 289, 171, 0, 33.62%, 17, 0, 2, 145.43, 499974, 769
22594, 39, 227, 289, 171, 0, 33.62%, 17, 0, 2, 145.03, 500718, 769
22599, 39, 288, 289, 170, 0, 33.62%, 17, 0, 2, 145.57, 501464, 769
22604, 39, 288, 289, 170, 0, 33.62%, 17, 0, 2, 145.75, 502210, 769
22610, 39, 288, 289, 170, 0, 33.62%, 17, 0, 2, 145.20, 502956, 769
22615, 39, 288, 289, 170, 0, 33.62%, 17, 0, 2, 127.39, 503610, 769
22620, 39, 288, 289, 170, 0, 33.62%, 17, 0, 2, 141.63, 504354, 769
22621, 39, 288, 289, 170, 0, 33.62%, 17, 0, 2, 141.67, 504438, 769
22682, 40, 264, 289, 256, 0, 33.58%, 10, 0, 2, 144.52, 12137, 768
22687, 40, 186, 289, 256, 0, 33.58%, 10, 0, 2, 144.79, 12886, 768
22693, 40, 221, 289, 254, 0, 33.58%, 10, 0, 2, 144.99, 13634, 768
22698, 40, 31, 289, 254, 0, 33.58%, 10, 0, 2, 145.57, 14383, 768
22703, 40, 264, 289, 253, 0, 33.58%, 11, 0, 2, 142.70, 15119, 768
22708, 40, 249, 289, 253, 0, 33.58%, 11, 0, 2, 143.23, 15863, 768
22713, 40, 249, 289, 253, 0, 33.58%, 11, 0, 2, 143.70, 16583, 768
22718, 40, 264, 289, 252, 0, 33.58%, 11, 0, 2, 144.57, 17331, 768
22723, 40, 139, 289, 252, 0, 33.58%, 11, 0, 2, 144.84, 18080, 768
22729, 40, 46, 289, 251, 0, 33.58%, 11, 0, 2, 145.36, 18828, 768
22734, 40, 186, 289, 251, 0, 33.58%, 11, 0, 2, 145.12, 19573, 768
22739, 40, 46, 289, 250, 0, 33.58%, 11, 0, 2, 144.89, 20324, 768
22744, 40, 224, 289, 250, 0, 33.58%, 11, 0, 2, 145.28, 21072, 768
22749, 40, 221, 289, 250, 0, 33.58%, 11, 0, 2, 144.88, 21815, 768
22754, 40, 80, 289, 249, 0, 33.58%, 11, 0, 2, 144.47, 22561, 768
22760, 40, 221, 289, 248, 0, 33.58%, 12, 0, 2, 145.26, 23307, 768
22765, 40, 109, 289, 248, 0, 33.58%, 12, 0, 2, 145.38, 24057, 768
22770, 40, 264, 289, 247, 0, 33.58%, 12, 0, 2, 144.58, 24803, 768
22775, 40, 130, 289, 247, 0, 33.58%, 12, 0, 2, 145.18, 25552, 768
22780, 40, 264, 289, 246, 0, 33.58%, 12, 0, 2, 145.05, 26299, 768
22785, 40, 74, 289, 246, 0, 33.58%, 12, 0, 2, 145.22, 27050, 768
22790, 40, 224, 289, 245, 0, 33.58%, 12, 0, 2, 144.77, 27796, 768
22796, 40, 224, 289, 245, 0, 33.58%, 12, 0, 2, 144.84, 28546, 768
22801, 40, 27, 289, 245, 0, 33.58%, 12, 0, 2, 143.27, 29264, 768
22806, 40, 27, 289, 245, 0, 33.58%, 12, 0, 2, 143.73, 29984, 768
22811, 40, 264, 289, 244, 0, 33.58%, 13, 0, 2, 143.49, 30730, 768
22816, 40, 33, 289, 244, 0, 33.58%, 13, 0, 2, 144.84, 31473, 768
22821, 40, 224, 289, 243, 0, 33.58%, 13, 0, 2, 145.13, 32221, 768
22826, 40, 138, 289, 243, 0, 33.58%, 13, 0, 2, 144.61, 32967, 768
22831, 40, 221, 289, 242, 0, 33.58%, 13, 0, 2, 144.81, 33716, 768
22837, 40, 166, 289, 242, 0, 33.58%, 13, 0, 2, 144.81, 34461, 768
22842, 40, 264, 289, 241, 0, 33.58%, 13, 0, 2, 144.70, 35209, 768
22847, 40, 190, 289, 241, 0, 33.58%, 13, 0, 2, 144.72, 35957, 768
22852, 40, 224, 289, 240, 0, 33.58%, 14, 0, 2, 144.93, 36705, 768
22857, 40, 145, 289, 240, 0, 33.58%, 14, 0, 2, 144.67, 37455, 768
22862, 40, 142, 289, 239, 0, 33.58%, 14, 0, 2, 144.83, 38204, 768
22868, 40, 46, 289, 238, 0, 33.58%, 14, 0, 2, 144.74, 38951, 768
22873, 40, 100, 289, 238, 0, 33.58%, 14, 0, 2, 144.55, 39699, 768
22878, 40, 264, 289, 237, 0, 33.58%, 14, 0, 2, 144.49, 40445, 768
22883, 40, 224, 289, 237, 0, 33.58%, 14, 0, 2, 143.39, 41185, 768
22888, 40, 264, 289, 237, 0, 33.58%, 14, 0, 2, 143.82, 41927, 768
22893, 40, 246, 289, 237, 0, 33.58%, 14, 0, 2, 144.69, 42675, 768
22898, 40, 246, 289, 237, 0, 33.58%, 14, 0, 2, 143.45, 43395, 768
22904, 40, 224, 289, 236, 0, 33.58%, 14, 0, 2, 144.31, 44141, 768
22909, 40, 134, 289, 236, 0, 33.58%, 14, 0, 2, 145.25, 44889, 768
22914, 40, 215, 289, 235, 0, 33.58%, 14, 0, 2, 145.23, 45635, 768
22919, 40, 115, 289, 234, 0, 33.58%, 14, 0, 2, 144.48, 46383, 768
22924, 40, 116, 289, 233, 0, 33.58%, 14, 0, 2, 145.13, 47132, 768
22929, 40, 224, 289, 232, 0, 33.58%, 14, 0, 2, 145.11, 47879, 768
22935, 40, 92, 289, 232, 0, 33.58%, 14, 0, 2, 144.94, 48624, 768
22940, 40, 224, 289, 232, 0, 33.58%, 14, 0, 2, 144.76, 49368, 768
22945, 40, 224, 289, 231, 0, 33.58%, 14, 0, 2, 144.86, 50114, 768
22950, 40, 105, 289, 231, 0, 33.58%, 14, 0, 2, 145.03, 50860, 768
22955, 40, 224, 289, 230, 0, 33.58%, 14, 0, 2, 144.17, 51603, 768
22960, 40, 137, 289, 230, 0, 33.58%, 14, 0, 2, 144.95, 52352, 768
22965, 40, 82, 289, 229, 0, 33.58%, 14, 0, 2, 144.96, 53102, 768
22971, 40, 92, 289, 228, 0, 33.58%, 14, 0, 2, 145.28, 53849, 768
22976, 40, 184, 289, 228, 0, 33.58%, 14, 0, 2, 144.98, 54598, 768
22981, 40, 264, 289, 227, 0, 33.58%, 14, 0, 2, 144.63, 55343, 768
22986, 40, 253, 289, 227, 0, 33.58%, 14, 0, 2, 144.68, 56088, 768
22991, 40, 46, 289, 226, 0, 33.58%, 14, 0, 2, 144.34, 56834, 768
22996, 40, 264, 289, 226, 0, 33.58%, 14, 0, 2, 144.64, 57582, 768
23002, 40, 284, 289, 226, 0, 33.58%, 15, 0, 2, 143.16, 58326, 768
23007, 40, 284, 289, 226, 0, 33.58%, 15, 0, 2, 141.72, 59034, 768
23012, 40, 221, 289, 225, 0, 33.58%, 15, 0, 2, 143.34, 59771, 768
23017, 40, 264, 289, 225, 0, 33.58%, 15, 0, 2, 144.92, 60521, 768
23022, 40, 264, 289, 224, 0, 33.58%, 15, 0, 2, 144.48, 61271, 768
23027, 40, 264, 289, 224, 0, 33.58%, 15, 0, 2, 144.31, 62016, 768
23032, 40, 224, 289, 224, 0, 33.58%, 15, 0, 2, 144.52, 62760, 768
23038, 40, 243, 289, 224, 0, 33.58%, 15, 0, 2, 145.17, 63511, 768
23043, 40, 243, 289, 224, 0, 33.58%, 15, 0, 2, 121.71, 64135, 768
23048, 40, 243, 289, 224, 0, 33.58%, 15, 0, 2, 134.98, 64825, 768
23053, 40, 221, 289, 223, 0, 33.58%, 15, 0, 2, 142.70, 65572, 768
23058, 40, 68, 289, 223, 0, 33.58%, 15, 0, 2, 144.20, 66321, 768
23063, 40, 60, 289, 222, 0, 33.58%, 15, 0, 2, 144.61, 67069, 768
23069, 40, 46, 289, 221, 0, 33.58%, 15, 0, 2, 142.54, 67803, 768
23074, 40, 44, 289, 221, 0, 33.58%, 15, 0, 2, 144.72, 68553, 768
23079, 40, 46, 289, 220, 0, 33.58%, 15, 0, 2, 143.76, 69293, 768
23084, 40, 264, 289, 220, 0, 33.58%, 15, 0, 2, 142.95, 70031, 768
23089, 40, 210, 289, 220, 0, 33.58%, 15, 0, 2, 144.39, 70777, 768
23094, 40, 224, 289, 219, 0, 33.58%, 15, 0, 2, 142.69, 71521, 768
23100, 40, 224, 289, 219, 0, 33.58%, 15, 0, 2, 144.19, 72269, 768
23105, 40, 221, 289, 219, 0, 33.58%, 15, 0, 2, 144.84, 73017, 768
23110, 40, 264, 289, 219, 0, 33.58%, 15, 0, 2, 145.04, 73765, 768
23115, 40, 224, 289, 219, 0, 33.58%, 15, 0, 2, 140.64, 74499, 768
23120, 40, 262, 289, 219, 0, 33.58%, 15, 0, 2, 116.72, 75073, 768
23125, 40, 264, 289, 218, 0, 33.58%, 15, 0, 2, 111.57, 75646, 768
23130, 40, 220, 289, 218, 0, 33.58%, 15, 0, 2, 110.90, 76201, 768
23136, 40, 46, 289, 217, 0, 33.58%, 15, 0, 2, 110.70, 76763, 768
23141, 40, 221, 289, 217, 0, 33.58%, 15, 0, 2, 109.95, 77333, 768
23146, 40, 229, 289, 217, 0, 33.58%, 15, 0, 2, 109.81, 77899, 768
23151, 40, 229, 289, 217, 0, 33.58%, 15, 0, 2, 110.23, 78469, 768
23156, 40, 46, 289, 216, 0, 33.58%, 15, 0, 2, 136.79, 79207, 768
23161, 40, 42, 289, 215, 0, 33.58%, 15, 0, 2, 142.02, 79947, 768
23167, 40, 222, 289, 214, 0, 33.58%, 15, 0, 2, 144.45, 80695, 768
23172, 40, 224, 289, 213, 0, 33.58%, 15, 0, 2, 144.01, 81443, 768
23177, 40, 224, 289, 213, 0, 33.58%, 15, 0, 2, 125.52, 82097, 768
23182, 40, 119, 289, 213, 0, 33.58%, 15, 0, 2, 131.94, 82769, 768
23187, 40, 46, 289, 212, 0, 33.58%, 15, 0, 2, 114.91, 83326, 768
23192, 40, 219, 289, 212, 0, 33.58%, 15, 0, 2, 134.38, 84018, 768
23197, 40, 72, 289, 211, 0, 33.58%, 15, 0, 2, 142.99, 84766, 768
23203, 40, 92, 289, 210, 0, 33.58%, 15, 0, 2, 143.10, 85505, 768
23208, 40, 92, 289, 209, 0, 33.58%, 15, 0, 2, 143.61, 86245, 768
23213, 40, 39, 289, 209, 0, 33.58%, 15, 0, 2, 142.14, 86981, 768
23218, 40, 46, 289, 208, 0, 33.58%, 15, 0, 2, 143.52, 87725, 768
23223, 40, 261, 289, 208, 0, 33.58%, 15, 0, 2, 144.91, 88476, 768
23228, 40, 264, 289, 207, 0, 33.58%, 15, 0, 2, 144.74, 89220, 768
23234, 40, 224, 289, 207, 0, 33.58%, 15, 0, 2, 143.14, 89960, 768
23239, 40, 2, 289, 207, 0, 33.58%, 15, 0, 2, 136.34, 90668, 768
23244, 40, 2, 289, 207, 0, 33.58%, 15, 0, 2, 129.85, 91326, 768
23249, 40, 224, 289, 206, 0, 33.58%, 15, 0, 2, 137.91, 92030, 768
23254, 40, 150, 289, 206, 0, 33.58%, 15, 0, 2, 143.61, 92776, 768
23259, 40, 46, 289, 205, 0, 33.58%, 15, 0, 2, 143.98, 93518, 768
23264, 40, 221, 289, 205, 0, 33.58%, 15, 0, 2, 142.36, 94250, 768
23270, 40, 216, 289, 205, 0, 33.58%, 15, 0, 2, 143.09, 94992, 768
23275, 40, 264, 289, 204, 0, 33.58%, 15, 0, 2, 142.45, 95723, 768
23280, 40, 114, 289, 204, 0, 33.58%, 15, 0, 2, 142.62, 96459, 768
23285, 40, 46, 289, 203, 0, 33.58%, 15, 0, 2, 138.66, 97186, 768
23290, 40, 200, 289, 203, 0, 33.58%, 15, 0, 2, 127.58, 97788, 768
23295, 40, 170, 289, 202, 0, 33.58%, 15, 0, 2, 141.41, 98533, 768
23301, 40, 120, 289, 201, 0, 33.58%, 15, 0, 2, 144.39, 99282, 768
23306, 40, 221, 289, 200, 0, 33.58%, 15, 0, 2, 144.87, 100032, 768
23311, 40, 156, 289, 200, 0, 33.58%, 15, 0, 2, 144.58, 100778, 768
23316, 40, 134, 289, 199, 0, 33.58%, 15, 0, 2, 144.98, 101528, 768
23321, 40, 131, 289, 199, 0, 33.58%, 15, 0, 2, 144.79, 102276, 768
23326, 40, 252, 289, 198, 0, 33.58%, 15, 0, 2, 144.68, 103024, 768
23332, 40, 46, 289, 197, 0, 33.58%, 15, 0, 2, 144.41, 103771, 768
23337, 40, 264, 289, 197, 0, 33.58%, 15, 0, 2, 143.24, 104513, 768
23342, 40, 221, 289, 197, 0, 33.58%, 15, 0, 2, 144.89, 105263, 768
23347, 40, 264, 289, 197, 0, 33.58%, 15, 0, 2, 143.90, 106005, 768
23352, 40, 281, 289, 197, 0, 33.58%, 15, 0, 2, 142.04, 106739, 768
23357, 40, 281, 289, 197, 0, 33.58%, 15, 0, 2, 137.65, 107439, 768
23362, 40, 99, 289, 196, 0, 33.58%, 15, 0, 2, 141.25, 108165, 768
23368, 40, 221, 289, 195, 0, 33.58%, 15, 0, 2, 142.26, 108906, 768
23373, 40, 264, 289, 195, 0, 33.58%, 15, 0, 2, 144.83, 109656, 768
23378, 40, 221, 289, 195, 0, 33.58%, 15, 0, 2, 145.15, 110402, 768
23383, 40, 224, 289, 194, 0, 33.58%, 15, 0, 2, 144.64, 111150, 768
23388, 40, 221, 289, 194, 0, 33.58%, 15, 0, 2, 144.91, 111894, 768
23393, 40, 26, 289, 194, 0, 33.58%, 15, 0, 2, 144.82, 112641, 768
23399, 40, 92, 289, 193, 0, 33.58%, 15, 0, 2, 143.83, 113387, 768
23404, 40, 206, 289, 193, 0, 33.58%, 15, 0, 2, 144.50, 114134, 768
23409, 40, 46, 289, 192, 0, 33.58%, 16, 0, 2, 145.17, 114882, 768
23414, 40, 192, 289, 192, 0, 33.58%, 16, 0, 2, 144.72, 115632, 768
23419, 40, 264, 289, 191, 0, 33.58%, 16, 0, 2, 129.04, 116312, 768
23424, 40, 213, 289, 191, 0, 33.58%, 16, 0, 2, 114.10, 116882, 768
23430, 40, 224, 289, 190, 0, 33.58%, 16, 0, 2, 110.74, 117453, 768
23435, 40, 232, 289, 190, 0, 33.58%, 16, 0, 2, 111.37, 118015, 768
23440, 40, 232, 289, 190, 0, 33.58%, 16, 0, 2, 136.02, 118731, 768
23445, 40, 224, 289, 189, 0, 33.58%, 16, 0, 2, 141.47, 119473, 768
23450, 40, 264, 289, 189, 0, 33.58%, 16, 0, 2, 143.48, 120219, 768
23455, 40, 264, 289, 189, 0, 33.58%, 16, 0, 2, 143.47, 120959, 768
23460, 40, 272, 289, 189, 0, 33.58%, 16, 0, 2, 141.74, 121699, 768
23466, 40, 272, 289, 189, 0, 33.58%, 16, 0, 2, 140.23, 122429, 768
23471, 40, 46, 289, 188, 0, 33.58%, 16, 0, 2, 142.28, 123163, 768
23476, 40, 58, 289, 188, 0, 33.58%, 16, 0, 2, 143.65, 123901, 768
23481, 40, 46, 289, 187, 0, 33.58%, 16, 0, 2, 142.66, 124642, 768
23486, 40, 24, 289, 187, 0, 33.58%, 16, 0, 2, 144.34, 125390, 768
23492, 41, 248, 289, 186, 0, 33.58%, 16, 0, 2, 144.15, 126138, 768
23497, 41, 248, 289, 186, 0, 33.58%, 16, 0, 2, 143.37, 126858, 768
23502, 41, 248, 289, 186, 0, 33.58%, 16, 0, 2, 143.42, 127577, 768
23507, 41, 18, 289, 185, 0, 33.58%, 16, 0, 2, 142.03, 128311, 768
23512, 41, 18, 289, 185, 0, 33.58%, 16, 0, 2, 139.41, 129013, 768
23517, 41, 18, 289, 185, 0, 33.58%, 16, 0, 2, 138.84, 129713, 768
23522, 41, 251, 289, 184, 0, 33.58%, 16, 0, 2, 142.92, 130459, 768
23527, 41, 251, 289, 184, 0, 33.58%, 16, 0, 2, 142.73, 131173, 768
23532, 41, 46, 289, 183, 0, 33.58%, 16, 0, 2, 144.06, 131921, 768
23537, 41, 62, 289, 183, 0, 33.58%, 16, 0, 2, 144.01, 132665, 768
23543, 41, 264, 289, 182, 0, 33.58%, 16, 0, 2, 143.46, 133409, 768
23548, 41, 264, 289, 182, 0, 33.58%, 16, 0, 2, 144.37, 134156, 768
23553, 41, 224, 289, 182, 0, 33.58%, 16, 0, 2, 144.30, 134901, 768
23558, 41, 264, 289, 182, 0, 33.58%, 16, 0, 2, 144.07, 135645, 768
23563, 41, 160, 289, 181, 0, 33.58%, 16, 0, 2, 144.22, 136395, 768
23568, 41, 264, 289, 180, 0, 33.58%, 16, 0, 2, 144.64, 137143, 768
23574, 41, 61, 289, 180, 0, 33.58%, 16, 0, 2, 144.32, 137888, 768
23579, 41, 264, 289, 179, 0, 33.58%, 16, 0, 2, 144.42, 138634, 768
23584, 41, 193, 289, 179, 0, 33.58%, 16, 0, 2, 144.94, 139384, 768
23589, 41, 264, 289, 178, 0, 33.58%, 16, 0, 2, 144.07, 140124, 768
23594, 41, 12, 289, 178, 0, 33.58%, 16, 0, 2, 143.59, 140870, 768
23599, 41, 12, 289, 178, 0, 33.58%, 16, 0, 2, 143.65, 141590, 768
23604, 41, 155, 289, 177, 0, 33.58%, 16, 0, 2, 144.72, 142340, 768
23610, 41, 17, 289, 177, 0, 33.58%, 16, 0, 2, 144.13, 143078, 768
23615, 41, 17, 289, 177, 0, 33.58%, 16, 0, 2, 144.26, 143828, 768
23620, 41, 148, 289, 176, 0, 33.58%, 16, 0, 2, 143.87, 144575, 768
23625, 41, 264, 289, 175, 0, 33.58%, 16, 0, 2, 144.16, 145318, 768
23630, 41, 55, 289, 175, 0, 33.58%, 16, 0, 2, 144.89, 146066, 768
23635, 41, 46, 289, 173, 0, 33.58%, 16, 0, 2, 144.70, 146815, 768
23641, 41, 224, 289, 173, 0, 33.58%, 16, 0, 2, 144.64, 147563, 768
23646, 41, 264, 289, 173, 0, 33.58%, 16, 0, 2, 118.84, 148161, 768
23651, 41, 230, 289, 173, 0, 33.58%, 16, 0, 2, 112.06, 148735, 768
23656, 41, 224, 289, 172, 0, 33.58%, 16, 0, 2, 137.43, 149476, 768
23661, 41, 264, 289, 172, 0, 33.58%, 16, 0, 2, 143.33, 150224, 768
23667, 41, 215, 289, 172, 0, 33.58%, 16, 0, 2, 144.40, 150972, 768
23672, 41, 46, 289, 172, 0, 33.58%, 16, 0, 2, 143.62, 151714, 768
23677, 41, 278, 289, 172, 0, 33.58%, 16, 0, 2, 138.81, 152440, 768
23682, 41, 278, 289, 172, 0, 33.58%, 16, 0, 2, 134.28, 153132, 768
23687, 41, 278, 289, 172, 0, 33.58%, 16, 0, 2, 135.95, 153829, 768
23692, 41, 149, 289, 171, 0, 33.58%, 16, 0, 2, 142.47, 154574, 768
23698, 41, 92, 289, 170, 0, 33.58%, 16, 0, 2, 144.24, 155320, 768
23703, 41, 46, 289, 170, 0, 33.58%, 16, 0, 2, 124.03, 155968, 768
23708, 41, 20, 289, 170, 0, 33.58%, 16, 0, 2, 112.16, 156524, 768
23713, 41, 20, 289, 170, 0, 33.58%, 16, 0, 2, 120.44, 157124, 768
23718, 41, 121, 289, 169, 0, 33.58%, 16, 0, 2, 139.48, 157873, 768
23723, 41, 155, 289, 168, 0, 33.58%, 16, 0, 2, 143.42, 158621, 768
23729, 41, 224, 289, 168, 0, 33.58%, 16, 0, 2, 143.90, 159367, 768
23734, 41, 95, 289, 168, 0, 33.58%, 16, 0, 2, 141.24, 160103, 768
23739, 41, 29, 289, 167, 0, 33.58%, 16, 0, 2, 115.79, 160664, 768
23744, 41, 29, 289, 167, 0, 33.58%, 16, 0, 2, 109.69, 161216, 768
23749, 41, 29, 289, 167, 0, 33.58%, 16, 0, 2, 133.09, 161896, 768
23754, 41, 29, 289, 167, 0, 33.58%, 16, 0, 2, 141.25, 162614, 768
23759, 41, 15, 289, 166, 0, 33.58%, 16, 0, 2, 144.00, 163362, 768
23764, 41, 264, 289, 164, 0, 33.58%, 16, 0, 2, 144.41, 164109, 768
23769, 41, 221, 289, 164, 0, 33.58%, 16, 0, 2, 144.43, 164855, 768
23775, 41, 46, 289, 164, 0, 33.58%, 16, 0, 2, 144.25, 165601, 768
23780, 41, 224, 289, 164, 0, 33.58%, 16, 0, 2, 144.50, 166345, 768
23785, 41, 264, 289, 164, 0, 33.58%, 16, 0, 2, 145.03, 167093, 768
23790, 41, 31, 289, 164, 0, 33.58%, 16, 0, 2, 144.54, 167839, 768
23795, 41, 11, 289, 164, 0, 33.58%, 16, 0, 2, 143.93, 168583, 768
23800, 41, 11, 289, 164, 0, 33.58%, 16, 0, 2, 141.57, 169291, 768
23805, 41, 11, 289, 164, 0, 33.58%, 16, 0, 2, 136.30, 169981, 768
23811, 41, 183, 289, 163, 0, 33.58%, 16, 0, 2, 142.71, 170725, 768
23816, 41, 92, 289, 162, 0, 33.58%, 16, 0, 2, 144.48, 171470, 768
23821, 41, 264, 289, 162, 0, 33.58%, 16, 0, 2, 142.95, 172208, 768
23826, 41, 264, 289, 162, 0, 33.58%, 16, 0, 2, 143.83, 172954, 768
23831, 41, 132, 289, 162, 0, 33.58%, 16, 0, 2, 143.71, 173700, 768
23836, 41, 46, 289, 161, 0, 33.58%, 16, 0, 2, 116.54, 174264, 768
23842, 41, 264, 289, 161, 0, 33.58%, 16, 0, 2, 135.03, 174966, 768
23847, 41, 224, 289, 161, 0, 33.58%, 16, 0, 2, 142.42, 175712, 768
23852, 41, 196, 289, 161, 0, 33.58%, 16, 0, 2, 144.33, 176458, 768
23857, 41, 264, 289, 160, 0, 33.58%, 16, 0, 2, 144.39, 177204, 768
23862, 41, 76, 289, 160, 0, 33.58%, 16, 0, 2, 143.95, 177950, 768
23867, 41, 264, 289, 159, 0, 33.58%, 16, 0, 2, 143.46, 178670, 768
23872, 41, 19, 289, 159, 0, 33.58%, 16, 0, 2, 143.29, 179388, 768
23878, 41, 224, 289, 158, 0, 33.58%, 16, 0, 2, 144.25, 180131, 768
23883, 41, 264, 289, 158, 0, 33.58%, 16, 0, 2, 144.15, 180869, 768
23888, 41, 105, 289, 158, 0, 33.58%, 16, 0, 2, 143.91, 181607, 768
23893, 41, 46, 289, 158, 0, 33.58%, 16, 0, 2, 143.77, 182351, 768
23898, 41, 92, 289, 158, 0, 33.58%, 16, 0, 2, 143.91, 183097, 768
23903, 41, 146, 289, 158, 0, 33.58%, 16, 0, 2, 143.05, 183833, 768
23908, 41, 285, 289, 157, 0, 33.58%, 16, 0, 2, 142.62, 184575, 768
23913, 41, 285, 289, 157, 0, 33.58%, 16, 0, 2, 143.56, 185295, 768
23919, 41, 285, 289, 157, 0, 33.58%, 16, 0, 2, 143.99, 186044, 768
23924, 41, 45, 289, 156, 0, 33.58%, 16, 0, 2, 139.95, 186768, 768
23929, 41, 264, 289, 155, 0, 33.58%, 16, 0, 2, 142.92, 187512, 768
23934, 41, 102, 289, 155, 0, 33.58%, 16, 0, 2, 142.87, 188249, 768
23939, 41, 224, 289, 154, 0, 33.58%, 16, 0, 2, 142.18, 188985, 768
23945, 41, 32, 289, 154, 0, 33.58%, 16, 0, 2, 143.71, 189729, 768
23950, 41, 110, 289, 153, 0, 33.58%, 16, 0, 2, 144.57, 190475, 768
23955, 41, 92, 289, 152, 0, 33.58%, 16, 0, 2, 144.59, 191220, 768
23960, 41, 43, 289, 152, 0, 33.58%, 16, 0, 2, 144.79, 191970, 768
23965, 41, 250, 289, 151, 0, 33.58%, 16, 0, 2, 143.14, 192709, 768
23970, 41, 250, 289, 151, 0, 33.58%, 16, 0, 2, 142.39, 193421, 768
23975, 41, 224, 289, 150, 0, 33.58%, 16, 0, 2, 143.77, 194169, 768
23981, 41, 264, 289, 149, 0, 33.58%, 16, 0, 2, 144.61, 194917, 768
23986, 41, 46, 289, 149, 0, 33.58%, 16, 0, 2, 144.66, 195661, 768
23991, 41, 264, 289, 149, 0, 33.58%, 16, 0, 2, 143.70, 196405, 768
23996, 41, 264, 289, 149, 0, 33.58%, 16, 0, 2, 144.63, 197149, 768
24001, 41, 46, 289, 149, 0, 33.58%, 16, 0, 2, 143.93, 197893, 768
24006, 41, 264, 289, 149, 0, 33.58%, 16, 0, 2, 141.97, 198629, 768
24012, 41, 78, 289, 149, 0, 33.58%, 16, 0, 2, 143.77, 199379, 768
24017, 41, 194, 289, 148, 0, 33.58%, 16, 0, 2, 130.90, 200071, 768
24022, 41, 97, 289, 147, 0, 33.58%, 16, 0, 2, 114.15, 200643, 768
24027, 41, 21, 289, 146, 0, 33.58%, 16, 0, 2, 110.08, 201207, 768
24032, 41, 264, 289, 145, 0, 33.58%, 16, 0, 2, 136.50, 201951, 768
24037, 41, 207, 289, 145, 0, 33.58%, 16, 0, 2, 141.75, 202667, 768
24042, 41, 1, 289, 144, 0, 33.58%, 16, 0, 2, 143.22, 203411, 768
24048, 41, 84, 289, 143, 0, 33.58%, 16, 0, 2, 143.63, 204153, 768
24053, 41, 255, 289, 142, 0, 33.58%, 16, 0, 2, 143.91, 204898, 768
24058, 41, 255, 289, 142, 0, 33.58%, 16, 0, 2, 143.82, 205618, 768
24063, 41, 30, 289, 141, 0, 33.58%, 16, 0, 2, 142.09, 206355, 768
24068, 41, 30, 289, 141, 0, 33.58%, 16, 0, 2, 137.12, 207031, 768
24073, 41, 30, 289, 141, 0, 33.58%, 16, 0, 2, 142.28, 207779, 768
24079, 41, 224, 289, 140, 0, 33.58%, 16, 0, 2, 144.02, 208529, 768
24084, 41, 31, 289, 140, 0, 33.58%, 16, 0, 2, 129.65, 209167, 768
24089, 41, 179, 289, 140, 0, 33.58%, 16, 0, 2, 141.07, 209913, 768
24094, 41, 9, 289, 139, 0, 33.58%, 16, 0, 2, 141.86, 210653, 768
24099, 41, 9, 289, 139, 0, 33.58%, 16, 0, 2, 139.67, 211377, 768
24105, 41, 264, 289, 138, 0, 33.58%, 16, 0, 2, 139.84, 212101, 768
24110, 41, 264, 289, 138, 0, 33.58%, 16, 0, 2, 143.35, 212847, 768
24115, 41, 46, 289, 138, 0, 33.58%, 16, 0, 2, 144.14, 213593, 768
24120, 41, 47, 289, 138, 0, 33.58%, 16, 0, 2, 142.83, 214330, 768
24125, 41, 264, 289, 137, 0, 33.58%, 16, 0, 2, 144.35, 215081, 768
24130, 41, 41, 289, 137, 0, 33.58%, 16, 0, 2, 117.77, 215635, 768
24135, 41, 224, 289, 136, 0, 33.58%, 16, 0, 2, 111.87, 216188, 768
24140, 41, 96, 289, 136, 0, 33.58%, 16, 0, 2, 110.42, 216759, 768
24146, 41, 264, 289, 135, 0, 33.58%, 16, 0, 2, 123.96, 217377, 768
24151, 41, 124, 289, 135, 0, 33.58%, 16, 0, 2, 116.40, 217987, 768
24156, 41, 264, 289, 134, 0, 33.58%, 16, 0, 2, 111.50, 218562, 768
24161, 41, 56, 289, 134, 0, 33.58%, 16, 0, 2, 110.13, 219120, 768
24166, 41, 264, 289, 133, 0, 33.58%, 16, 0, 2, 109.85, 219688, 768
24171, 41, 92, 290, 134, 0, 33.62%, 16, 0, 2, 109.99, 220240, 769
24176, 41, 66, 290, 134, 0, 33.62%, 16, 0, 2, 109.97, 220810, 769
24182, 41, 224, 290, 133, 0, 33.62%, 16, 0, 2, 109.63, 221378, 769
24187, 41, 117, 290, 133, 0, 33.62%, 16, 0, 2, 110.22, 221948, 769
24192, 41, 181, 290, 132, 0, 33.62%, 16, 0, 2, 110.25, 222516, 769
24197, 41, 181, 290, 132, 0, 33.62%, 16, 0, 2, 110.24, 223089, 769
24202, 41, 92, 290, 131, 0, 33.62%, 16, 0, 2, 109.79, 223651, 769
24207, 41, 217, 290, 131, 0, 33.62%, 16, 0, 2, 110.20, 224211, 769
24212, 41, 46, 290, 130, 0, 33.62%, 16, 0, 2, 109.81, 224781, 769
24218, 41, 224, 290, 130, 0, 33.62%, 16, 0, 2, 112.74, 225363, 769
24223, 41, 280, 290, 130, 0, 33.62%, 16, 0, 2, 131.51, 226079, 769
24228, 41, 280, 290, 130, 0, 33.62%, 16, 0, 2, 136.38, 226775, 769
24233, 41, 264, 290, 129, 0, 33.62%, 16, 0, 2, 142.89, 227514, 769
24238, 41, 92, 290, 129, 0, 33.62%, 16, 0, 2, 143.50, 228256, 769
24243, 41, 271, 290, 129, 0, 33.62%, 16, 0, 2, 141.84, 228988, 769
24249, 41, 271, 290, 129, 0, 33.62%, 16, 0, 2, 140.80, 229720, 769
24254, 41, 46, 290, 128, 0, 33.62%, 16, 0, 2, 144.17, 230468, 769
24259, 41, 224, 290, 128, 0, 33.62%, 16, 0, 2, 145.96, 231218, 769
24264, 41, 8, 290, 128, 0, 33.62%, 16, 0, 2, 144.40, 231964, 769
24269, 41, 8, 290, 128, 0, 33.62%, 16, 0, 2, 143.70, 232712, 769
24274, 41, 8, 290, 128, 0, 33.62%, 16, 0, 2, 144.13, 233432, 769
24279, 41, 221, 290, 127, 0, 33.62%, 16, 0, 2, 146.07, 234182, 769
24285, 41, 264, 290, 127, 0, 33.62%, 16, 0, 2, 145.96, 234932, 769
24290, 41, 224, 290, 127, 0, 33.62%, 16, 0, 2, 146.13, 235680, 769
24295, 41, 224, 290, 127, 0, 33.62%, 16, 0, 2, 146.32, 236430, 769
24300, 41, 264, 290, 127, 0, 33.62%, 16, 0, 2, 145.93, 237180, 769
24305, 41, 221, 290, 127, 0, 33.62%, 16, 0, 2, 145.69, 237925, 769
24310, 41, 125, 290, 127, 0, 33.62%, 16, 0, 2, 145.71, 238676, 769
24315, 41, 94, 290, 126, 0, 33.62%, 16, 0, 2, 145.58, 239426, 769
24320, 41, 264, 290, 125, 0, 33.62%, 16, 0, 2, 145.85, 240173, 769
24326, 41, 172, 290, 125, 0, 33.62%, 16, 0, 2, 145.46, 240923, 769
24331, 41, 224, 290, 124, 0, 33.62%, 16, 0, 2, 145.27, 241667, 769
24336, 41, 264, 290, 124, 0, 33.62%, 16, 0, 2, 144.57, 242411, 769
24341, 41, 224, 290, 124, 0, 33.62%, 16, 0, 2, 146.38, 243161, 769
24346, 41, 64, 290, 124, 0, 33.62%, 16, 0, 2, 146.44, 243911, 769
24351, 41, 221, 290, 123, 0, 33.62%, 16, 0, 2, 145.96, 244657, 769
24356, 41, 92, 290, 123, 0, 33.62%, 16, 0, 2, 146.07, 245405, 769
24361, 41, 92, 290, 123, 0, 33.62%, 16, 0, 2, 146.78, 246155, 769
24367, 41, 224, 290, 123, 0, 33.62%, 16, 0, 2, 146.37, 246905, 769
24372, 41, 186, 290, 123, 0, 33.62%, 16, 0, 2, 146.57, 247655, 769
24377, 41, 264, 290, 122, 0, 33.62%, 16, 0, 2, 146.55, 248406, 769
24382, 41, 264, 290, 122, 0, 33.62%, 16, 0, 2, 144.11, 249148, 769
24387, 42, 92, 290, 122, 0, 33.62%, 16, 0, 2, 139.74, 249878, 769
24392, 42, 221, 290, 122, 0, 33.62%, 16, 0, 2, 117.38, 250442, 769
24397, 42, 46, 290, 122, 0, 33.62%, 16, 0, 2, 112.11, 251002, 769
24402, 42, 227, 290, 122, 0, 33.62%, 16, 0, 2, 136.00, 251714, 769
24408, 42, 224, 290, 121, 0, 33.62%, 16, 0, 2, 144.05, 252463, 769
24413, 42, 266, 290, 121, 0, 33.62%, 16, 0, 2, 142.91, 253183, 769
24418, 42, 266, 290, 121, 0, 33.62%, 16, 0, 2, 142.76, 253903, 769
24423, 42, 92, 290, 120, 0, 33.62%, 16, 0, 2, 145.41, 254651, 769
24428, 42, 264, 290, 120, 0, 33.62%, 16, 0, 2, 144.77, 255395, 769
24433, 42, 46, 290, 119, 0, 33.62%, 16, 0, 2, 145.69, 256143, 769
24438, 42, 79, 290, 119, 0, 33.62%, 16, 0, 2, 146.76, 256894, 769
24443, 42, 46, 290, 117, 0, 33.62%, 16, 0, 2, 146.00, 257645, 769
24448, 42, 221, 290, 117, 0, 33.62%, 16, 0, 2, 146.48, 258397, 769
24454, 42, 46, 290, 117, 0, 33.62%, 16, 0, 2, 146.44, 259145, 769
24459, 42, 260, 290, 117, 0, 33.62%, 16, 0, 2, 145.02, 259895, 769
24464, 42, 260, 290, 117, 0, 33.62%, 16, 0, 2, 144.08, 260615, 769
24469, 42, 224, 290, 116, 0, 33.62%, 16, 0, 2, 145.47, 261364, 769
24474, 42, 264, 290, 116, 0, 33.62%, 16, 0, 2, 146.13, 262112, 769
24479, 42, 264, 290, 116, 0, 33.62%, 16, 0, 2, 145.87, 262862, 769
24484, 42, 224, 290, 116, 0, 33.62%, 16, 0, 2, 145.87, 263610, 769
24489, 42, 46, 290, 116, 0, 33.62%, 16, 0, 2, 145.03, 264356, 769
24495, 42, 264, 290, 116, 0, 33.62%, 16, 0, 2, 145.32, 265104, 769
24500, 42, 104, 290, 116, 0, 33.62%, 16, 0, 2, 145.54, 265852, 769
24505, 42, 224, 290, 115, 0, 33.62%, 16, 0, 2, 144.58, 266595, 769
24510, 42, 221, 290, 115, 0, 33.62%, 16, 0, 2, 145.99, 267345, 769
24515, 42, 92, 290, 115, 0, 33.62%, 16, 0, 2, 145.64, 268091, 769
24520, 42, 224, 290, 115, 0, 33.62%, 16, 0, 2, 144.37, 268829, 769
24525, 42, 46, 290, 115, 0, 33.62%, 16, 0, 2, 143.93, 269573, 769
24531, 42, 224, 290, 115, 0, 33.62%, 16, 0, 2, 145.29, 270323, 769
24536, 42, 176, 290, 115, 0, 33.62%, 16, 0, 2, 145.81, 271071, 769
24541, 42, 224, 290, 114, 0, 33.62%, 16, 0, 2, 144.99, 271815, 769
24546, 42, 257, 290, 114, 0, 33.62%, 16, 0, 2, 142.61, 272551, 769
24551, 42, 257, 290, 114, 0, 33.62%, 16, 0, 2, 144.00, 273294, 769
24556, 42, 224, 290, 113, 0, 33.62%, 16, 0, 2, 145.19, 274036, 769
24561, 42, 93, 290, 113, 0, 33.62%, 16, 0, 2, 146.00, 274787, 769
24567, 42, 221, 290, 112, 0, 33.62%, 16, 0, 2, 145.87, 275535, 769
24572, 42, 264, 290, 111, 0, 33.62%, 16, 0, 2, 145.92, 276285, 769
24577, 42, 264, 290, 111, 0, 33.62%, 16, 0, 2, 145.99, 277035, 769
24582, 42, 212, 290, 111, 0, 33.62%, 16, 0, 2, 145.66, 277784, 769
24587, 42, 259, 290, 110, 0, 33.62%, 16, 0, 2, 145.48, 278534, 769
24592, 42, 224, 290, 109, 0, 33.62%, 16, 0, 2, 145.24, 279280, 769
24597, 42, 140, 290, 109, 0, 33.62%, 16, 0, 2, 145.38, 280031, 769
24603, 42, 92, 290, 108, 0, 33.62%, 16, 0, 2, 145.99, 280781, 769
24608, 42, 264, 290, 108, 0, 33.62%, 16, 0, 2, 146.00, 281527, 769
24613, 42, 264, 290, 108, 0, 33.62%, 16, 0, 2, 145.66, 282275, 769
24618, 42, 224, 290, 108, 0, 33.62%, 16, 0, 2, 125.35, 282907, 769
24623, 42, 46, 290, 108, 0, 33.62%, 16, 0, 2, 114.02, 283469, 769
24628, 42, 203, 290, 108, 0, 33.62%, 16, 0, 2, 133.92, 284157, 769
24633, 42, 46, 290, 107, 0, 33.62%, 16, 0, 2, 143.37, 284904, 769
24638, 42, 264, 290, 107, 0, 33.62%, 16, 0, 2, 144.54, 285650, 769
24644, 42, 224, 290, 107, 0, 33.62%, 16, 0, 2, 145.30, 286400, 769
24649, 42, 224, 290, 107, 0, 33.62%, 16, 0, 2, 145.79, 287148, 769
24654, 42, 224, 290, 107, 0, 33.62%, 16, 0, 2, 146.04, 287896, 769
24659, 42, 264, 290, 107, 0, 33.62%, 16, 0, 2, 145.90, 288645, 769
24664, 42, 50, 290, 107, 0, 33.62%, 16, 0, 2, 145.00, 289390, 769
24669, 42, 73, 290, 106, 0, 33.62%, 16, 0, 2, 145.49, 290136, 769
24674, 42, 34, 290, 105, 0, 33.62%, 16, 0, 2, 137.04, 290846, 769
24679, 42, 264, 290, 104, 0, 33.62%, 16, 0, 2, 144.33, 291593, 769
24685, 42, 92, 290, 104, 0, 33.62%, 16, 0, 2, 145.11, 292337, 769
24690, 42, 224, 290, 104, 0, 33.62%, 16, 0, 2, 145.86, 293085, 769
24695, 42, 264, 290, 104, 0, 33.62%, 16, 0, 2, 146.09, 293835, 769
24700, 42, 221, 290, 104, 0, 33.62%, 16, 0, 2, 146.69, 294585, 769
24705, 42, 46, 290, 104, 0, 33.62%, 16, 0, 2, 146.56, 295335, 769
24710, 42, 264, 290, 104, 0, 33.62%, 16, 0, 2, 146.46, 296085, 769
24715, 42, 46, 290, 104, 0, 33.62%, 16, 0, 2, 146.46, 296835, 769
24720, 42, 264, 290, 104, 0, 33.62%, 16, 0, 2, 146.42, 297585, 769
24726, 42, 224, 290, 104, 0, 33.62%, 16, 0, 2, 146.73, 298335, 769
24731, 42, 224, 290, 104, 0, 33.62%, 16, 0, 2, 145.95, 299085, 769
24736, 42, 264, 290, 104, 0, 33.62%, 16, 0, 2, 145.71, 299835, 769
24741, 42, 245, 290, 104, 0, 33.62%, 16, 0, 2, 146.30, 300585, 769
24746, 42, 245, 290, 104, 0, 33.62%, 16, 0, 2, 146.03, 301335, 769
24751, 42, 245, 290, 104, 0, 33.62%, 16, 0, 2, 145.81, 302086, 769
24756, 42, 224, 290, 103, 0, 33.62%, 16, 0, 2, 144.25, 302828, 769
24761, 42, 4, 290, 103, 0, 33.62%, 16, 0, 2, 136.05, 303504, 769
24766, 42, 4, 290, 103, 0, 33.62%, 16, 0, 2, 134.41, 304176, 769
24772, 42, 4, 290, 103, 0, 33.62%, 16, 0, 2, 135.82, 304879, 769
24777, 42, 264, 290, 102, 0, 33.62%, 16, 0, 2, 144.51, 305629, 769
24782, 42, 46, 290, 102, 0, 33.62%, 16, 0, 2, 145.60, 306377, 769
24787, 42, 264, 290, 102, 0, 33.62%, 16, 0, 2, 145.17, 307119, 769
24792, 42, 224, 290, 101, 0, 33.62%, 16, 0, 2, 146.18, 307868, 769
24797, 42, 239, 290, 101, 0, 33.62%, 16, 0, 2, 146.18, 308619, 769
24802, 42, 289, 290, 100, 0, 33.62%, 16, 0, 2, 146.20, 309369, 769
24808, 42, 46, 290, 99, 0, 33.62%, 16, 0, 2, 144.93, 310114, 769
24813, 42, 221, 290, 99, 0, 33.62%, 16, 0, 2, 144.76, 310858, 769
24818, 42, 83, 290, 99, 0, 33.62%, 16, 0, 2, 145.74, 311607, 769
24823, 42, 164, 290, 98, 0, 33.62%, 16, 0, 2, 145.87, 312356, 769
24828, 42, 164, 290, 98, 0, 33.62%, 16, 0, 2, 129.93, 313017, 769
24833, 42, 224, 290, 97, 0, 33.62%, 16, 0, 2, 141.80, 313757, 769
24838, 42, 92, 290, 97, 0, 33.62%, 16, 0, 2, 144.84, 314507, 769
24843, 42, 224, 290, 97, 0, 33.62%, 16, 0, 2, 142.19, 315243, 769
24849, 42, 224, 290, 96, 0, 33.62%, 16, 0, 2, 144.85, 315990, 769
24854, 42, 224, 290, 96, 0, 33.62%, 16, 0, 2, 145.60, 316736, 769
24859, 42, 221, 290, 96, 0, 33.62%, 16, 0, 2, 146.24, 317486, 769
24864, 42, 46, 290, 96, 0, 33.62%, 16, 0, 2, 146.16, 318236, 769
24869, 42, 264, 290, 96, 0, 33.62%, 16, 0, 2, 145.57, 318986, 769
24874, 42, 136, 290, 96, 0, 33.62%, 16, 0, 2, 143.87, 319727, 769
24879, 42, 46, 290, 95, 0, 33.62%, 16, 0, 2, 138.71, 320407, 769
24884, 42, 46, 290, 95, 0, 33.62%, 16, 0, 2, 143.77, 321153, 769
24890, 42, 83, 290, 95, 0, 33.62%, 16, 0, 2, 145.10, 321901, 769
24895, 42, 163, 290, 95, 0, 33.62%, 16, 0, 2, 144.38, 322620, 769
24900, 42, 224, 290, 94, 0, 33.62%, 16, 0, 2, 145.56, 323370, 769
24905, 42, 185, 290, 94, 0, 33.62%, 16, 0, 2, 144.99, 324117, 769
24910, 42, 48, 290, 92, 0, 33.62%, 16, 0, 2, 145.69, 324867, 769
24915, 42, 92, 290, 91, 0, 33.62%, 16, 0, 2, 146.49, 325617, 769
24920, 42, 224, 290, 91, 0, 33.62%, 16, 0, 2, 146.10, 326365, 769
24925, 42, 264, 290, 91, 0, 33.62%, 16, 0, 2, 145.70, 327109, 769
24931, 42, 254, 290, 91, 0, 33.62%, 16, 0, 2, 144.32, 327859, 769
24936, 42, 254, 290, 91, 0, 33.62%, 16, 0, 2, 142.35, 328598, 769
24941, 42, 221, 290, 90, 0, 33.62%, 16, 0, 2, 145.19, 329346, 769
24946, 42, 264, 290, 90, 0, 33.62%, 16, 0, 2, 146.44, 330096, 769
24951, 42, 244, 290, 90, 0, 33.62%, 16, 0, 2, 145.63, 330846, 769
24956, 42, 244, 290, 90, 0, 33.62%, 16, 0, 2, 145.78, 331597, 769
24962, 42, 273, 290, 89, 0, 33.62%, 16, 0, 2, 142.53, 332337, 769
24967, 42, 273, 290, 89, 0, 33.62%, 16, 0, 2, 140.87, 333041, 769
24972, 42, 224, 290, 88, 0, 33.62%, 16, 0, 2, 143.82, 333782, 769
24977, 42, 208, 290, 88, 0, 33.62%, 16, 0, 2, 144.27, 334522, 769
24982, 42, 46, 290, 87, 0, 33.62%, 16, 0, 2, 145.18, 335268, 769
24987, 42, 264, 290, 87, 0, 33.62%, 16, 0, 2, 145.18, 336014, 769
24992, 42, 224, 290, 87, 0, 33.62%, 16, 0, 2, 146.15, 336760, 769
24997, 42, 221, 290, 87, 0, 33.62%, 16, 0, 2, 145.61, 337508, 769
25002, 42, 188, 290, 87, 0, 33.62%, 16, 0, 2, 146.22, 338258, 769
25008, 42, 92, 290, 86, 0, 33.62%, 16, 0, 2, 146.02, 339007, 769
25013, 42, 264, 290, 86, 0, 33.62%, 16, 0, 2, 145.47, 339757, 769
25018, 42, 264, 290, 86, 0, 33.62%, 16, 0, 2, 145.85, 340507, 769
25023, 42, 3, 290, 86, 0, 33.62%, 16, 0, 2, 136.22, 341215, 769
25028, 42, 3, 290, 86, 0, 33.62%, 16, 0, 2, 131.52, 341869, 769
25033, 42, 241, 290, 85, 0, 33.62%, 16, 0, 2, 141.36, 342605, 769
25038, 42, 241, 290, 85, 0, 33.62%, 16, 0, 2, 144.83, 343355, 769
25044, 42, 46, 290, 84, 0, 33.62%, 16, 0, 2, 146.28, 344106, 769
25049, 42, 69, 290, 84, 0, 33.62%, 16, 0, 2, 146.00, 344856, 769
25054, 42, 264, 290, 83, 0, 33.62%, 16, 0, 2, 146.37, 345606, 769
25059, 42, 71, 290, 83, 0, 33.62%, 16, 0, 2, 146.52, 346357, 769
25064, 42, 221, 290, 82, 0, 33.62%, 16, 0, 2, 145.86, 347103, 769
25069, 42, 152, 290, 82, 0, 33.62%, 16, 0, 2, 145.30, 347846, 769
25074, 42, 40, 290, 81, 0, 33.62%, 16, 0, 2, 145.69, 348592, 769
25079, 42, 224, 290, 80, 0, 33.62%, 16, 0, 2, 146.01, 349343, 769
25085, 42, 202, 290, 80, 0, 33.62%, 16, 0, 2, 146.43, 350094, 769
25090, 42, 224, 290, 79, 0, 33.62%, 16, 0, 2, 146.70, 350844, 769
25095, 42, 264, 290, 79, 0, 33.62%, 16, 0, 2, 146.05, 351594, 769
25100, 42, 16, 290, 79, 0, 33.62%, 16, 0, 2, 145.95, 352342, 769
25105, 42, 46, 290, 78, 0, 33.62%, 16, 0, 2, 145.89, 353093, 769
25110, 42, 46, 290, 78, 0, 33.62%, 16, 0, 2, 145.92, 353843, 769
25115, 42, 224, 290, 78, 0, 33.62%, 16, 0, 2, 145.61, 354593, 769
25121, 42, 224, 290, 78, 0, 33.62%, 16, 0, 2, 135.50, 355305, 769
25126, 42, 21, 290, 78, 0, 33.62%, 16, 0, 2, 116.49, 355877, 769
25131, 42, 224, 290, 78, 0, 33.62%, 16, 0, 2, 112.38, 356443, 769
25136, 42, 46, 290, 78, 0, 33.62%, 16, 0, 2, 130.46, 357087, 769
25141, 42, 224, 290, 78, 0, 33.62%, 16, 0, 2, 142.98, 357835, 769
25146, 42, 46, 290, 78, 0, 33.62%, 16, 0, 2, 145.29, 358585, 769
25151, 43, 46, 290, 78, 0, 33.62%, 16, 0, 2, 145.88, 359335, 769
25156, 43, 224, 290, 78, 0, 33.62%, 16, 0, 2, 146.19, 360083, 769
25161, 43, 264, 290, 78, 0, 33.62%, 16, 0, 2, 146.51, 360833, 769
25167, 43, 46, 290, 78, 0, 33.62%, 16, 0, 2, 146.39, 361583, 769
25172, 43, 204, 290, 78, 0, 33.62%, 16, 0, 2, 146.70, 362334, 769
25177, 43, 264, 290, 77, 0, 33.62%, 16, 0, 2, 146.31, 363084, 769
25182, 43, 221, 290, 77, 0, 33.62%, 16, 0, 2, 145.87, 363834, 769
25187, 43, 224, 290, 77, 0, 33.62%, 16, 0, 2, 146.48, 364584, 769
25192, 43, 274, 290, 77, 0, 33.62%, 16, 0, 2, 144.27, 365334, 769
25197, 43, 274, 290, 77, 0, 33.62%, 16, 0, 2, 142.94, 366052, 769
25202, 43, 221, 290, 76, 0, 33.62%, 16, 0, 2, 133.28, 366754, 769
25208, 43, 169, 290, 76, 0, 33.62%, 16, 0, 2, 140.49, 367480, 769
25213, 43, 264, 290, 75, 0, 33.62%, 16, 0, 2, 129.36, 368096, 769
25218, 43, 221, 290, 75, 0, 33.62%, 16, 0, 2, 143.10, 368846, 769
25223, 43, 264, 290, 75, 0, 33.62%, 16, 0, 2, 145.86, 369596, 769
25228, 43, 264, 290, 75, 0, 33.62%, 16, 0, 2, 146.47, 370346, 769
25233, 43, 224, 290, 75, 0, 33.62%, 16, 0, 2, 146.55, 371096, 769
25238, 43, 133, 290, 75, 0, 33.62%, 16, 0, 2, 145.95, 371844, 769
25243, 43, 264, 290, 74, 0, 33.62%, 16, 0, 2, 146.46, 372594, 769
25249, 43, 264, 290, 74, 0, 33.62%, 16, 0, 2, 146.15, 373344, 769
25254, 43, 173, 290, 74, 0, 33.62%, 16, 0, 2, 146.26, 374094, 769
25259, 43, 7, 290, 73, 0, 33.62%, 16, 0, 2, 145.76, 374845, 769
25264, 43, 171, 290, 72, 0, 33.62%, 16, 0, 2, 145.56, 375595, 769
25269, 43, 141, 290, 71, 0, 33.62%, 16, 0, 2, 145.64, 376345, 769
25274, 43, 174, 290, 70, 0, 33.62%, 16, 0, 2, 146.00, 377095, 769
25279, 43, 264, 290, 69, 0, 33.62%, 16, 0, 2, 146.51, 377846, 769
25284, 43, 221, 290, 69, 0, 33.62%, 16, 0, 2, 146.37, 378596, 769
25290, 43, 92, 290, 69, 0, 33.62%, 16, 0, 2, 146.06, 379346, 769
25295, 43, 165, 290, 69, 0, 33.62%, 16, 0, 2, 147.05, 380097, 769
25300, 43, 224, 290, 68, 0, 33.62%, 16, 0, 2, 146.44, 380847, 769
25305, 43, 224, 290, 68, 0, 33.62%, 16, 0, 2, 145.90, 381595, 769
25310, 43, 83, 290, 67, 0, 33.62%, 16, 0, 2, 121.57, 382197, 769
25315, 43, 224, 290, 67, 0, 33.62%, 16, 0, 2, 113.41, 382763, 769
25320, 43, 264, 290, 67, 0, 33.62%, 16, 0, 2, 111.49, 383325, 769
25325, 43, 264, 290, 67, 0, 33.62%, 16, 0, 2, 111.27, 383895, 769
25330, 43, 37, 290, 67, 0, 33.62%, 16, 0, 2, 110.70, 384461, 769
25336, 43, 37, 290, 67, 0, 33.62%, 16, 0, 2, 111.32, 385036, 769
25341, 43, 212, 290, 66, 0, 33.62%, 16, 0, 2, 125.99, 385656, 769
25346, 43, 92, 290, 66, 0, 33.62%, 16, 0, 2, 142.13, 386404, 769
25351, 43, 264, 290, 66, 0, 33.62%, 16, 0, 2, 144.94, 387154, 769
25356, 43, 101, 290, 66, 0, 33.62%, 16, 0, 2, 145.41, 387904, 769
25361, 43, 224, 290, 65, 0, 33.62%, 16, 0, 2, 145.84, 388653, 769
25366, 43, 221, 290, 65, 0, 33.62%, 16, 0, 2, 146.19, 389400, 769
25371, 43, 224, 290, 65, 0, 33.62%, 16, 0, 2, 146.42, 390150, 769
25376, 43, 267, 290, 65, 0, 33.62%, 16, 0, 2, 143.78, 390870, 769
25382, 43, 267, 290, 65, 0, 33.62%, 16, 0, 2, 142.25, 391588, 769
25387, 43, 224, 290, 64, 0, 33.62%, 16, 0, 2, 142.84, 392324, 769
25392, 43, 224, 290, 64, 0, 33.62%, 16, 0, 2, 144.68, 393070, 769
25397, 43, 158, 290, 64, 0, 33.62%, 16, 0, 2, 145.86, 393820, 769
25402, 43, 224, 290, 63, 0, 33.62%, 16, 0, 2, 146.41, 394570, 769
25407, 43, 264, 290, 63, 0, 33.62%, 16, 0, 2, 144.91, 395314, 769
25412, 43, 264, 290, 63, 0, 33.62%, 16, 0, 2, 145.73, 396064, 769
25417, 43, 264, 290, 63, 0, 33.62%, 16, 0, 2, 145.84, 396814, 769
25423, 43, 224, 290, 63, 0, 33.62%, 16, 0, 2, 145.80, 397564, 769
25428, 43, 224, 290, 63, 0, 33.62%, 16, 0, 2, 146.11, 398312, 769
25433, 43, 264, 290, 63, 0, 33.62%, 16, 0, 2, 145.60, 399062, 769
25438, 43, 224, 290, 63, 0, 33.62%, 16, 0, 2, 145.14, 399810, 769
25443, 43, 283, 290, 63, 0, 33.62%, 16, 0, 2, 142.17, 400522, 769
25448, 43, 283, 290, 63, 0, 33.62%, 16, 0, 2, 141.00, 401228, 769
25453, 43, 83, 290, 62, 0, 33.62%, 16, 0, 2, 145.03, 401977, 769
25458, 43, 268, 290, 62, 0, 33.62%, 16, 0, 2, 142.91, 402694, 769
25463, 43, 268, 290, 62, 0, 33.62%, 16, 0, 2, 143.20, 403413, 769
25468, 43, 264, 290, 61, 0, 33.62%, 16, 0, 2, 145.61, 404163, 769
25474, 43, 264, 290, 61, 0, 33.62%, 16, 0, 2, 145.80, 404911, 769
25479, 43, 264, 290, 61, 0, 33.62%, 16, 0, 2, 145.96, 405661, 769
25484, 43, 224, 290, 61, 0, 33.62%, 16, 0, 2, 145.81, 406410, 769
25489, 43, 195, 290, 61, 0, 33.62%, 16, 0, 2, 146.01, 407159, 769
25494, 43, 92, 290, 60, 0, 33.62%, 16, 0, 2, 146.33, 407908, 769
25499, 43, 264, 290, 60, 0, 33.62%, 16, 0, 2, 146.06, 408656, 769
25504, 43, 264, 290, 60, 0, 33.62%, 16, 0, 2, 145.70, 409406, 769
25509, 43, 236, 290, 60, 0, 33.62%, 16, 0, 2, 146.50, 410157, 769
25515, 43, 211, 290, 59, 0, 33.62%, 16, 0, 2, 146.45, 410907, 769
25520, 43, 264, 290, 58, 0, 33.62%, 16, 0, 2, 146.15, 411657, 769
25525, 43, 83, 290, 58, 0, 33.62%, 16, 0, 2, 145.76, 412405, 769
25530, 43, 224, 290, 58, 0, 33.62%, 16, 0, 2, 146.19, 413155, 769
25535, 43, 264, 290, 58, 0, 33.62%, 16, 0, 2, 146.81, 413905, 769
25540, 43, 92, 290, 58, 0, 33.62%, 16, 0, 2, 146.39, 414655, 769
25545, 43, 224, 290, 58, 0, 33.62%, 16, 0, 2, 145.96, 415403, 769
25550, 43, 264, 290, 58, 0, 33.62%, 16, 0, 2, 146.12, 416153, 769
25556, 43, 75, 290, 58, 0, 33.62%, 16, 0, 2, 145.89, 416903, 769
25561, 43, 264, 290, 57, 0, 33.62%, 16, 0, 2, 145.42, 417653, 769
25566, 43, 264, 290, 57, 0, 33.62%, 16, 0, 2, 145.73, 418403, 769
25571, 43, 282, 290, 57, 0, 33.62%, 16, 0, 2, 140.06, 419119, 769
25576, 43, 282, 290, 57, 0, 33.62%, 16, 0, 2, 138.30, 419818, 769
25581, 43, 224, 290, 56, 0, 33.62%, 16, 0, 2, 143.06, 420562, 769
25586, 43, 107, 290, 56, 0, 33.62%, 16, 0, 2, 144.37, 421303, 769
25592, 43, 224, 290, 55, 0, 33.62%, 16, 0, 2, 144.72, 422043, 769
25597, 43, 221, 290, 55, 0, 33.62%, 16, 0, 2, 144.28, 422791, 769
25602, 43, 264, 290, 55, 0, 33.62%, 16, 0, 2, 144.68, 423535, 769
25607, 43, 224, 290, 55, 0, 33.62%, 16, 0, 2, 145.89, 424285, 769
25612, 43, 83, 290, 55, 0, 33.62%, 16, 0, 2, 144.08, 425029, 769
25617, 43, 46, 290, 55, 0, 33.62%, 16, 0, 2, 144.64, 425773, 769
25622, 43, 46, 290, 55, 0, 33.62%, 16, 0, 2, 145.76, 426523, 769
25628, 43, 264, 290, 55, 0, 33.62%, 16, 0, 2, 145.64, 427273, 769
25633, 43, 264, 290, 55, 0, 33.62%, 16, 0, 2, 145.85, 428021, 769
25638, 43, 264, 290, 55, 0, 33.62%, 16, 0, 2, 144.80, 428763, 769
25643, 43, 264, 290, 55, 0, 33.62%, 16, 0, 2, 144.66, 429501, 769
25648, 43, 224, 290, 55, 0, 33.62%, 16, 0, 2, 146.03, 430251, 769
25653, 43, 264, 290, 55, 0, 33.62%, 16, 0, 2, 145.65, 431001, 769
25658, 43, 224, 290, 55, 0, 33.62%, 16, 0, 2, 145.86, 431749, 769
25664, 43, 224, 290, 55, 0, 33.62%, 16, 0, 2, 145.92, 432499, 769
25669, 43, 221, 290, 55, 0, 33.62%, 16, 0, 2, 146.01, 433249, 769
25674, 43, 264, 290, 55, 0, 33.62%, 16, 0, 2, 146.00, 433997, 769
25679, 43, 264, 290, 55, 0, 33.62%, 16, 0, 2, 145.73, 434747, 769
25684, 43, 221, 290, 55, 0, 33.62%, 16, 0, 2, 145.99, 435497, 769
25689, 43, 264, 290, 55, 0, 33.62%, 16, 0, 2, 145.89, 436245, 769
25694, 43, 264, 290, 55, 0, 33.62%, 16, 0, 2, 143.84, 436985, 769
25699, 43, 6, 290, 55, 0, 33.62%, 16, 0, 2, 134.16, 437667, 769
25704, 43, 6, 290, 55, 0, 33.62%, 16, 0, 2, 129.95, 438321, 769
25710, 43, 264, 290, 54, 0, 33.62%, 16, 0, 2, 139.16, 439025, 769
25715, 43, 83, 290, 54, 0, 33.62%, 16, 0, 2, 144.05, 439773, 769
25720, 43, 92, 290, 54, 0, 33.62%, 16, 0, 2, 144.01, 440517, 769
25725, 43, 224, 290, 54, 0, 33.62%, 16, 0, 2, 142.89, 441255, 769
25730, 43, 264, 290, 54, 0, 33.62%, 16, 0, 2, 145.13, 442003, 769
25735, 43, 224, 290, 54, 0, 33.62%, 16, 0, 2, 145.90, 442753, 769
25740, 43, 13, 290, 54, 0, 33.62%, 16, 0, 2, 145.54, 443503, 769
25746, 43, 13, 290, 54, 0, 33.62%, 16, 0, 2, 145.82, 444253, 769
25751, 43, 199, 290, 53, 0, 33.62%, 16, 0, 2, 145.68, 445001, 769
25756, 43, 180, 290, 52, 0, 33.62%, 16, 0, 2, 145.75, 445745, 769
25761, 43, 224, 290, 51, 0, 33.62%, 16, 0, 2, 145.93, 446493, 769
25766, 43, 123, 290, 51, 0, 33.62%, 16, 0, 2, 146.71, 447244, 769
25771, 43, 224, 290, 50, 0, 33.62%, 16, 0, 2, 146.09, 447992, 769
25776, 43, 46, 290, 50, 0, 33.62%, 16, 0, 2, 146.39, 448742, 769
25781, 43, 159, 290, 50, 0, 33.62%, 16, 0, 2, 146.20, 449491, 769
25787, 43, 264, 290, 49, 0, 33.62%, 16, 0, 2, 145.69, 450242, 769
25792, 43, 54, 290, 49, 0, 33.62%, 16, 0, 2, 145.91, 450992, 769
25797, 43, 224, 290, 48, 0, 33.62%, 16, 0, 2, 146.19, 451742, 769
25802, 43, 92, 290, 48, 0, 33.62%, 16, 0, 2, 145.83, 452490, 769
25807, 43, 224, 290, 48, 0, 33.62%, 16, 0, 2, 146.32, 453240, 769
25812, 43, 224, 290, 48, 0, 33.62%, 16, 0, 2, 146.10, 453988, 769
25817, 43, 65, 290, 48, 0, 33.62%, 16, 0, 2, 146.29, 454738, 769
25822, 43, 224, 290, 47, 0, 33.62%, 16, 0, 2, 146.26, 455488, 769
25828, 43, 224, 290, 47, 0, 33.62%, 16, 0, 2, 143.02, 456228, 769
25833, 43, 60, 290, 47, 0, 33.62%, 16, 0, 2, 144.36, 456958, 769
25838, 43, 224, 290, 47, 0, 33.62%, 16, 0, 2, 145.50, 457708, 769
25843, 43, 224, 290, 47, 0, 33.62%, 17, 0, 2, 146.36, 458458, 769
25848, 44, 135, 290, 47, 0, 33.62%, 17, 0, 2, 146.88, 459208, 769
25853, 44, 31, 290, 46, 0, 33.62%, 17, 0, 2, 146.32, 459959, 769
25858, 44, 46, 290, 46, 0, 33.62%, 17, 0, 2, 146.49, 460709, 769
25864, 44, 264, 290, 46, 0, 33.62%, 17, 0, 2, 146.38, 461459, 769
25869, 44, 224, 290, 46, 0, 33.62%, 17, 0, 2, 146.21, 462209, 769
25874, 44, 224, 290, 46, 0, 33.62%, 17, 0, 2, 145.92, 462959, 769
25879, 44, 46, 290, 46, 0, 33.62%, 17, 0, 2, 145.66, 463705, 769
25884, 44, 264, 290, 46, 0, 33.62%, 17, 0, 2, 145.88, 464455, 769
25889, 44, 264, 290, 46, 0, 33.62%, 17, 0, 2, 146.29, 465205, 769
25894, 44, 264, 290, 46, 0, 33.62%, 17, 0, 2, 145.73, 465955, 769
25899, 44, 221, 290, 46, 0, 33.62%, 17, 0, 2, 144.95, 466696, 769
25905, 44, 118, 290, 46, 0, 33.62%, 17, 0, 2, 144.13, 467437, 769
25910, 44, 264, 290, 46, 0, 33.62%, 17, 0, 2, 144.80, 468181, 769
25915, 44, 46, 290, 46, 0, 33.62%, 17, 0, 2, 144.24, 468923, 769
25920, 44, 264, 290, 46, 0, 33.62%, 17, 0, 2, 144.35, 469667, 769
25925, 44, 264, 290, 46, 0, 33.62%, 17, 0, 2, 144.19, 470411, 769
25930, 44, 224, 290, 46, 0, 33.62%, 17, 0, 2, 145.93, 471159, 769
25935, 44, 264, 290, 46, 0, 33.62%, 17, 0, 2, 146.49, 471909, 769
25941, 44, 224, 290, 46, 0, 33.62%, 17, 0, 2, 146.60, 472659, 769
25946, 44, 224, 290, 46, 0, 33.62%, 17, 0, 2, 146.25, 473407, 769
25951, 44, 224, 290, 46, 0, 33.62%, 17, 0, 2, 146.49, 474157, 769
25956, 44, 92, 290, 46, 0, 33.62%, 17, 0, 2, 145.99, 474905, 769
25961, 44, 264, 290, 46, 0, 33.62%, 17, 0, 2, 145.92, 475655, 769
25966, 44, 264, 290, 46, 0, 33.62%, 17, 0, 2, 145.43, 476405, 769
25971, 44, 264, 290, 46, 0, 33.62%, 17, 0, 2, 145.78, 477153, 769
25976, 44, 264, 290, 46, 0, 33.62%, 17, 0, 2, 145.25, 477893, 769
25982, 44, 201, 290, 46, 0, 33.62%, 17, 0, 2, 146.54, 478643, 769
25987, 44, 224, 290, 45, 0, 33.62%, 17, 0, 2, 146.00, 479393, 769
25992, 44, 221, 290, 45, 0, 33.62%, 17, 0, 2, 145.60, 480143, 769
25997, 44, 92, 290, 45, 0, 33.62%, 17, 0, 2, 146.23, 480891, 769
26002, 44, 263, 290, 45, 0, 33.62%, 17, 0, 2, 146.01, 481639, 769
26007, 44, 221, 290, 44, 0, 33.62%, 17, 0, 2, 145.08, 482385, 769
26012, 44, 264, 290, 44, 0, 33.62%, 17, 0, 2, 145.46, 483133, 769
26017, 44, 92, 290, 44, 0, 33.62%, 17, 0, 2, 146.47, 483883, 769
26023, 44, 46, 290, 44, 0, 33.62%, 17, 0, 2, 146.27, 484633, 769
26028, 44, 218, 290, 44, 0, 33.62%, 17, 0, 2, 145.11, 485375, 769
26033, 44, 221, 290, 43, 0, 33.62%, 17, 0, 2, 144.55, 486120, 769
26038, 44, 92, 290, 43, 0, 33.62%, 17, 0, 2, 145.93, 486868, 769
26043, 44, 46, 290, 43, 0, 33.62%, 17, 0, 2, 145.62, 487616, 769
26048, 44, 224, 290, 42, 0, 33.62%, 17, 0, 2, 145.72, 488364, 769
26053, 44, 221, 290, 42, 0, 33.62%, 17, 0, 2, 143.96, 489102, 769
26059, 44, 270, 290, 42, 0, 33.62%, 17, 0, 2, 143.52, 489842, 769
26064, 44, 270, 290, 42, 0, 33.62%, 17, 0, 2, 139.00, 490558, 769
26069, 44, 270, 290, 42, 0, 33.62%, 17, 0, 2, 141.07, 491266, 769
26074, 44, 221, 290, 41, 0, 33.62%, 17, 0, 2, 145.62, 492016, 769
26079, 44, 224, 290, 41, 0, 33.62%, 17, 0, 2, 145.80, 492762, 769
26084, 44, 224, 290, 41, 0, 33.62%, 17, 0, 2, 145.73, 493512, 769
26089, 44, 224, 290, 41, 0, 33.62%, 17, 0, 2, 126.95, 494182, 769
26094, 44, 83, 290, 41, 0, 33.62%, 17, 0, 2, 114.77, 494752, 769
26100, 44, 264, 290, 41, 0, 33.62%, 17, 0, 2, 135.25, 495462, 769
26105, 44, 224, 290, 41, 0, 33.62%, 17, 0, 2, 143.27, 496208, 769
26110, 44, 46, 290, 41, 0, 33.62%, 17, 0, 2, 144.16, 496946, 769
26115, 44, 98, 290, 41, 0, 33.62%, 17, 0, 2, 145.69, 497697, 769
26120, 44, 221, 290, 40, 0, 33.62%, 17, 0, 2, 146.10, 498445, 769
26125, 44, 67, 290, 40, 0, 33.62%, 17, 0, 2, 146.17, 499195, 769
26130, 44, 264, 290, 39, 0, 33.62%, 17, 0, 2, 146.19, 499945, 769
26136, 44, 221, 290, 39, 0, 33.62%, 17, 0, 2, 146.06, 500693, 769
26141, 44, 224, 290, 39, 0, 33.62%, 17, 0, 2, 146.32, 501441, 769
26146, 44, 264, 290, 39, 0, 33.62%, 17, 0, 2, 146.05, 502189, 769
26151, 44, 264, 290, 39, 0, 33.62%, 17, 0, 2, 146.12, 502939, 769
26156, 44, 224, 290, 39, 0, 33.62%, 17, 0, 2, 146.12, 503689, 769
26161, 44, 235, 290, 39, 0, 33.62%, 17, 0, 2, 145.82, 504439, 769
26166, 44, 264, 290, 38, 0, 33.62%, 17, 0, 2, 144.74, 505184, 769
26171, 44, 224, 290, 38, 0, 33.62%, 17, 0, 2, 145.23, 505932, 769
26177, 44, 92, 290, 38, 0, 33.62%, 17, 0, 2, 145.88, 506682, 769
26182, 44, 264, 290, 38, 0, 33.62%, 17, 0, 2, 145.07, 507428, 769
26187, 44, 92, 290, 38, 0, 33.62%, 17, 0, 2, 146.29, 508178, 769
26192, 44, 264, 290, 38, 0, 33.62%, 17, 0, 2, 145.77, 508922, 769
26197, 44, 224, 290, 38, 0, 33.62%, 17, 0, 2, 146.66, 509672, 769
26202, 44, 168, 290, 38, 0, 33.62%, 17, 0, 2, 145.75, 510422, 769
26207, 44, 46, 290, 37, 0, 33.62%, 17, 0, 2, 145.69, 511170, 769
26213, 44, 221, 290, 37, 0, 33.62%, 17, 0, 2, 145.94, 511920, 769
26218, 44, 46, 290, 37, 0, 33.62%, 17, 0, 2, 145.85, 512664, 769
26221, 44, 264, 290, 37, 0, 33.62%, 17, 0, 2, 141.33, 513083, 769
