# relative_time, cycles_done, cur_item, corpus_count, pending_total, pending_favs, map_size, saved_crashes, saved_hangs, max_depth, execs_per_sec, total_execs, edges_found
9, 0, 1, 4, 2, 1, 32.69%, 0, 0, 1, 52.13, 538, 743
14, 0, 2, 4, 2, 1, 32.34%, 0, 0, 1, 134.13, 729, 735
36, 0, 1, 35, 33, 1, 32.69%, 6, 0, 2, 136.84, 3238, 743
49, 0, 3, 43, 40, 1, 32.73%, 7, 0, 2, 139.90, 2253, 744
74, 0, 22, 70, 67, 0, 31.96%, 0, 0, 2, 143.25, 4122, 739
91, 0, 47, 87, 83, 0, 31.96%, 0, 0, 2, 141.67, 3313, 739
91, 18446744073709551615, 0, 87, 87, 2, 31.92%, 0, 0, 2, 0.00, 195, 738
97, 0, 30, 91, 87, 1, 32.73%, 4, 0, 2, 131.24, 1912, 744
139, 0, 43, 99, 93, 0, 32.93%, 9, 0, 2, 140.22, 6968, 753
169, 0, 22, 110, 103, 0, 31.46%, 5, 0, 2, 138.43, 5120, 746
172, 0, 42, 110, 103, 1, 31.46%, 0, 0, 1, 142.90, 1694, 746
175, 0, 67, 111, 104, 2, 31.46%, 0, 0, 2, 140.42, 1677, 746
178, 0, 43, 111, 106, 2, 31.46%, 1, 0, 2, 142.06, 1701, 746
181, 0, 38, 111, 106, 4, 32.73%, 2, 0, 2, 141.14, 1677, 744
181, 18446744073709551615, 0, 111, 110, 3, 32.05%, 0, 0, 2, 0.00, 242, 733
184, 0, 22, 111, 104, 2, 31.46%, 0, 0, 2, 109.67, 1601, 746
184, 18446744073709551615, 0, 111, 111, 2, 31.72%, 0, 0, 2, 0.00, 81, 721
187, 0, 67, 111, 105, 1, 31.46%, 0, 0, 2, 140.38, 1706, 746
248, 0, 45, 123, 114, 0, 31.46%, 6, 0, 2, 137.84, 9390, 746
253, 0, 43, 123, 114, 0, 31.46%, 6, 0, 2, 142.86, 10074, 746
258, 0, 45, 124, 115, 0, 31.46%, 6, 0, 2, 138.40, 10784, 746
263, 0, 45, 124, 115, 0, 31.46%, 6, 0, 2, 145.42, 11499, 746
268, 0, 45, 124, 115, 0, 31.46%, 6, 0, 2, 143.48, 12179, 746
273, 0, 45, 124, 115, 0, 31.46%, 7, 0, 2, 142.43, 12891, 746
278, 0, 43, 124, 115, 0, 31.46%, 7, 0, 2, 142.60, 13605, 746
284, 0, 45, 124, 115, 0, 31.46%, 7, 0, 2, 141.42, 14343, 746
289, 0, 45, 125, 116, 0, 31.46%, 7, 0, 2, 142.47, 15057, 746
294, 0, 43, 126, 117, 0, 31.46%, 8, 0, 2, 141.47, 15790, 746
295, 0, 45, 126, 117, 0, 31.46%, 8, 0, 2, 140.13, 15947, 746
356, 0, 82, 138, 128, 0, 33.28%, 5, 0, 3, 141.89, 10308, 789
361, 0, 82, 138, 128, 0, 33.28%, 6, 0, 3, 143.61, 11053, 789
366, 0, 126, 139, 129, 0, 33.28%, 7, 0, 3, 143.77, 11798, 789
371, 0, 82, 139, 129, 0, 33.28%, 7, 0, 3, 143.10, 12540, 789
377, 0, 82, 139, 129, 0, 33.28%, 7, 0, 3, 144.80, 13288, 789
382, 0, 126, 139, 129, 0, 33.28%, 7, 0, 3, 142.65, 14002, 789
382, 0, 82, 139, 129, 0, 33.28%, 7, 0, 3, 141.88, 14106, 789
443, 0, 58, 146, 134, 0, 33.70%, 8, 0, 3, 142.84, 10092, 799
448, 0, 58, 146, 134, 0, 33.70%, 8, 0, 3, 143.82, 10836, 799
453, 0, 58, 146, 134, 0, 33.70%, 8, 0, 3, 144.19, 11580, 799
458, 0, 58, 146, 134, 0, 33.70%, 8, 0, 3, 143.78, 12324, 799
464, 0, 58, 146, 134, 0, 33.70%, 8, 0, 3, 143.72, 13066, 799
469, 0, 58, 146, 134, 0, 33.70%, 8, 0, 3, 143.97, 13804, 799
474, 0, 146, 147, 135, 1, 33.70%, 8, 0, 3, 144.56, 14554, 799
479, 0, 58, 147, 134, 0, 33.70%, 8, 0, 3, 144.96, 15303, 799
484, 0, 58, 148, 135, 0, 33.70%, 9, 0, 3, 144.77, 16058, 799
489, 0, 58, 148, 135, 0, 33.70%, 9, 0, 3, 143.40, 16797, 799
495, 0, 58, 149, 136, 0, 33.70%, 9, 0, 3, 144.26, 17541, 799
500, 0, 58, 151, 138, 0, 33.70%, 9, 0, 3, 144.62, 18267, 799
505, 0, 58, 151, 138, 0, 33.70%, 9, 0, 3, 144.21, 19011, 799
510, 0, 58, 152, 139, 0, 33.70%, 9, 0, 3, 144.34, 19755, 799
515, 0, 58, 153, 140, 0, 33.70%, 9, 0, 3, 144.47, 20499, 799
520, 0, 56, 154, 141, 0, 33.70%, 9, 0, 3, 143.90, 21243, 799
525, 0, 58, 156, 143, 0, 33.70%, 10, 0, 3, 143.42, 21985, 799
531, 0, 139, 156, 143, 0, 33.70%, 11, 0, 3, 117.63, 22563, 799
536, 0, 58, 157, 144, 0, 33.70%, 11, 0, 3, 111.60, 23135, 799
541, 0, 58, 157, 144, 0, 33.70%, 11, 0, 3, 110.40, 23701, 799
546, 0, 58, 157, 144, 0, 33.70%, 11, 0, 3, 113.79, 24283, 799
551, 0, 58, 157, 144, 0, 33.70%, 11, 0, 3, 137.75, 25027, 799
556, 0, 58, 159, 146, 0, 33.70%, 11, 0, 3, 142.07, 25753, 799
561, 0, 58, 159, 146, 0, 33.70%, 11, 0, 3, 143.72, 26498, 799
567, 0, 58, 159, 146, 0, 33.70%, 11, 0, 3, 144.44, 27242, 799
572, 0, 58, 159, 146, 0, 33.70%, 11, 0, 3, 144.53, 27986, 799
577, 0, 58, 160, 147, 0, 33.70%, 11, 0, 3, 144.33, 28735, 799
582, 0, 58, 161, 148, 0, 33.70%, 11, 0, 3, 144.46, 29479, 799
587, 0, 56, 161, 148, 0, 33.70%, 11, 0, 3, 144.47, 30223, 799
592, 0, 58, 161, 148, 0, 33.70%, 11, 0, 3, 144.59, 30967, 799
598, 0, 139, 161, 148, 0, 33.70%, 11, 0, 3, 144.51, 31711, 799
603, 0, 58, 161, 148, 0, 33.70%, 11, 0, 3, 144.11, 32455, 799
608, 0, 56, 162, 149, 0, 33.70%, 11, 0, 3, 144.69, 33199, 799
613, 0, 58, 163, 150, 0, 33.70%, 11, 0, 3, 144.42, 33947, 799
618, 0, 58, 163, 150, 0, 33.70%, 11, 0, 3, 143.72, 34691, 799
623, 0, 58, 163, 150, 0, 33.70%, 11, 0, 3, 141.76, 35425, 799
629, 0, 58, 163, 150, 0, 33.70%, 11, 0, 3, 142.13, 36161, 799
634, 0, 58, 163, 150, 0, 33.70%, 11, 0, 3, 143.97, 36905, 799
639, 0, 58, 163, 150, 0, 33.70%, 11, 0, 3, 143.94, 37643, 799
644, 0, 58, 163, 150, 0, 33.70%, 11, 0, 3, 144.29, 38393, 799
649, 0, 58, 163, 150, 0, 33.70%, 11, 0, 3, 144.41, 39137, 799
654, 0, 58, 163, 150, 0, 33.70%, 11, 0, 3, 144.66, 39885, 799
660, 0, 58, 163, 150, 0, 33.70%, 11, 0, 3, 143.95, 40629, 799
665, 0, 58, 163, 150, 0, 33.70%, 11, 0, 3, 144.87, 41373, 799
670, 0, 146, 163, 150, 0, 33.70%, 11, 0, 3, 144.57, 42115, 799
675, 0, 58, 163, 150, 0, 33.70%, 11, 0, 3, 144.58, 42865, 799
680, 1, 58, 163, 150, 0, 33.70%, 11, 0, 3, 143.96, 43609, 799
685, 1, 58, 163, 150, 0, 33.70%, 11, 0, 3, 144.12, 44353, 799
691, 1, 146, 163, 150, 0, 33.70%, 11, 0, 3, 144.23, 45097, 799
696, 1, 58, 163, 150, 0, 33.70%, 11, 0, 3, 138.97, 45799, 799
701, 1, 58, 163, 150, 0, 33.70%, 11, 0, 3, 143.54, 46549, 799
706, 1, 163, 164, 151, 1, 33.70%, 11, 0, 3, 144.26, 47297, 799
711, 1, 58, 164, 150, 0, 33.70%, 11, 0, 3, 144.77, 48047, 799
716, 1, 58, 164, 150, 0, 33.70%, 11, 0, 3, 144.70, 48791, 799
722, 1, 58, 164, 150, 0, 33.70%, 12, 0, 3, 144.24, 49535, 799
727, 1, 58, 165, 151, 0, 33.70%, 12, 0, 3, 143.62, 50283, 799
732, 1, 165, 167, 153, 1, 33.78%, 12, 0, 4, 144.19, 51029, 801
737, 1, 58, 167, 152, 0, 33.78%, 13, 0, 4, 144.70, 51775, 801
742, 1, 4, 167, 152, 0, 33.78%, 13, 0, 4, 144.36, 52521, 801
747, 1, 58, 167, 151, 0, 33.78%, 13, 0, 4, 144.10, 53261, 801
753, 1, 139, 168, 152, 0, 33.78%, 13, 0, 4, 143.89, 54005, 801
758, 1, 58, 168, 152, 0, 33.78%, 13, 0, 4, 144.31, 54749, 801
763, 1, 6, 168, 152, 0, 33.78%, 13, 0, 4, 144.81, 55496, 801
768, 1, 58, 168, 151, 0, 33.78%, 13, 0, 4, 144.16, 56240, 801
773, 1, 163, 168, 151, 0, 33.78%, 13, 0, 4, 131.89, 56934, 801
778, 1, 58, 168, 150, 0, 33.78%, 13, 0, 4, 115.06, 57490, 801
783, 1, 58, 168, 150, 0, 33.78%, 13, 0, 4, 111.67, 58046, 801
788, 1, 58, 168, 150, 0, 33.78%, 13, 0, 4, 110.89, 58614, 801
793, 1, 58, 168, 150, 0, 33.78%, 13, 0, 4, 130.92, 59266, 801
799, 1, 58, 168, 150, 0, 33.78%, 13, 0, 4, 141.65, 60014, 801
804, 1, 58, 169, 151, 0, 33.78%, 13, 0, 4, 143.13, 60762, 801
809, 1, 58, 169, 151, 0, 33.78%, 13, 0, 4, 142.15, 61487, 801
814, 1, 58, 169, 151, 0, 33.78%, 13, 0, 4, 144.63, 62238, 801
819, 1, 58, 169, 151, 0, 33.78%, 13, 0, 4, 143.83, 62980, 801
824, 1, 30, 169, 151, 0, 33.78%, 13, 0, 4, 143.71, 63726, 801
830, 1, 58, 169, 150, 0, 33.78%, 13, 0, 4, 144.47, 64472, 801
835, 1, 58, 169, 150, 0, 33.78%, 13, 0, 4, 143.17, 65210, 801
840, 1, 58, 169, 150, 0, 33.78%, 13, 0, 4, 143.15, 65954, 801
845, 1, 58, 169, 150, 0, 33.78%, 13, 0, 4, 143.10, 66692, 801
850, 1, 58, 170, 151, 0, 33.78%, 13, 0, 4, 143.42, 67434, 801
855, 1, 58, 171, 152, 0, 33.78%, 13, 0, 4, 142.69, 68156, 801
861, 1, 58, 171, 152, 0, 33.78%, 13, 0, 4, 143.39, 68896, 801
866, 1, 58, 171, 152, 0, 33.78%, 13, 0, 4, 143.87, 69642, 801
871, 1, 58, 171, 152, 0, 33.78%, 13, 0, 4, 144.22, 70386, 801
876, 1, 144, 171, 152, 0, 33.78%, 13, 0, 4, 143.74, 71130, 801
881, 1, 58, 171, 151, 0, 33.78%, 13, 0, 4, 144.57, 71880, 801
886, 1, 58, 172, 152, 0, 33.78%, 13, 0, 4, 144.85, 72609, 801
892, 1, 79, 172, 152, 0, 33.78%, 13, 0, 4, 144.37, 73358, 801
897, 1, 58, 173, 152, 0, 33.78%, 13, 0, 4, 144.64, 74082, 801
902, 1, 58, 174, 153, 0, 33.78%, 13, 0, 4, 144.47, 74806, 801
907, 1, 58, 174, 153, 0, 33.78%, 13, 0, 4, 144.13, 75550, 801
912, 1, 159, 174, 153, 0, 33.78%, 13, 0, 4, 144.75, 76300, 801
917, 1, 58, 174, 152, 0, 33.78%, 13, 0, 4, 142.34, 77038, 801
922, 1, 151, 174, 152, 0, 33.78%, 14, 0, 4, 143.74, 77786, 801
927, 1, 58, 174, 151, 0, 33.78%, 14, 0, 4, 144.18, 78533, 801
933, 1, 85, 174, 151, 0, 33.78%, 14, 0, 4, 144.56, 79278, 801
938, 1, 58, 176, 152, 0, 33.78%, 14, 0, 4, 144.61, 80008, 801
943, 1, 58, 177, 153, 0, 33.78%, 14, 0, 4, 144.75, 80758, 801
948, 1, 58, 177, 153, 0, 33.78%, 14, 0, 4, 144.53, 81504, 801
953, 1, 58, 178, 154, 0, 33.78%, 14, 0, 4, 144.21, 82248, 801
958, 1, 148, 178, 154, 0, 33.78%, 14, 0, 4, 144.61, 82996, 801
963, 1, 58, 178, 153, 0, 33.78%, 15, 0, 4, 144.52, 83746, 801
969, 1, 58, 179, 154, 0, 33.78%, 15, 0, 4, 143.42, 84492, 801
974, 1, 58, 179, 154, 0, 33.78%, 15, 0, 4, 143.90, 85238, 801
979, 1, 168, 179, 154, 0, 33.78%, 15, 0, 4, 143.91, 85980, 801
984, 1, 163, 179, 153, 0, 33.78%, 15, 0, 4, 143.47, 86723, 801
989, 1, 179, 180, 154, 1, 34.08%, 15, 0, 4, 143.24, 87465, 808
995, 1, 58, 180, 153, 0, 34.08%, 15, 0, 4, 144.19, 88214, 808
1000, 1, 58, 180, 153, 0, 34.08%, 15, 0, 4, 118.42, 88798, 808
1005, 1, 125, 180, 153, 0, 34.08%, 15, 0, 4, 112.15, 89350, 808
1010, 1, 163, 180, 152, 0, 34.08%, 15, 0, 4, 110.60, 89917, 808
1015, 1, 139, 180, 152, 0, 34.08%, 15, 0, 4, 110.02, 90483, 808
1020, 1, 58, 181, 153, 0, 34.08%, 15, 0, 4, 109.91, 91053, 808
1021, 1, 58, 181, 153, 0, 34.08%, 15, 0, 4, 109.12, 91133, 808
1082, 2, 93, 186, 169, 0, 34.16%, 11, 0, 2, 144.51, 10622, 810
1087, 2, 49, 186, 168, 0, 34.16%, 12, 0, 2, 144.88, 11371, 810
1093, 2, 49, 186, 168, 0, 34.16%, 12, 0, 2, 143.98, 12115, 810
1098, 2, 49, 186, 168, 0, 34.16%, 13, 0, 2, 141.92, 12827, 810
1103, 2, 49, 186, 168, 0, 34.16%, 13, 0, 2, 144.61, 13575, 810
1108, 2, 49, 186, 168, 0, 34.16%, 13, 0, 2, 145.33, 14325, 810
1113, 2, 49, 186, 168, 0, 34.16%, 13, 0, 2, 145.27, 15071, 810
1118, 2, 62, 186, 168, 0, 34.16%, 13, 0, 2, 145.43, 15821, 810
1124, 2, 49, 186, 167, 0, 34.16%, 13, 0, 2, 144.06, 16567, 810
1129, 2, 49, 186, 167, 0, 34.16%, 13, 0, 2, 144.87, 17313, 810
1134, 2, 49, 187, 168, 0, 34.16%, 13, 0, 2, 144.98, 18039, 810
1139, 2, 49, 187, 168, 0, 34.16%, 13, 0, 2, 144.75, 18783, 810
1144, 2, 49, 187, 168, 0, 34.16%, 13, 0, 2, 143.69, 19523, 810
1149, 2, 100, 187, 168, 0, 34.16%, 13, 0, 2, 145.11, 20272, 810
1154, 2, 41, 187, 167, 0, 34.16%, 13, 0, 2, 144.98, 21018, 810
1159, 2, 51, 187, 167, 0, 34.16%, 13, 0, 2, 144.79, 21764, 810
1165, 2, 49, 187, 166, 0, 34.16%, 13, 0, 2, 145.07, 22512, 810
1170, 2, 49, 187, 166, 0, 34.16%, 13, 0, 2, 145.36, 23260, 810
1175, 2, 86, 187, 166, 0, 34.16%, 14, 0, 2, 145.57, 24008, 810
1180, 2, 49, 187, 165, 0, 34.16%, 14, 0, 2, 145.33, 24755, 810
1185, 2, 49, 187, 165, 0, 34.16%, 14, 0, 2, 145.73, 25506, 810
1190, 2, 49, 188, 166, 0, 34.16%, 14, 0, 3, 145.64, 26256, 810
1196, 2, 49, 188, 166, 0, 34.16%, 14, 0, 3, 135.17, 26960, 810
1201, 2, 49, 188, 166, 0, 34.16%, 14, 0, 3, 124.59, 27602, 810
1206, 2, 49, 188, 166, 0, 34.16%, 14, 0, 3, 140.00, 28332, 810
1211, 2, 14, 188, 166, 0, 34.16%, 15, 0, 3, 144.39, 29082, 810
1216, 2, 49, 188, 165, 0, 34.16%, 16, 0, 3, 144.77, 29830, 810
1221, 2, 49, 188, 165, 0, 34.16%, 16, 0, 3, 144.61, 30572, 810
1226, 2, 148, 188, 165, 0, 34.16%, 16, 0, 3, 145.00, 31322, 810
1231, 2, 49, 188, 164, 0, 34.16%, 16, 0, 3, 145.09, 32071, 810
1237, 2, 49, 188, 164, 0, 34.16%, 16, 0, 3, 145.08, 32817, 810
1242, 2, 49, 188, 164, 0, 34.16%, 17, 0, 3, 145.46, 33565, 810
1247, 2, 49, 188, 164, 0, 34.16%, 17, 0, 3, 145.52, 34313, 810
1252, 2, 49, 188, 164, 0, 34.16%, 17, 0, 3, 145.39, 35061, 810
1257, 2, 68, 188, 164, 0, 34.16%, 17, 0, 3, 145.07, 35809, 810
1262, 2, 106, 188, 163, 0, 34.16%, 17, 0, 3, 145.42, 36558, 810
1267, 2, 49, 188, 162, 0, 34.16%, 17, 0, 3, 145.77, 37307, 810
1273, 2, 32, 188, 162, 0, 34.16%, 17, 0, 3, 141.14, 38035, 810
1278, 2, 32, 188, 162, 0, 34.16%, 17, 0, 3, 119.18, 38655, 810
1283, 2, 49, 188, 161, 0, 34.16%, 18, 0, 3, 109.59, 39201, 810
1288, 2, 49, 188, 161, 0, 34.16%, 18, 0, 3, 108.55, 39755, 810
1293, 2, 49, 188, 161, 0, 34.16%, 18, 0, 3, 133.34, 40467, 810
1298, 2, 49, 188, 161, 0, 34.16%, 18, 0, 3, 133.36, 41165, 810
1304, 2, 49, 188, 161, 0, 34.16%, 18, 0, 3, 133.71, 41859, 810
1309, 2, 99, 188, 161, 0, 34.16%, 18, 0, 3, 137.59, 42567, 810
1314, 2, 49, 188, 160, 0, 34.16%, 18, 0, 3, 138.17, 43273, 810
1319, 2, 23, 188, 160, 0, 34.16%, 19, 0, 3, 143.80, 44021, 810
1324, 2, 49, 188, 159, 0, 34.16%, 19, 0, 3, 144.60, 44770, 810
1329, 2, 49, 188, 159, 0, 34.16%, 19, 0, 3, 143.77, 45508, 810
1334, 2, 49, 189, 159, 0, 34.16%, 19, 0, 3, 144.32, 46251, 810
1340, 2, 49, 189, 159, 0, 34.16%, 19, 0, 3, 144.25, 46995, 810
1345, 2, 49, 189, 159, 0, 34.16%, 19, 0, 3, 143.30, 47733, 810
1350, 2, 49, 189, 159, 0, 34.16%, 19, 0, 3, 144.98, 48479, 810
1355, 2, 110, 189, 159, 0, 34.16%, 19, 0, 3, 145.34, 49229, 810
1360, 2, 49, 189, 158, 0, 34.16%, 19, 0, 3, 145.40, 49980, 810
1365, 2, 49, 189, 158, 0, 34.16%, 19, 0, 3, 145.30, 50730, 810
1371, 2, 49, 189, 158, 0, 34.16%, 19, 0, 3, 144.54, 51474, 810
1376, 2, 49, 189, 158, 0, 34.16%, 19, 0, 3, 144.58, 52220, 810
1381, 2, 146, 189, 158, 0, 34.16%, 19, 0, 3, 145.41, 52966, 810
1386, 2, 111, 189, 157, 0, 34.16%, 19, 0, 3, 145.30, 53714, 810
1391, 2, 49, 189, 156, 0, 34.16%, 19, 0, 3, 144.44, 54460, 810
1396, 2, 49, 189, 156, 0, 34.16%, 19, 0, 3, 118.92, 55036, 810
1401, 2, 49, 189, 156, 0, 34.16%, 19, 0, 3, 112.64, 55602, 810
1406, 2, 49, 189, 156, 0, 34.16%, 19, 0, 3, 111.20, 56166, 810
1412, 2, 49, 189, 156, 0, 34.16%, 19, 0, 3, 137.28, 56896, 810
1417, 2, 49, 189, 156, 0, 34.16%, 19, 0, 3, 143.94, 57644, 810
1422, 2, 36, 189, 156, 0, 34.16%, 19, 0, 3, 144.45, 58392, 810
1427, 2, 80, 190, 156, 0, 34.16%, 19, 0, 3, 144.91, 59143, 810
1432, 2, 49, 190, 155, 0, 34.16%, 19, 0, 3, 142.11, 59854, 810
1437, 2, 112, 190, 155, 0, 34.16%, 19, 0, 3, 142.18, 60590, 810
1442, 2, 130, 190, 155, 0, 34.16%, 19, 0, 3, 144.46, 61338, 810
1448, 2, 49, 190, 154, 0, 34.16%, 19, 0, 3, 144.23, 62083, 810
1453, 2, 53, 190, 154, 0, 34.16%, 19, 0, 3, 143.61, 62829, 810
1458, 2, 49, 190, 153, 0, 34.16%, 19, 0, 3, 123.97, 63465, 810
1463, 2, 49, 190, 153, 0, 34.16%, 19, 0, 3, 113.49, 64021, 810
1468, 3, 1, 190, 153, 0, 34.16%, 19, 0, 3, 111.23, 64577, 810
1473, 3, 49, 190, 153, 0, 34.16%, 19, 0, 3, 110.34, 65129, 810
1478, 3, 33, 190, 153, 0, 34.16%, 19, 0, 3, 110.77, 65686, 810
1483, 3, 49, 190, 152, 0, 34.16%, 19, 0, 3, 111.17, 66252, 810
1488, 3, 49, 190, 152, 0, 34.16%, 19, 0, 3, 110.80, 66812, 810
1493, 3, 181, 191, 153, 0, 34.16%, 19, 0, 3, 111.20, 67384, 810
1498, 3, 49, 191, 153, 0, 34.16%, 19, 0, 3, 111.40, 67956, 810
1504, 3, 49, 192, 154, 0, 34.16%, 19, 0, 3, 111.11, 68528, 810
1509, 3, 49, 192, 154, 0, 34.16%, 19, 0, 3, 111.19, 69098, 810
1514, 3, 49, 192, 154, 0, 34.16%, 19, 0, 3, 111.21, 69664, 810
1519, 3, 49, 192, 154, 0, 34.16%, 19, 0, 3, 110.95, 70230, 810
1524, 3, 49, 193, 155, 0, 34.16%, 19, 0, 3, 110.93, 70794, 810
1529, 3, 49, 193, 155, 0, 34.16%, 19, 0, 3, 111.15, 71360, 810
1534, 3, 49, 193, 155, 0, 34.16%, 19, 0, 3, 117.33, 71946, 810
1539, 3, 120, 193, 155, 0, 34.16%, 19, 0, 3, 139.33, 72696, 810
1545, 3, 49, 193, 154, 0, 34.16%, 19, 0, 3, 143.31, 73444, 810
1550, 3, 67, 193, 154, 0, 34.16%, 19, 0, 3, 143.94, 74185, 810
1555, 3, 49, 193, 153, 0, 34.16%, 19, 0, 3, 144.38, 74927, 810
1560, 3, 49, 193, 153, 0, 34.16%, 19, 0, 3, 143.52, 75671, 810
1565, 3, 49, 194, 154, 0, 34.16%, 19, 0, 3, 143.75, 76411, 810
1570, 3, 49, 194, 154, 0, 34.16%, 19, 0, 3, 143.66, 77155, 810
1575, 3, 49, 195, 155, 0, 34.16%, 19, 0, 3, 128.59, 77835, 810
1581, 3, 119, 196, 156, 0, 34.16%, 19, 0, 3, 136.29, 78547, 810
1586, 3, 49, 196, 155, 0, 34.16%, 19, 0, 3, 140.90, 79282, 810
1591, 3, 49, 196, 155, 0, 34.16%, 19, 0, 3, 142.03, 80022, 810
1596, 3, 49, 196, 155, 0, 34.16%, 19, 0, 3, 123.53, 80670, 810
1601, 3, 49, 196, 155, 0, 34.16%, 19, 0, 3, 122.65, 81274, 810
1607, 3, 49, 196, 155, 0, 34.16%, 19, 0, 3, 139.58, 82020, 810
1612, 3, 49, 196, 155, 0, 34.16%, 19, 0, 3, 143.29, 82762, 810
1617, 3, 127, 197, 156, 0, 34.16%, 19, 0, 3, 143.92, 83510, 810
1622, 3, 127, 200, 159, 0, 34.16%, 19, 0, 3, 140.16, 84231, 810
1627, 3, 49, 200, 158, 0, 34.16%, 19, 0, 3, 116.40, 84803, 810
1632, 3, 49, 200, 158, 0, 34.16%, 19, 0, 3, 121.34, 85451, 810
1637, 3, 56, 200, 158, 0, 34.16%, 19, 0, 3, 107.92, 85974, 810
1642, 3, 49, 201, 158, 0, 34.16%, 19, 0, 3, 126.83, 86620, 810
1647, 3, 13, 201, 158, 0, 34.16%, 19, 0, 3, 138.44, 87330, 810
1652, 3, 49, 201, 158, 0, 34.16%, 19, 0, 3, 140.93, 88046, 810
1657, 3, 49, 201, 158, 0, 34.16%, 19, 0, 3, 140.76, 88778, 810
1663, 3, 49, 201, 158, 0, 34.16%, 19, 0, 3, 141.69, 89510, 810
1668, 3, 49, 202, 159, 0, 34.16%, 20, 0, 3, 144.16, 90256, 810
1673, 3, 49, 203, 160, 0, 34.16%, 20, 0, 3, 143.38, 90998, 810
1678, 3, 49, 203, 160, 0, 34.16%, 20, 0, 3, 143.52, 91740, 810
1683, 3, 49, 203, 160, 0, 34.16%, 20, 0, 3, 144.08, 92490, 810
1688, 3, 49, 203, 160, 0, 34.16%, 20, 0, 3, 141.54, 93226, 810
1694, 3, 124, 203, 160, 0, 34.16%, 20, 0, 3, 139.07, 93948, 810
1699, 3, 49, 203, 159, 0, 34.16%, 20, 0, 3, 142.59, 94687, 810
1704, 3, 49, 203, 159, 0, 34.16%, 20, 0, 3, 144.34, 95433, 810
1709, 3, 49, 203, 159, 0, 34.16%, 20, 0, 3, 144.86, 96181, 810
1714, 3, 180, 203, 159, 0, 34.16%, 20, 0, 3, 141.99, 96921, 810
1719, 3, 15, 203, 158, 0, 34.16%, 20, 0, 3, 143.35, 97665, 810
1725, 3, 49, 203, 158, 0, 34.16%, 20, 0, 3, 144.21, 98411, 810
1730, 3, 182, 204, 159, 0, 34.16%, 20, 0, 3, 134.99, 99119, 810
1735, 3, 49, 204, 159, 0, 34.16%, 20, 0, 3, 128.14, 99725, 810
1740, 3, 49, 204, 159, 0, 34.16%, 20, 0, 3, 141.65, 100473, 810
1745, 3, 49, 204, 159, 0, 34.16%, 20, 0, 3, 144.28, 101220, 810
1750, 3, 49, 204, 159, 0, 34.16%, 20, 0, 3, 144.71, 101969, 810
1756, 3, 49, 205, 160, 0, 34.16%, 20, 0, 3, 144.94, 102721, 810
1761, 3, 49, 206, 161, 0, 34.16%, 20, 0, 3, 144.65, 103471, 810
1766, 3, 49, 206, 161, 0, 34.16%, 20, 0, 3, 144.46, 104215, 810
1771, 3, 49, 207, 162, 0, 34.16%, 20, 0, 3, 144.10, 104957, 810
1776, 3, 49, 208, 163, 0, 34.16%, 20, 0, 3, 144.32, 105704, 810
1781, 3, 49, 208, 163, 0, 34.16%, 20, 0, 3, 144.64, 106449, 810
1787, 3, 49, 208, 163, 0, 34.16%, 20, 0, 3, 144.63, 107193, 810
1792, 3, 49, 208, 163, 0, 34.16%, 20, 0, 3, 144.85, 107937, 810
1797, 3, 49, 208, 163, 0, 34.16%, 20, 0, 3, 128.54, 108617, 810
1802, 3, 49, 208, 163, 0, 34.16%, 20, 0, 3, 114.15, 109193, 810
1807, 3, 49, 208, 163, 0, 34.16%, 20, 0, 3, 110.35, 109757, 810
1812, 3, 49, 208, 163, 0, 34.16%, 20, 0, 3, 110.26, 110327, 810
1817, 3, 49, 208, 163, 0, 34.16%, 20, 0, 3, 110.49, 110887, 810
1822, 3, 49, 208, 163, 0, 34.16%, 20, 0, 3, 111.32, 111445, 810
1828, 3, 49, 208, 163, 0, 34.16%, 20, 0, 3, 137.12, 112189, 810
1833, 3, 49, 208, 163, 0, 34.16%, 20, 0, 3, 131.20, 112859, 810
1838, 3, 49, 208, 163, 0, 34.16%, 20, 0, 3, 136.22, 113559, 810
1843, 3, 162, 208, 163, 0, 34.16%, 20, 0, 3, 139.16, 114275, 810
1848, 3, 49, 209, 163, 0, 34.16%, 20, 0, 3, 141.23, 115013, 810
1853, 3, 49, 210, 164, 0, 34.16%, 20, 0, 3, 141.28, 115721, 810
1858, 3, 49, 210, 164, 0, 34.16%, 20, 0, 3, 140.27, 116436, 810
1863, 3, 41, 214, 168, 0, 34.16%, 21, 0, 3, 142.34, 117167, 810
1868, 3, 41, 219, 173, 0, 34.16%, 21, 0, 3, 142.56, 117884, 810
1873, 3, 41, 219, 173, 0, 34.16%, 21, 0, 3, 143.29, 118602, 810
1878, 3, 49, 220, 174, 0, 34.16%, 21, 0, 3, 142.09, 119314, 810
1884, 3, 49, 220, 174, 0, 34.16%, 21, 0, 3, 143.11, 120058, 810
1889, 3, 1, 221, 175, 0, 34.16%, 21, 0, 3, 143.25, 120800, 810
1894, 3, 121, 221, 175, 0, 34.16%, 21, 0, 3, 142.77, 121516, 810
1899, 3, 49, 221, 174, 0, 34.16%, 21, 0, 3, 143.73, 122264, 810
1904, 3, 49, 221, 174, 0, 34.16%, 21, 0, 3, 143.83, 123008, 810
1909, 3, 49, 222, 175, 0, 34.16%, 21, 0, 3, 143.52, 123730, 810
1914, 3, 49, 222, 175, 0, 34.16%, 21, 0, 3, 143.55, 124474, 810
1920, 3, 49, 222, 175, 0, 34.16%, 21, 0, 3, 143.26, 125216, 810
1925, 3, 49, 222, 175, 0, 34.16%, 22, 0, 3, 142.68, 125932, 810
1930, 3, 49, 222, 175, 0, 34.16%, 22, 0, 3, 142.88, 126648, 810
1935, 3, 49, 222, 175, 0, 34.16%, 22, 0, 3, 142.12, 127388, 810
1940, 3, 182, 223, 176, 0, 34.16%, 22, 0, 3, 143.01, 128130, 810
1945, 3, 103, 224, 177, 0, 34.16%, 22, 0, 3, 143.90, 128874, 810
1950, 3, 49, 224, 176, 0, 34.16%, 22, 0, 3, 143.24, 129621, 810
1955, 3, 49, 224, 176, 0, 34.16%, 22, 0, 3, 143.30, 130339, 810
1961, 4, 49, 224, 176, 0, 34.16%, 22, 0, 3, 143.54, 131083, 810
1966, 4, 49, 224, 176, 0, 34.16%, 22, 0, 3, 143.99, 131827, 810
1971, 4, 49, 224, 176, 0, 34.16%, 22, 0, 3, 144.17, 132571, 810
1976, 4, 49, 225, 177, 0, 34.16%, 22, 0, 3, 143.00, 133295, 810
1981, 4, 49, 226, 178, 0, 34.16%, 22, 0, 3, 144.23, 134043, 810
1986, 4, 41, 226, 178, 0, 34.16%, 22, 0, 3, 144.38, 134787, 810
1992, 4, 49, 226, 178, 0, 34.16%, 22, 0, 3, 144.32, 135535, 810
1997, 4, 182, 226, 178, 0, 34.16%, 22, 0, 3, 143.98, 136282, 810
2002, 4, 49, 226, 178, 0, 34.16%, 22, 0, 3, 143.62, 137021, 810
2007, 4, 126, 226, 178, 0, 34.16%, 22, 0, 3, 143.67, 137765, 810
2012, 4, 49, 226, 177, 0, 34.16%, 22, 0, 3, 144.32, 138515, 810
2017, 4, 49, 226, 177, 0, 34.16%, 22, 0, 3, 144.37, 139263, 810
2023, 4, 49, 227, 178, 0, 34.16%, 22, 0, 3, 143.52, 140003, 810
2028, 4, 49, 227, 178, 0, 34.16%, 22, 0, 3, 144.30, 140747, 810
2033, 4, 49, 227, 178, 0, 34.16%, 22, 0, 3, 140.91, 141461, 810
2038, 4, 49, 227, 178, 0, 34.16%, 22, 0, 3, 144.06, 142205, 810
2043, 4, 15, 228, 179, 0, 34.20%, 22, 0, 3, 144.79, 142956, 811
2048, 4, 41, 228, 179, 0, 34.20%, 22, 0, 3, 145.09, 143701, 811
2054, 4, 163, 229, 180, 0, 34.20%, 22, 0, 3, 145.22, 144451, 811
2059, 4, 206, 229, 179, 0, 34.20%, 22, 0, 3, 144.34, 145193, 811
2064, 4, 206, 229, 179, 0, 34.20%, 22, 0, 3, 143.24, 145939, 811
2069, 4, 49, 229, 178, 0, 34.20%, 22, 0, 3, 142.49, 146675, 811
2074, 4, 49, 229, 178, 0, 34.20%, 22, 0, 3, 143.90, 147423, 811
2079, 4, 49, 229, 178, 0, 34.20%, 22, 0, 3, 142.58, 148159, 811
2085, 4, 49, 229, 178, 0, 34.20%, 22, 0, 3, 143.07, 148893, 811
2090, 4, 49, 229, 178, 0, 34.20%, 22, 0, 3, 142.29, 149629, 811
2095, 4, 214, 229, 178, 0, 34.20%, 22, 0, 3, 143.24, 150375, 811
2100, 4, 214, 229, 178, 0, 34.20%, 22, 0, 3, 142.04, 151085, 811
2105, 4, 214, 229, 178, 0, 34.20%, 22, 0, 3, 143.41, 151827, 811
2110, 4, 49, 230, 178, 0, 34.20%, 22, 0, 3, 144.45, 152577, 811
2115, 4, 17, 230, 178, 0, 34.20%, 22, 0, 3, 144.47, 153323, 811
2121, 4, 49, 230, 177, 0, 34.20%, 22, 0, 3, 144.78, 154067, 811
2126, 4, 49, 230, 177, 0, 34.20%, 22, 0, 3, 141.39, 154777, 811
2131, 4, 49, 230, 177, 0, 34.20%, 22, 0, 3, 144.50, 155525, 811
2136, 4, 50, 230, 177, 0, 34.20%, 22, 0, 3, 145.01, 156273, 811
2141, 4, 49, 230, 176, 0, 34.20%, 22, 0, 3, 144.56, 157021, 811
2146, 4, 49, 230, 176, 0, 34.20%, 22, 0, 3, 142.19, 157761, 811
2152, 4, 49, 230, 176, 0, 34.20%, 22, 0, 3, 142.79, 158499, 811
2157, 4, 49, 230, 176, 0, 34.20%, 22, 0, 3, 141.87, 159225, 811
2162, 4, 13, 230, 176, 0, 34.20%, 22, 0, 3, 144.38, 159971, 811
2167, 4, 49, 231, 177, 0, 34.20%, 22, 0, 3, 144.90, 160715, 811
2172, 4, 49, 231, 177, 0, 34.20%, 22, 0, 3, 144.80, 161465, 811
2177, 4, 49, 231, 177, 0, 34.20%, 22, 0, 3, 145.26, 162215, 811
2183, 4, 41, 231, 177, 0, 34.20%, 22, 0, 3, 145.01, 162959, 811
2188, 4, 49, 231, 177, 0, 34.20%, 22, 0, 3, 145.15, 163707, 811
2193, 4, 13, 231, 177, 0, 34.20%, 22, 0, 3, 144.82, 164455, 811
2198, 4, 49, 232, 178, 0, 34.20%, 22, 0, 3, 144.33, 165200, 811
2203, 4, 49, 232, 178, 0, 34.20%, 22, 0, 3, 144.85, 165949, 811
2208, 4, 41, 232, 178, 0, 34.20%, 22, 0, 3, 144.53, 166695, 811
2214, 4, 49, 232, 178, 0, 34.20%, 22, 0, 3, 144.68, 167443, 811
2219, 4, 49, 232, 178, 0, 34.20%, 22, 0, 3, 144.42, 168189, 811
2224, 4, 49, 232, 178, 0, 34.20%, 22, 0, 3, 143.72, 168933, 811
2229, 4, 49, 232, 178, 0, 34.20%, 22, 0, 3, 143.71, 169677, 811
2234, 4, 217, 232, 178, 0, 34.20%, 22, 0, 3, 143.64, 170423, 811
2239, 4, 217, 232, 178, 0, 34.20%, 22, 0, 3, 141.56, 171133, 811
2244, 4, 49, 232, 177, 0, 34.20%, 22, 0, 3, 143.57, 171879, 811
2250, 4, 49, 232, 177, 0, 34.20%, 22, 0, 3, 145.12, 172623, 811
2255, 4, 1, 232, 177, 0, 34.20%, 22, 0, 3, 143.37, 173361, 811
2260, 4, 49, 232, 177, 0, 34.20%, 22, 0, 3, 144.60, 174107, 811
2265, 4, 49, 232, 177, 0, 34.20%, 22, 0, 3, 145.06, 174851, 811
2270, 4, 49, 232, 177, 0, 34.20%, 22, 0, 3, 145.29, 175597, 811
2275, 4, 49, 232, 177, 0, 34.20%, 22, 0, 3, 145.03, 176347, 811
2281, 4, 49, 232, 177, 0, 34.20%, 22, 0, 3, 144.93, 177097, 811
2286, 4, 49, 232, 177, 0, 34.20%, 22, 0, 3, 144.91, 177845, 811
2291, 4, 182, 232, 177, 0, 34.20%, 22, 0, 3, 144.24, 178585, 811
2296, 4, 77, 232, 177, 0, 34.20%, 22, 0, 3, 144.87, 179333, 811
2301, 4, 49, 232, 176, 0, 34.20%, 22, 0, 3, 144.90, 180082, 811
2306, 4, 69, 232, 176, 0, 34.20%, 22, 0, 3, 145.44, 180833, 811
2311, 4, 49, 232, 175, 0, 34.20%, 22, 0, 3, 145.00, 181582, 811
2317, 4, 49, 232, 175, 0, 34.20%, 22, 0, 3, 144.72, 182327, 811
2322, 4, 49, 232, 175, 0, 34.20%, 22, 0, 3, 144.34, 183071, 811
2327, 4, 49, 232, 175, 0, 34.20%, 22, 0, 3, 143.67, 183813, 811
2332, 4, 49, 232, 175, 0, 34.20%, 22, 0, 3, 144.60, 184554, 811
2337, 4, 49, 232, 175, 0, 34.20%, 22, 0, 3, 144.62, 185299, 811
2342, 4, 49, 232, 175, 0, 34.20%, 22, 0, 3, 143.75, 186041, 811
2348, 4, 49, 232, 175, 0, 34.20%, 22, 0, 3, 144.51, 186787, 811
2353, 4, 15, 232, 175, 0, 34.20%, 22, 0, 3, 138.79, 187515, 811
2358, 4, 49, 232, 175, 0, 34.20%, 22, 0, 3, 116.75, 188073, 811
2363, 4, 49, 232, 175, 0, 34.20%, 22, 0, 3, 112.05, 188631, 811
2368, 4, 49, 232, 175, 0, 34.20%, 22, 0, 3, 110.59, 189203, 811
2373, 4, 49, 232, 175, 0, 34.20%, 22, 0, 3, 110.46, 189757, 811
2378, 4, 49, 232, 175, 0, 34.20%, 22, 0, 3, 110.50, 190331, 811
2383, 4, 49, 232, 175, 0, 34.20%, 22, 0, 3, 129.80, 190997, 811
2389, 4, 96, 232, 175, 0, 34.20%, 22, 0, 3, 140.26, 191737, 811
2394, 4, 41, 232, 174, 0, 34.20%, 22, 0, 3, 143.22, 192483, 811
2399, 4, 49, 232, 174, 0, 34.20%, 22, 0, 3, 144.51, 193233, 811
2404, 4, 49, 232, 174, 0, 34.20%, 22, 0, 3, 145.05, 193981, 811
2409, 4, 49, 232, 174, 0, 34.20%, 22, 0, 3, 145.04, 194730, 811
2414, 4, 49, 232, 174, 0, 34.20%, 22, 0, 3, 145.19, 195481, 811
2420, 4, 194, 233, 175, 0, 34.20%, 22, 0, 3, 144.77, 196229, 811
2425, 4, 49, 233, 174, 0, 34.20%, 22, 0, 3, 144.58, 196977, 811
2430, 4, 49, 233, 174, 0, 34.20%, 22, 0, 3, 136.43, 197691, 811
2435, 4, 112, 233, 174, 0, 34.20%, 22, 0, 3, 116.02, 198247, 811
2440, 4, 49, 233, 174, 0, 34.20%, 22, 0, 3, 137.17, 198975, 811
2445, 4, 49, 233, 174, 0, 34.20%, 22, 0, 3, 143.81, 199725, 811
2450, 5, 34, 233, 174, 0, 34.20%, 22, 0, 3, 144.92, 200475, 811
2456, 5, 49, 233, 173, 0, 34.20%, 22, 0, 3, 144.94, 201220, 811
2461, 5, 49, 233, 173, 0, 34.20%, 22, 0, 3, 145.60, 201969, 811
2466, 5, 49, 233, 173, 0, 34.20%, 22, 0, 3, 145.53, 202715, 811
2471, 5, 41, 233, 173, 0, 34.20%, 22, 0, 3, 145.04, 203463, 811
2476, 5, 49, 233, 173, 0, 34.20%, 22, 0, 3, 144.68, 204209, 811
2481, 5, 15, 233, 173, 0, 34.20%, 22, 0, 3, 142.69, 204943, 811
2486, 5, 49, 233, 173, 0, 34.20%, 22, 0, 3, 144.67, 205693, 811
2492, 5, 41, 233, 173, 0, 34.20%, 22, 0, 3, 144.96, 206443, 811
2497, 5, 13, 233, 173, 0, 34.20%, 22, 0, 3, 138.49, 207139, 811
2502, 5, 41, 233, 173, 0, 34.20%, 22, 0, 3, 143.56, 207884, 811
2507, 5, 49, 233, 173, 0, 34.20%, 22, 0, 3, 143.20, 208627, 811
2512, 5, 49, 233, 173, 0, 34.20%, 22, 0, 3, 143.01, 209359, 811
2517, 5, 49, 233, 173, 0, 34.20%, 22, 0, 3, 143.48, 210099, 811
2523, 5, 49, 233, 173, 0, 34.20%, 22, 0, 3, 144.69, 210849, 811
2528, 5, 49, 233, 173, 0, 34.20%, 22, 0, 3, 144.42, 211599, 811
2533, 5, 49, 233, 173, 0, 34.20%, 22, 0, 3, 144.16, 212343, 811
2538, 5, 49, 233, 173, 0, 34.20%, 22, 0, 3, 144.61, 213093, 811
2543, 5, 112, 233, 173, 0, 34.20%, 22, 0, 3, 144.35, 213839, 811
2548, 5, 49, 233, 173, 0, 34.20%, 22, 0, 3, 144.69, 214583, 811
2554, 5, 49, 233, 173, 0, 34.20%, 22, 0, 3, 144.26, 215321, 811
2559, 5, 44, 233, 173, 0, 34.20%, 22, 0, 3, 144.61, 216069, 811
2564, 5, 49, 233, 172, 0, 34.20%, 22, 0, 3, 144.78, 216818, 811
2569, 5, 49, 233, 172, 0, 34.20%, 22, 0, 3, 144.72, 217569, 811
2574, 5, 49, 233, 172, 0, 34.20%, 22, 0, 3, 144.49, 218313, 811
2579, 5, 203, 233, 172, 0, 34.20%, 22, 0, 3, 144.95, 219059, 811
2585, 5, 203, 233, 172, 0, 34.20%, 22, 0, 3, 145.11, 219808, 811
2590, 5, 161, 233, 171, 0, 34.20%, 22, 0, 3, 144.37, 220556, 811
2595, 5, 49, 233, 170, 0, 34.20%, 22, 0, 3, 144.87, 221304, 811
2600, 5, 49, 233, 170, 0, 34.20%, 22, 0, 3, 144.84, 222048, 811
2605, 5, 41, 233, 170, 0, 34.20%, 22, 0, 3, 145.28, 222798, 811
2610, 5, 49, 233, 170, 0, 34.20%, 22, 0, 3, 145.05, 223546, 811
2616, 5, 49, 233, 170, 0, 34.20%, 22, 0, 3, 145.10, 224293, 811
2621, 5, 49, 233, 170, 0, 34.20%, 22, 0, 3, 145.24, 225044, 811
2626, 5, 49, 233, 170, 0, 34.20%, 22, 0, 3, 145.17, 225794, 811
2631, 5, 49, 233, 170, 0, 34.20%, 22, 0, 3, 145.20, 226540, 811
2636, 5, 49, 233, 170, 0, 34.20%, 22, 0, 3, 145.30, 227288, 811
2641, 5, 49, 233, 170, 0, 34.20%, 22, 0, 3, 145.65, 228036, 811
2646, 5, 49, 233, 170, 0, 34.20%, 22, 0, 3, 145.50, 228784, 811
2652, 5, 49, 233, 169, 0, 34.20%, 22, 0, 3, 145.23, 229530, 811
2657, 5, 49, 233, 169, 0, 34.20%, 22, 0, 3, 145.37, 230279, 811
2662, 5, 49, 233, 169, 0, 34.20%, 22, 0, 3, 144.73, 231025, 811
2667, 5, 172, 233, 169, 0, 34.20%, 22, 0, 3, 144.29, 231769, 811
2672, 5, 49, 233, 168, 0, 34.20%, 22, 0, 3, 144.64, 232518, 811
2677, 5, 49, 233, 168, 0, 34.20%, 22, 0, 3, 144.90, 233262, 811
2683, 5, 200, 233, 168, 0, 34.20%, 22, 0, 3, 144.72, 234010, 811
2688, 5, 49, 233, 167, 0, 34.20%, 22, 0, 3, 143.23, 234748, 811
2693, 5, 41, 233, 167, 0, 34.20%, 22, 0, 3, 143.84, 235492, 811
2698, 5, 49, 233, 167, 0, 34.20%, 22, 0, 3, 143.94, 236232, 811
2703, 5, 49, 233, 167, 0, 34.20%, 22, 0, 3, 144.97, 236977, 811
2708, 5, 49, 233, 167, 0, 34.20%, 22, 0, 3, 145.11, 237726, 811
2713, 5, 49, 233, 167, 0, 34.20%, 22, 0, 3, 133.37, 238432, 811
2719, 5, 41, 233, 167, 0, 34.20%, 22, 0, 3, 130.66, 239068, 811
2724, 5, 95, 233, 167, 0, 34.20%, 22, 0, 3, 142.17, 239816, 811
2729, 5, 49, 233, 166, 0, 34.20%, 22, 0, 3, 142.38, 240559, 811
2734, 5, 49, 233, 166, 0, 34.20%, 22, 0, 3, 144.19, 241303, 811
2739, 5, 49, 233, 166, 0, 34.20%, 22, 0, 3, 121.17, 241901, 811
2744, 5, 49, 233, 166, 0, 34.20%, 22, 0, 3, 113.10, 242461, 811
2749, 5, 49, 233, 166, 0, 34.20%, 22, 0, 3, 136.64, 243185, 811
2754, 5, 49, 233, 166, 0, 34.20%, 22, 0, 3, 141.70, 243929, 811
2760, 5, 49, 233, 166, 0, 34.20%, 22, 0, 3, 144.14, 244673, 811
2765, 5, 49, 233, 166, 0, 34.20%, 22, 0, 3, 144.14, 245417, 811
2770, 5, 49, 233, 166, 0, 34.20%, 22, 0, 3, 143.49, 246157, 811
2775, 5, 49, 233, 166, 0, 34.20%, 22, 0, 3, 144.68, 246907, 811
2780, 5, 25, 233, 166, 0, 34.20%, 22, 0, 3, 144.67, 247656, 811
2785, 5, 233, 234, 166, 1, 34.20%, 22, 0, 3, 144.92, 248409, 811
2791, 5, 49, 234, 165, 0, 34.20%, 22, 0, 3, 144.89, 249156, 811
2796, 5, 183, 234, 165, 0, 34.20%, 22, 0, 3, 144.47, 249904, 811
2801, 5, 49, 234, 164, 0, 34.20%, 22, 0, 3, 143.98, 250640, 811
2806, 5, 49, 234, 164, 0, 34.20%, 22, 0, 3, 144.92, 251388, 811
2811, 5, 49, 234, 164, 0, 34.20%, 22, 0, 3, 145.23, 252136, 811
2816, 5, 233, 234, 164, 0, 34.20%, 22, 0, 3, 144.88, 252880, 811
2822, 5, 15, 234, 164, 0, 34.20%, 22, 0, 3, 145.01, 253630, 811
2827, 5, 233, 234, 164, 0, 34.20%, 22, 0, 3, 145.27, 254378, 811
2832, 5, 49, 234, 164, 0, 34.20%, 22, 0, 3, 144.67, 255124, 811
2837, 5, 49, 234, 164, 0, 34.20%, 22, 0, 3, 145.04, 255874, 811
2842, 5, 218, 234, 164, 0, 34.20%, 22, 0, 3, 144.98, 256624, 811
2847, 5, 218, 234, 164, 0, 34.20%, 22, 0, 3, 144.47, 257373, 811
2853, 5, 49, 234, 163, 0, 34.20%, 22, 0, 3, 144.44, 258121, 811
2858, 5, 49, 234, 163, 0, 34.20%, 22, 0, 3, 144.64, 258869, 811
2863, 5, 43, 234, 163, 0, 34.20%, 22, 0, 3, 145.24, 259619, 811
2868, 5, 49, 234, 162, 0, 34.20%, 22, 0, 3, 145.21, 260367, 811
2873, 5, 49, 234, 162, 0, 34.20%, 22, 0, 3, 144.82, 261117, 811
2878, 5, 49, 234, 162, 0, 34.20%, 22, 0, 3, 141.48, 261847, 811
2884, 5, 49, 234, 162, 0, 34.20%, 22, 0, 3, 143.78, 262595, 811
2889, 5, 52, 234, 162, 0, 34.20%, 22, 0, 3, 144.69, 263343, 811
2894, 5, 49, 234, 161, 0, 34.20%, 22, 0, 3, 145.01, 264092, 811
2899, 5, 41, 234, 161, 0, 34.20%, 22, 0, 3, 144.30, 264839, 811
2904, 5, 112, 234, 161, 0, 34.20%, 22, 0, 3, 145.02, 265587, 811
2909, 5, 49, 234, 161, 0, 34.20%, 22, 0, 3, 144.97, 266335, 811
2915, 5, 49, 234, 161, 0, 34.20%, 22, 0, 3, 145.00, 267083, 811
2920, 5, 49, 234, 161, 0, 34.20%, 22, 0, 3, 144.76, 267827, 811
2925, 5, 13, 234, 161, 0, 34.20%, 22, 0, 3, 145.00, 268577, 811
2930, 5, 49, 234, 161, 0, 34.20%, 22, 0, 3, 144.55, 269321, 811
2935, 5, 49, 234, 161, 0, 34.20%, 22, 0, 3, 144.71, 270065, 811
2940, 6, 76, 234, 161, 0, 34.20%, 22, 0, 3, 125.99, 270729, 811
2945, 6, 76, 234, 161, 0, 34.20%, 22, 0, 3, 113.93, 271289, 811
2951, 6, 49, 234, 160, 0, 34.20%, 22, 0, 3, 111.37, 271855, 811
2956, 6, 49, 234, 160, 0, 34.20%, 22, 0, 3, 136.10, 272569, 811
2961, 6, 49, 234, 160, 0, 34.20%, 22, 0, 3, 143.01, 273319, 811
2966, 6, 49, 234, 160, 0, 34.20%, 22, 0, 3, 144.40, 274069, 811
2971, 6, 49, 234, 160, 0, 34.20%, 22, 0, 3, 144.70, 274815, 811
2976, 6, 6, 234, 160, 0, 34.20%, 22, 0, 3, 145.13, 275561, 811
2981, 6, 49, 234, 159, 0, 34.20%, 22, 0, 3, 144.84, 276309, 811
2987, 6, 49, 234, 159, 0, 34.20%, 22, 0, 3, 144.80, 277057, 811
2992, 6, 49, 234, 159, 0, 34.20%, 22, 0, 3, 144.28, 277803, 811
2997, 6, 49, 234, 159, 0, 34.20%, 22, 0, 3, 144.64, 278545, 811
3002, 6, 49, 234, 159, 0, 34.20%, 22, 0, 3, 145.44, 279295, 811
3007, 6, 219, 234, 159, 0, 34.20%, 22, 0, 3, 144.63, 280045, 811
3013, 6, 219, 234, 159, 0, 34.20%, 22, 0, 3, 144.11, 280795, 811
3018, 6, 49, 234, 158, 0, 34.20%, 22, 0, 3, 144.69, 281542, 811
3023, 6, 49, 234, 158, 0, 34.20%, 22, 0, 3, 145.28, 282290, 811
3028, 6, 70, 234, 158, 0, 34.20%, 22, 0, 3, 145.19, 283038, 811
3033, 6, 49, 234, 157, 0, 34.20%, 22, 0, 3, 144.48, 283787, 811
3038, 6, 49, 234, 157, 0, 34.20%, 22, 0, 3, 144.88, 284537, 811
3043, 6, 49, 234, 157, 0, 34.20%, 22, 0, 3, 145.14, 285283, 811
3049, 6, 49, 234, 157, 0, 34.20%, 22, 0, 3, 145.35, 286029, 811
3054, 6, 49, 234, 157, 0, 34.20%, 22, 0, 3, 145.25, 286779, 811
3059, 6, 49, 234, 157, 0, 34.20%, 22, 0, 3, 145.27, 287529, 811
3064, 6, 49, 234, 157, 0, 34.20%, 22, 0, 3, 144.97, 288277, 811
3069, 6, 49, 234, 157, 0, 34.20%, 22, 0, 3, 145.19, 289027, 811
3074, 6, 49, 234, 157, 0, 34.20%, 22, 0, 3, 145.27, 289775, 811
3080, 6, 112, 234, 157, 0, 34.20%, 22, 0, 3, 145.27, 290525, 811
3085, 6, 49, 234, 157, 0, 34.20%, 22, 0, 3, 144.87, 291273, 811
3090, 6, 49, 234, 157, 0, 34.20%, 22, 0, 3, 145.27, 292021, 811
3095, 6, 49, 234, 157, 0, 34.20%, 22, 0, 3, 145.16, 292769, 811
3100, 6, 49, 234, 157, 0, 34.20%, 22, 0, 3, 145.13, 293519, 811
3105, 6, 49, 234, 157, 0, 34.20%, 22, 0, 3, 145.80, 294268, 811
3110, 6, 49, 234, 157, 0, 34.20%, 22, 0, 3, 145.06, 295013, 811
3116, 6, 49, 234, 157, 0, 34.20%, 22, 0, 3, 145.10, 295757, 811
3121, 6, 49, 234, 157, 0, 34.20%, 22, 0, 3, 145.04, 296505, 811
3126, 6, 49, 234, 157, 0, 34.20%, 22, 0, 3, 145.00, 297255, 811
3131, 6, 49, 234, 157, 0, 34.20%, 22, 0, 3, 144.87, 298005, 811
3136, 6, 113, 234, 157, 0, 34.20%, 22, 0, 3, 144.74, 298754, 811
3141, 6, 15, 234, 156, 0, 34.20%, 22, 0, 3, 145.21, 299504, 811
3147, 6, 181, 234, 156, 0, 34.20%, 22, 0, 3, 145.29, 300254, 811
3152, 6, 49, 234, 156, 0, 34.20%, 22, 0, 3, 145.14, 301002, 811
3157, 6, 49, 234, 156, 0, 34.20%, 22, 0, 3, 145.19, 301752, 811
3162, 6, 49, 234, 156, 0, 34.20%, 22, 0, 3, 145.24, 302500, 811
3167, 6, 49, 234, 156, 0, 34.20%, 22, 0, 3, 145.14, 303249, 811
3172, 6, 49, 234, 156, 0, 34.20%, 22, 0, 3, 145.43, 303998, 811
3178, 6, 49, 234, 156, 0, 34.20%, 22, 0, 3, 144.77, 304738, 811
3183, 6, 220, 234, 156, 0, 34.20%, 22, 0, 3, 144.27, 305488, 811
3188, 6, 220, 234, 156, 0, 34.20%, 22, 0, 3, 144.27, 306238, 811
3193, 6, 20, 234, 155, 0, 34.20%, 22, 0, 3, 144.99, 306988, 811
3198, 6, 49, 234, 154, 0, 34.20%, 22, 0, 3, 140.72, 307719, 811
3203, 6, 49, 234, 154, 0, 34.20%, 22, 0, 3, 117.45, 308285, 811
3208, 6, 49, 234, 154, 0, 34.20%, 22, 0, 3, 112.13, 308847, 811
3214, 6, 49, 234, 154, 0, 34.20%, 22, 0, 3, 137.84, 309585, 811
3219, 6, 132, 234, 154, 0, 34.20%, 22, 0, 3, 143.49, 310333, 811
3224, 6, 175, 234, 153, 0, 34.20%, 22, 0, 3, 144.71, 311083, 811
3229, 6, 49, 234, 152, 0, 34.20%, 22, 0, 3, 143.15, 311825, 811
3234, 6, 41, 234, 152, 0, 34.20%, 22, 0, 3, 143.94, 312571, 811
3239, 6, 49, 234, 152, 0, 34.20%, 22, 0, 3, 145.19, 313319, 811
3245, 6, 49, 234, 152, 0, 34.20%, 22, 0, 3, 145.32, 314069, 811
3250, 6, 49, 234, 152, 0, 34.20%, 22, 0, 3, 145.30, 314817, 811
3255, 6, 176, 234, 152, 0, 34.20%, 22, 0, 3, 145.12, 315567, 811
3260, 6, 49, 234, 151, 0, 34.20%, 22, 0, 3, 145.01, 316314, 811
3265, 6, 49, 234, 151, 0, 34.20%, 22, 0, 3, 144.55, 317062, 811
3270, 6, 49, 234, 151, 0, 34.20%, 22, 0, 3, 144.77, 317808, 811
3275, 6, 41, 234, 151, 0, 34.20%, 22, 0, 3, 144.83, 318554, 811
3281, 6, 89, 234, 151, 0, 34.20%, 22, 0, 3, 144.64, 319300, 811
3286, 6, 49, 234, 150, 0, 34.20%, 22, 0, 3, 145.49, 320049, 811
3291, 6, 13, 234, 150, 0, 34.20%, 22, 0, 3, 145.19, 320798, 811
3296, 6, 135, 234, 150, 0, 34.20%, 22, 0, 3, 145.02, 321547, 811
3301, 6, 49, 234, 149, 0, 34.20%, 22, 0, 3, 145.32, 322295, 811
3306, 6, 49, 234, 149, 0, 34.20%, 22, 0, 3, 144.88, 323044, 811
3312, 6, 49, 234, 149, 0, 34.20%, 22, 0, 3, 144.32, 323783, 811
3317, 6, 49, 234, 149, 0, 34.20%, 22, 0, 3, 145.00, 324531, 811
3322, 6, 49, 234, 149, 0, 34.20%, 22, 0, 3, 145.02, 325277, 811
3327, 6, 49, 234, 149, 0, 34.20%, 22, 0, 3, 145.35, 326023, 811
3332, 6, 49, 234, 149, 0, 34.20%, 22, 0, 3, 144.82, 326771, 811
3337, 6, 49, 234, 149, 0, 34.20%, 22, 0, 3, 144.53, 327517, 811
3343, 6, 134, 234, 149, 0, 34.20%, 22, 0, 3, 144.84, 328267, 811
3348, 6, 49, 234, 148, 0, 34.20%, 22, 0, 3, 144.85, 329017, 811
3353, 6, 49, 234, 148, 0, 34.20%, 22, 0, 3, 144.65, 329765, 811
3358, 6, 49, 234, 148, 0, 34.20%, 22, 0, 3, 144.64, 330511, 811
3363, 6, 41, 234, 148, 0, 34.20%, 22, 0, 3, 144.83, 331256, 811
3368, 6, 49, 234, 148, 0, 34.20%, 22, 0, 3, 144.88, 332007, 811
3374, 6, 49, 234, 148, 0, 34.20%, 22, 0, 3, 144.26, 332751, 811
3379, 6, 49, 234, 148, 0, 34.20%, 22, 0, 3, 144.49, 333495, 811
3384, 6, 49, 234, 148, 0, 34.20%, 22, 0, 3, 143.07, 334237, 811
3389, 6, 49, 234, 148, 0, 34.20%, 22, 0, 3, 142.75, 334969, 811
3394, 6, 233, 234, 148, 0, 34.20%, 22, 0, 3, 141.57, 335704, 811
3399, 6, 49, 234, 148, 0, 34.20%, 22, 0, 3, 133.76, 336335, 811
3404, 6, 49, 234, 148, 0, 34.20%, 22, 0, 3, 143.31, 337083, 811
3410, 6, 49, 234, 148, 0, 34.20%, 22, 0, 3, 143.58, 337823, 811
3415, 6, 49, 234, 148, 0, 34.20%, 22, 0, 3, 144.89, 338573, 811
3420, 6, 49, 234, 148, 0, 34.20%, 22, 0, 3, 144.83, 339319, 811
3425, 7, 49, 234, 148, 0, 34.20%, 22, 0, 3, 144.97, 340065, 811
3430, 7, 49, 234, 148, 0, 34.20%, 22, 0, 3, 145.48, 340815, 811
3435, 7, 49, 234, 148, 0, 34.20%, 22, 0, 3, 145.21, 341563, 811
3440, 7, 49, 234, 148, 0, 34.20%, 22, 0, 3, 145.30, 342307, 811
3446, 7, 49, 234, 148, 0, 34.20%, 22, 0, 3, 145.21, 343051, 811
3451, 7, 49, 234, 148, 0, 34.20%, 22, 0, 3, 144.68, 343793, 811
3456, 7, 49, 234, 148, 0, 34.20%, 22, 0, 3, 144.99, 344541, 811
3461, 7, 37, 234, 148, 0, 34.20%, 22, 0, 3, 143.96, 345287, 811
3466, 7, 49, 234, 147, 0, 34.20%, 22, 0, 3, 145.10, 346031, 811
3471, 7, 49, 234, 147, 0, 34.20%, 22, 0, 3, 145.21, 346781, 811
3476, 7, 71, 234, 147, 0, 34.20%, 22, 0, 3, 143.90, 347523, 811
3482, 7, 41, 234, 146, 0, 34.20%, 22, 0, 3, 145.15, 348274, 811
3487, 7, 49, 234, 146, 0, 34.20%, 22, 0, 3, 127.29, 348944, 811
3492, 7, 16, 234, 146, 0, 34.20%, 22, 0, 3, 114.31, 349508, 811
3497, 7, 49, 234, 145, 0, 34.20%, 22, 0, 3, 135.82, 350219, 811
3502, 7, 185, 234, 145, 0, 34.20%, 22, 0, 3, 142.02, 350959, 811
3507, 7, 49, 234, 144, 0, 34.20%, 22, 0, 3, 143.66, 351706, 811
3513, 7, 49, 234, 144, 0, 34.20%, 22, 0, 3, 144.03, 352450, 811
3518, 7, 136, 234, 144, 0, 34.20%, 22, 0, 3, 144.93, 353199, 811
3523, 7, 213, 234, 143, 0, 34.20%, 22, 0, 3, 144.24, 353947, 811
3528, 7, 213, 234, 143, 0, 34.20%, 22, 0, 3, 144.46, 354697, 811
3533, 7, 41, 234, 142, 0, 34.20%, 22, 0, 3, 143.59, 355438, 811
3538, 7, 49, 234, 142, 0, 34.20%, 22, 0, 3, 144.73, 356184, 811
3544, 7, 49, 234, 142, 0, 34.20%, 22, 0, 3, 144.95, 356930, 811
3549, 7, 49, 234, 142, 0, 34.20%, 22, 0, 3, 145.29, 357677, 811
3554, 7, 49, 234, 142, 0, 34.20%, 22, 0, 3, 145.32, 358426, 811
3559, 7, 28, 234, 142, 0, 34.20%, 22, 0, 3, 144.99, 359174, 811
3564, 7, 49, 234, 141, 0, 34.20%, 22, 0, 3, 145.34, 359924, 811
3569, 7, 181, 234, 141, 0, 34.20%, 22, 0, 3, 145.09, 360674, 811
3574, 7, 49, 234, 141, 0, 34.20%, 22, 0, 3, 144.05, 361412, 811
3580, 7, 112, 234, 141, 0, 34.20%, 22, 0, 3, 144.76, 362162, 811
3585, 7, 49, 234, 141, 0, 34.20%, 22, 0, 3, 145.08, 362910, 811
3590, 7, 49, 234, 141, 0, 34.20%, 22, 0, 3, 144.95, 363658, 811
3595, 7, 49, 234, 141, 0, 34.20%, 22, 0, 3, 144.82, 364408, 811
3600, 7, 49, 234, 141, 0, 34.20%, 22, 0, 3, 145.28, 365158, 811
3605, 7, 49, 234, 141, 0, 34.20%, 22, 0, 3, 145.22, 365906, 811
3611, 7, 49, 234, 141, 0, 34.20%, 22, 0, 3, 143.46, 366650, 811
3616, 7, 49, 234, 141, 0, 34.20%, 22, 0, 3, 134.78, 367308, 811
3621, 7, 41, 234, 141, 0, 34.20%, 22, 0, 3, 142.44, 368054, 811
3626, 7, 49, 234, 141, 0, 34.20%, 22, 0, 3, 144.36, 368798, 811
3631, 7, 49, 234, 141, 0, 34.20%, 22, 0, 3, 145.18, 369542, 811
3636, 7, 49, 234, 141, 0, 34.20%, 22, 0, 3, 145.12, 370290, 811
3642, 7, 49, 234, 141, 0, 34.20%, 22, 0, 3, 145.32, 371040, 811
3647, 7, 13, 234, 141, 0, 34.20%, 22, 0, 3, 144.70, 371788, 811
3652, 7, 49, 234, 141, 0, 34.20%, 22, 0, 3, 145.09, 372532, 811
3657, 7, 49, 234, 141, 0, 34.20%, 22, 0, 3, 145.11, 373277, 811
3662, 7, 49, 234, 141, 0, 34.20%, 23, 0, 3, 145.03, 374022, 811
3667, 7, 49, 234, 141, 0, 34.20%, 23, 0, 3, 145.52, 374770, 811
3672, 7, 49, 234, 141, 0, 34.20%, 23, 0, 3, 143.93, 375510, 811
3678, 7, 13, 234, 141, 0, 34.20%, 23, 0, 3, 144.84, 376260, 811
3683, 7, 49, 234, 141, 0, 34.20%, 23, 0, 3, 144.86, 377004, 811
3688, 7, 49, 234, 141, 0, 34.20%, 23, 0, 3, 145.25, 377754, 811
3693, 7, 49, 234, 141, 0, 34.20%, 23, 0, 3, 144.54, 378500, 811
3698, 7, 49, 234, 141, 0, 34.20%, 23, 0, 3, 144.29, 379244, 811
3703, 7, 49, 234, 141, 0, 34.20%, 23, 0, 3, 144.28, 379989, 811
3709, 7, 49, 234, 141, 0, 34.20%, 23, 0, 3, 144.47, 380733, 811
3714, 7, 141, 234, 141, 0, 34.20%, 23, 0, 3, 144.89, 381478, 811
3719, 7, 49, 234, 140, 0, 34.20%, 23, 0, 3, 145.18, 382226, 811
3724, 7, 223, 234, 140, 0, 34.20%, 23, 0, 3, 144.85, 382976, 811
3729, 7, 223, 234, 140, 0, 34.20%, 23, 0, 3, 143.71, 383696, 811
3734, 7, 49, 234, 139, 0, 34.20%, 23, 0, 3, 144.55, 384446, 811
3739, 7, 49, 234, 139, 0, 34.20%, 23, 0, 3, 142.46, 385180, 811
3745, 7, 49, 234, 139, 0, 34.20%, 23, 0, 3, 142.78, 385924, 811
3750, 7, 49, 234, 139, 0, 34.20%, 23, 0, 3, 143.94, 386661, 811
3755, 7, 49, 234, 139, 0, 34.20%, 23, 0, 3, 144.43, 387405, 811
3760, 7, 49, 234, 139, 0, 34.20%, 23, 0, 3, 142.83, 388144, 811
3765, 7, 61, 234, 139, 0, 34.20%, 23, 0, 3, 143.79, 388888, 811
3770, 7, 49, 234, 138, 0, 34.20%, 23, 0, 3, 143.65, 389627, 811
3776, 7, 49, 234, 138, 0, 34.20%, 23, 0, 3, 143.79, 390369, 811
3781, 7, 233, 234, 138, 0, 34.20%, 23, 0, 3, 144.80, 391119, 811
3786, 7, 49, 234, 138, 0, 34.20%, 23, 0, 3, 144.85, 391869, 811
3791, 7, 49, 234, 138, 0, 34.20%, 23, 0, 3, 145.30, 392619, 811
3796, 7, 49, 234, 138, 0, 34.20%, 23, 0, 3, 145.32, 393369, 811
3801, 7, 49, 234, 138, 0, 34.20%, 23, 0, 3, 144.80, 394115, 811
3806, 7, 49, 234, 138, 0, 34.20%, 23, 0, 3, 145.49, 394863, 811
3812, 7, 49, 234, 138, 0, 34.20%, 23, 0, 3, 144.93, 395610, 811
3817, 7, 49, 234, 138, 0, 34.20%, 23, 0, 3, 144.66, 396354, 811
3822, 7, 49, 234, 138, 0, 34.20%, 23, 0, 3, 144.03, 397099, 811
3827, 7, 49, 234, 138, 0, 34.20%, 23, 0, 3, 144.61, 397847, 811
3832, 7, 49, 234, 138, 0, 34.20%, 23, 0, 3, 144.78, 398593, 811
3837, 7, 49, 234, 138, 0, 34.20%, 23, 0, 3, 144.87, 399337, 811
3843, 7, 49, 234, 138, 0, 34.20%, 23, 0, 3, 145.26, 400087, 811
3848, 7, 49, 234, 138, 0, 34.20%, 23, 0, 3, 144.69, 400833, 811
3853, 7, 49, 234, 138, 0, 34.20%, 23, 0, 3, 145.06, 401582, 811
3858, 7, 49, 234, 138, 0, 34.20%, 23, 0, 3, 143.16, 402327, 811
3863, 7, 181, 234, 138, 0, 34.20%, 23, 0, 3, 144.00, 403075, 811
3868, 7, 49, 234, 138, 0, 34.20%, 23, 0, 3, 144.11, 403821, 811
3874, 7, 49, 234, 138, 0, 34.20%, 23, 0, 3, 144.62, 404566, 811
3879, 7, 49, 234, 138, 0, 34.20%, 23, 0, 3, 143.57, 405310, 811
3884, 7, 49, 235, 139, 0, 34.20%, 23, 0, 3, 144.55, 406054, 811
3889, 7, 41, 240, 144, 0, 34.20%, 23, 0, 3, 142.11, 406772, 811
3894, 7, 41, 244, 148, 0, 34.20%, 23, 0, 3, 141.06, 407478, 811
3899, 7, 49, 245, 149, 0, 34.20%, 23, 0, 3, 142.64, 408208, 811
3904, 7, 49, 245, 149, 0, 34.20%, 23, 0, 3, 143.74, 408956, 811
3909, 7, 49, 245, 149, 0, 34.20%, 23, 0, 3, 144.67, 409706, 811
3915, 7, 49, 245, 149, 0, 34.20%, 23, 0, 3, 145.29, 410450, 811
3920, 7, 49, 245, 149, 0, 34.20%, 23, 0, 3, 144.56, 411194, 811
3925, 7, 160, 245, 149, 0, 34.20%, 23, 0, 3, 144.21, 411940, 811
3930, 7, 49, 245, 148, 0, 34.20%, 23, 0, 3, 143.70, 412679, 811
3935, 8, 49, 245, 148, 0, 34.20%, 23, 0, 3, 143.33, 413419, 811
3940, 8, 49, 245, 148, 0, 34.20%, 23, 0, 3, 143.92, 414165, 811
3946, 8, 49, 245, 148, 0, 34.20%, 23, 0, 3, 144.79, 414909, 811
3951, 8, 49, 245, 148, 0, 34.20%, 23, 0, 3, 144.88, 415653, 811
3956, 8, 49, 245, 148, 0, 34.20%, 23, 0, 3, 143.24, 416391, 811
3961, 8, 49, 246, 149, 0, 34.20%, 23, 0, 3, 144.25, 417137, 811
3966, 8, 35, 246, 149, 0, 34.20%, 23, 0, 3, 144.97, 417885, 811
3971, 8, 49, 246, 148, 0, 34.20%, 23, 0, 3, 145.53, 418635, 811
3976, 8, 49, 246, 148, 0, 34.20%, 23, 0, 3, 145.05, 419383, 811
3982, 8, 13, 246, 148, 0, 34.20%, 23, 0, 3, 144.28, 420121, 811
3987, 8, 41, 246, 148, 0, 34.20%, 23, 0, 3, 144.48, 420865, 811
3992, 8, 49, 246, 148, 0, 34.20%, 23, 0, 3, 144.36, 421609, 811
3997, 8, 13, 246, 148, 0, 34.20%, 23, 0, 3, 145.10, 422359, 811
4002, 8, 49, 246, 148, 0, 34.20%, 23, 0, 3, 144.97, 423105, 811
4007, 8, 49, 246, 148, 0, 34.20%, 23, 0, 3, 144.37, 423853, 811
4013, 8, 49, 246, 148, 0, 34.20%, 23, 0, 3, 145.31, 424603, 811
4018, 8, 49, 246, 148, 0, 34.20%, 23, 0, 3, 144.76, 425349, 811
4023, 8, 49, 246, 148, 0, 34.20%, 23, 0, 3, 144.32, 426087, 811
4028, 8, 231, 246, 148, 0, 34.20%, 23, 0, 3, 145.12, 426837, 811
4033, 8, 49, 246, 147, 0, 34.20%, 23, 0, 3, 145.34, 427587, 811
4038, 8, 2, 246, 147, 0, 34.20%, 23, 0, 3, 144.90, 428336, 811
4043, 8, 49, 246, 146, 0, 34.20%, 23, 0, 3, 144.93, 429084, 811
4049, 8, 49, 246, 146, 0, 34.20%, 23, 0, 3, 145.35, 429832, 811
4054, 8, 49, 246, 146, 0, 34.20%, 23, 0, 3, 143.86, 430574, 811
4059, 8, 49, 246, 146, 0, 34.20%, 23, 0, 3, 144.56, 431320, 811
4064, 8, 49, 246, 146, 0, 34.20%, 23, 0, 3, 144.77, 432065, 811
4069, 8, 49, 246, 146, 0, 34.20%, 23, 0, 3, 144.65, 432808, 811
4074, 8, 49, 246, 146, 0, 34.20%, 23, 0, 3, 144.26, 433554, 811
4080, 8, 236, 246, 146, 0, 34.20%, 23, 0, 3, 142.49, 434290, 811
4085, 8, 236, 246, 146, 0, 34.20%, 23, 0, 3, 140.10, 434996, 811
4090, 8, 13, 246, 145, 0, 34.20%, 23, 0, 3, 143.68, 435738, 811
4095, 8, 41, 246, 145, 0, 34.20%, 23, 0, 3, 144.88, 436488, 811
4100, 8, 49, 246, 145, 0, 34.20%, 23, 0, 3, 144.58, 437234, 811
4105, 8, 49, 246, 145, 0, 34.20%, 23, 0, 3, 134.82, 437944, 811
4110, 8, 49, 246, 145, 0, 34.20%, 23, 0, 3, 115.81, 438504, 811
4116, 8, 49, 246, 145, 0, 34.20%, 23, 0, 3, 111.69, 439078, 811
4121, 8, 49, 246, 145, 0, 34.20%, 23, 0, 3, 110.98, 439632, 811
4126, 8, 49, 246, 145, 0, 34.20%, 23, 0, 3, 110.66, 440186, 811
4131, 8, 49, 246, 145, 0, 34.20%, 23, 0, 3, 134.57, 440894, 811
4136, 8, 144, 248, 147, 0, 34.20%, 23, 0, 3, 141.39, 441635, 811
4141, 8, 49, 248, 146, 0, 34.20%, 23, 0, 3, 144.32, 442383, 811
4146, 8, 49, 248, 146, 0, 34.20%, 23, 0, 3, 144.85, 443131, 811
4151, 8, 181, 248, 146, 0, 34.20%, 23, 0, 3, 144.41, 443881, 811
4156, 8, 49, 248, 146, 0, 34.20%, 23, 0, 3, 144.75, 444625, 811
4162, 8, 49, 248, 146, 0, 34.20%, 23, 0, 3, 144.99, 445373, 811
4167, 8, 49, 248, 146, 0, 34.20%, 23, 0, 3, 144.89, 446120, 811
4172, 8, 49, 248, 146, 0, 34.20%, 23, 0, 3, 121.60, 446747, 811
4177, 8, 13, 248, 146, 0, 34.20%, 23, 0, 3, 139.67, 447489, 811
4182, 8, 49, 248, 146, 0, 34.20%, 23, 0, 3, 143.62, 448237, 811
4187, 8, 49, 252, 150, 0, 34.20%, 23, 0, 3, 141.61, 448971, 811
4193, 8, 49, 252, 150, 0, 34.20%, 23, 0, 3, 144.14, 449719, 811
4198, 8, 49, 252, 150, 0, 34.20%, 23, 0, 3, 144.44, 450463, 811
4203, 8, 49, 252, 150, 0, 34.20%, 23, 0, 3, 144.40, 451208, 811
4208, 8, 49, 252, 150, 0, 34.20%, 23, 0, 3, 145.01, 451955, 811
4213, 8, 49, 252, 150, 0, 34.20%, 23, 0, 3, 144.80, 452701, 811
4218, 8, 49, 252, 150, 0, 34.20%, 23, 0, 3, 140.39, 453435, 811
4224, 8, 49, 252, 150, 0, 34.20%, 23, 0, 3, 134.80, 454089, 811
4229, 8, 133, 252, 150, 0, 34.20%, 23, 0, 3, 142.50, 454835, 811
4234, 8, 49, 252, 149, 0, 34.20%, 23, 0, 3, 144.32, 455583, 811
4239, 8, 181, 252, 149, 0, 34.20%, 23, 0, 3, 144.27, 456328, 811
4244, 8, 49, 252, 149, 0, 34.20%, 23, 0, 3, 144.04, 457073, 811
4249, 8, 49, 252, 149, 0, 34.20%, 23, 0, 3, 143.34, 457811, 811
4255, 8, 41, 252, 149, 0, 34.20%, 23, 0, 3, 144.85, 458561, 811
4260, 8, 49, 252, 149, 0, 34.20%, 23, 0, 3, 145.12, 459309, 811
4265, 8, 187, 252, 149, 0, 34.20%, 23, 0, 3, 145.05, 460059, 811
4270, 8, 49, 252, 148, 0, 34.20%, 23, 0, 3, 145.08, 460807, 811
4275, 8, 49, 252, 148, 0, 34.20%, 23, 0, 3, 143.85, 461551, 811
4280, 8, 237, 252, 148, 0, 34.20%, 23, 0, 3, 144.04, 462299, 811
4286, 8, 237, 252, 148, 0, 34.20%, 23, 0, 3, 140.17, 463021, 811
4291, 8, 49, 252, 147, 0, 34.20%, 23, 0, 3, 142.14, 463752, 811
4296, 8, 49, 252, 147, 0, 34.20%, 23, 0, 3, 144.35, 464496, 811
4301, 8, 49, 252, 147, 0, 34.20%, 23, 0, 3, 143.33, 465236, 811
4306, 8, 13, 252, 147, 0, 34.20%, 23, 0, 3, 143.62, 465976, 811
4311, 8, 191, 252, 147, 0, 34.20%, 23, 0, 3, 144.57, 466725, 811
4317, 8, 49, 252, 146, 0, 34.20%, 23, 0, 3, 144.42, 467469, 811
4322, 8, 49, 252, 146, 0, 34.20%, 23, 0, 3, 144.40, 468214, 811
4327, 8, 49, 252, 146, 0, 34.20%, 23, 0, 3, 144.83, 468964, 811
4332, 8, 49, 252, 146, 0, 34.20%, 23, 0, 3, 145.21, 469712, 811
4337, 8, 60, 252, 146, 0, 34.20%, 23, 0, 3, 144.88, 470458, 811
4342, 8, 49, 252, 145, 0, 34.20%, 23, 0, 3, 144.65, 471207, 811
4348, 8, 41, 252, 145, 0, 34.20%, 23, 0, 3, 143.99, 471953, 811
4353, 8, 49, 252, 145, 0, 34.20%, 23, 0, 3, 144.67, 472701, 811
4358, 8, 49, 252, 145, 0, 34.20%, 23, 0, 3, 144.42, 473447, 811
4363, 8, 49, 252, 145, 0, 34.20%, 23, 0, 3, 144.19, 474193, 811
4368, 8, 41, 252, 145, 0, 34.20%, 23, 0, 3, 144.45, 474937, 811
4373, 8, 13, 252, 145, 0, 34.20%, 23, 0, 3, 144.78, 475681, 811
4379, 8, 15, 252, 144, 0, 34.20%, 23, 0, 3, 144.32, 476430, 811
4384, 8, 49, 252, 144, 0, 34.20%, 23, 0, 3, 145.05, 477180, 811
4389, 8, 49, 252, 144, 0, 34.20%, 23, 0, 3, 145.40, 477930, 811
4394, 8, 49, 252, 144, 0, 34.20%, 23, 0, 3, 145.16, 478680, 811
4399, 8, 49, 252, 144, 0, 34.20%, 23, 0, 3, 145.27, 479428, 811
4404, 8, 49, 252, 144, 0, 34.20%, 23, 0, 3, 144.94, 480176, 811
4410, 8, 49, 252, 144, 0, 34.20%, 23, 0, 3, 145.24, 480926, 811
4415, 8, 49, 252, 144, 0, 34.20%, 23, 0, 3, 143.50, 481670, 811
4420, 8, 49, 252, 144, 0, 34.20%, 23, 0, 3, 144.22, 482416, 811
4425, 8, 49, 252, 144, 0, 34.20%, 23, 0, 3, 144.69, 483162, 811
4430, 8, 49, 252, 144, 0, 34.20%, 23, 0, 3, 144.95, 483910, 811
4435, 8, 49, 252, 144, 0, 34.20%, 23, 0, 3, 145.09, 484656, 811
4440, 8, 49, 252, 144, 0, 34.20%, 23, 0, 3, 144.96, 485400, 811
4446, 8, 49, 252, 144, 0, 34.20%, 23, 0, 3, 144.65, 486146, 811
4451, 8, 49, 252, 144, 0, 34.20%, 23, 0, 3, 144.83, 486896, 811
4456, 8, 49, 252, 144, 0, 34.20%, 23, 0, 3, 144.78, 487644, 811
4461, 9, 49, 252, 144, 0, 34.20%, 23, 0, 3, 144.52, 488390, 811
4466, 9, 11, 252, 144, 0, 34.20%, 23, 0, 3, 144.74, 489138, 811
4471, 9, 49, 252, 143, 0, 34.20%, 23, 0, 3, 143.10, 489876, 811
4477, 9, 49, 252, 143, 0, 34.20%, 23, 0, 3, 143.84, 490613, 811
4482, 9, 49, 252, 143, 0, 34.20%, 23, 0, 3, 143.14, 491355, 811
4487, 9, 49, 252, 143, 0, 34.20%, 23, 0, 3, 144.53, 492103, 811
4492, 9, 49, 252, 143, 0, 34.20%, 23, 0, 3, 145.28, 492847, 811
4497, 9, 49, 252, 143, 0, 34.20%, 23, 0, 3, 145.13, 493597, 811
4502, 9, 49, 252, 143, 0, 34.20%, 23, 0, 3, 145.18, 494341, 811
4507, 9, 249, 252, 143, 0, 34.20%, 23, 0, 3, 142.20, 495073, 811
4513, 9, 249, 252, 143, 0, 34.20%, 23, 0, 3, 138.21, 495773, 811
4518, 9, 49, 252, 142, 0, 34.20%, 23, 0, 3, 142.77, 496507, 811
4523, 9, 49, 252, 142, 0, 34.20%, 23, 0, 3, 144.22, 497251, 811
4528, 9, 49, 252, 142, 0, 34.20%, 23, 0, 3, 144.99, 497995, 811
4533, 9, 49, 252, 142, 0, 34.20%, 23, 0, 3, 144.63, 498743, 811
4538, 9, 49, 252, 142, 0, 34.20%, 23, 0, 3, 144.77, 499490, 811
4543, 9, 49, 252, 142, 0, 34.20%, 23, 0, 3, 144.98, 500235, 811
4549, 9, 181, 252, 142, 0, 34.20%, 23, 0, 3, 145.08, 500981, 811
4554, 9, 49, 252, 142, 0, 34.20%, 23, 0, 3, 144.85, 501729, 811
4559, 9, 49, 252, 142, 0, 34.20%, 23, 0, 3, 144.00, 502474, 811
4564, 9, 49, 252, 142, 0, 34.20%, 23, 0, 3, 144.94, 503225, 811
4569, 9, 13, 252, 142, 0, 34.20%, 23, 0, 3, 144.87, 503974, 811
4574, 9, 49, 252, 142, 0, 34.20%, 23, 0, 3, 145.10, 504721, 811
4580, 9, 49, 252, 142, 0, 34.20%, 23, 0, 3, 145.13, 505469, 811
4585, 9, 49, 252, 142, 0, 34.20%, 23, 0, 3, 144.78, 506219, 811
4590, 9, 179, 252, 142, 0, 34.20%, 23, 0, 3, 144.98, 506968, 811
4595, 9, 49, 252, 141, 0, 34.20%, 23, 0, 3, 144.93, 507714, 811
4600, 9, 49, 252, 141, 0, 34.20%, 23, 0, 3, 144.77, 508460, 811
4605, 9, 49, 252, 141, 0, 34.20%, 23, 0, 3, 144.63, 509202, 811
4611, 9, 49, 253, 142, 0, 34.20%, 23, 0, 3, 143.82, 509948, 811
4616, 9, 49, 253, 142, 0, 34.20%, 23, 0, 3, 144.86, 510698, 811
4621, 9, 49, 253, 142, 0, 34.20%, 23, 0, 3, 144.14, 511396, 811
4682, 10, 140, 262, 235, 0, 33.48%, 15, 0, 2, 143.00, 11566, 761
4687, 10, 140, 263, 236, 0, 33.48%, 15, 0, 2, 143.22, 12304, 761
4692, 10, 212, 263, 236, 0, 33.48%, 15, 0, 2, 143.55, 13022, 761
4698, 10, 140, 263, 235, 0, 33.48%, 15, 0, 2, 143.09, 13763, 761
4703, 10, 140, 263, 235, 0, 33.48%, 15, 0, 2, 143.89, 14505, 761
4708, 10, 140, 263, 235, 0, 33.48%, 15, 0, 2, 144.20, 15250, 761
4713, 10, 19, 263, 235, 0, 33.48%, 15, 0, 2, 144.29, 15995, 761
4718, 10, 140, 263, 235, 0, 33.48%, 16, 0, 2, 144.79, 16739, 761
4723, 10, 140, 263, 235, 0, 33.48%, 16, 0, 2, 144.76, 17485, 761
4728, 10, 174, 264, 236, 0, 33.48%, 16, 0, 2, 144.20, 18207, 761
4733, 10, 140, 264, 235, 0, 33.48%, 16, 0, 2, 144.61, 18956, 761
4739, 10, 140, 266, 237, 0, 33.48%, 16, 0, 2, 144.24, 19682, 761
4744, 10, 213, 267, 238, 0, 33.48%, 16, 0, 2, 143.72, 20406, 761
4749, 10, 140, 267, 237, 0, 33.48%, 16, 0, 2, 143.75, 21152, 761
4754, 10, 140, 267, 237, 0, 33.48%, 16, 0, 2, 143.55, 21898, 761
4759, 10, 140, 267, 237, 0, 33.48%, 16, 0, 2, 143.75, 22642, 761
4764, 10, 19, 267, 237, 0, 33.48%, 16, 0, 2, 143.77, 23388, 761
4769, 10, 16, 267, 237, 0, 33.48%, 16, 0, 2, 141.70, 24122, 761
4775, 10, 16, 267, 237, 0, 33.48%, 16, 0, 2, 140.75, 24848, 761
4780, 10, 140, 267, 236, 0, 33.48%, 16, 0, 2, 143.91, 25590, 761
4785, 10, 91, 267, 236, 0, 33.48%, 16, 0, 2, 144.87, 26336, 761
4790, 10, 140, 267, 235, 0, 33.48%, 16, 0, 2, 144.20, 27085, 761
4795, 10, 140, 267, 235, 0, 33.48%, 16, 0, 2, 143.08, 27829, 761
4801, 10, 140, 267, 235, 0, 33.48%, 16, 0, 2, 143.78, 28575, 761
4806, 10, 140, 267, 235, 0, 33.48%, 16, 0, 2, 143.83, 29320, 761
4811, 10, 172, 267, 235, 0, 33.48%, 16, 0, 2, 144.03, 30065, 761
4816, 10, 230, 267, 234, 0, 33.48%, 16, 0, 2, 144.36, 30815, 761
4821, 10, 140, 267, 233, 0, 33.48%, 16, 0, 2, 144.36, 31560, 761
4826, 10, 140, 267, 233, 0, 33.48%, 16, 0, 2, 144.45, 32304, 761
4832, 10, 17, 267, 233, 0, 33.48%, 16, 0, 2, 143.31, 33046, 761
4837, 10, 17, 267, 233, 0, 33.48%, 16, 0, 2, 123.82, 33692, 761
4842, 10, 17, 267, 233, 0, 33.48%, 16, 0, 2, 109.70, 34243, 761
4847, 10, 140, 267, 232, 0, 33.48%, 16, 0, 2, 110.39, 34797, 761
4852, 10, 15, 267, 232, 0, 33.48%, 16, 0, 2, 132.34, 35501, 761
4857, 10, 15, 267, 232, 0, 33.48%, 16, 0, 2, 138.86, 36207, 761
4862, 10, 140, 267, 231, 0, 33.48%, 16, 0, 2, 142.98, 36955, 761
4867, 10, 71, 267, 231, 0, 33.48%, 16, 0, 2, 144.03, 37699, 761
4873, 10, 140, 267, 231, 0, 33.48%, 16, 0, 2, 143.53, 38445, 761
4878, 10, 140, 267, 231, 0, 33.48%, 16, 0, 2, 144.28, 39191, 761
4883, 10, 140, 267, 231, 0, 33.48%, 16, 0, 2, 144.35, 39935, 761
4888, 10, 182, 267, 231, 0, 33.48%, 16, 0, 2, 142.23, 40667, 761
4893, 10, 119, 267, 230, 0, 33.48%, 16, 0, 2, 144.09, 41415, 761
4899, 10, 140, 267, 229, 0, 33.48%, 16, 0, 2, 144.59, 42162, 761
4904, 10, 140, 267, 229, 0, 33.48%, 16, 0, 2, 144.62, 42906, 761
4909, 10, 152, 267, 229, 0, 33.48%, 16, 0, 2, 142.08, 43644, 761
4914, 10, 181, 267, 228, 0, 33.48%, 16, 0, 2, 142.98, 44388, 761
4919, 10, 237, 267, 227, 0, 33.48%, 16, 0, 2, 143.93, 45131, 761
4924, 10, 187, 267, 227, 0, 33.48%, 16, 0, 2, 144.53, 45879, 761
4930, 10, 140, 267, 226, 0, 33.48%, 16, 0, 2, 143.70, 46622, 761
4935, 10, 67, 267, 226, 0, 33.48%, 16, 0, 2, 144.34, 47372, 761
4940, 10, 140, 267, 225, 0, 33.48%, 16, 0, 2, 142.92, 48113, 761
4945, 10, 140, 267, 225, 0, 33.48%, 16, 0, 2, 143.71, 48858, 761
4950, 10, 140, 267, 225, 0, 33.48%, 16, 0, 2, 144.43, 49602, 761
4955, 10, 151, 267, 225, 0, 33.48%, 16, 0, 2, 144.27, 50348, 761
4961, 10, 140, 267, 224, 0, 33.48%, 16, 0, 2, 144.56, 51091, 761
4966, 10, 118, 267, 224, 0, 33.48%, 16, 0, 2, 144.96, 51839, 761
4971, 10, 140, 267, 223, 0, 33.48%, 16, 0, 2, 144.47, 52584, 761
4976, 10, 140, 267, 223, 0, 33.48%, 16, 0, 2, 144.09, 53328, 761
4981, 10, 140, 267, 223, 0, 33.48%, 16, 0, 2, 144.45, 54072, 761
4986, 10, 147, 267, 223, 0, 33.48%, 16, 0, 2, 144.28, 54822, 761
4992, 10, 148, 267, 222, 0, 33.48%, 16, 0, 2, 144.81, 55570, 761
4997, 10, 140, 267, 221, 0, 33.48%, 16, 0, 2, 131.74, 56254, 761
5002, 10, 140, 268, 222, 0, 33.48%, 16, 0, 2, 141.94, 56998, 761
5007, 10, 140, 268, 222, 0, 33.48%, 16, 0, 2, 143.97, 57743, 761
5012, 10, 140, 268, 222, 0, 33.48%, 16, 0, 2, 144.42, 58492, 761
5017, 10, 140, 268, 222, 0, 33.48%, 16, 0, 2, 144.60, 59238, 761
5022, 10, 140, 268, 222, 0, 33.48%, 16, 0, 2, 143.60, 59982, 761
5028, 10, 140, 268, 222, 0, 33.48%, 16, 0, 2, 143.58, 60726, 761
5033, 10, 140, 268, 222, 0, 33.48%, 16, 0, 2, 143.99, 61472, 761
5038, 10, 140, 268, 222, 0, 33.48%, 16, 0, 2, 144.19, 62218, 761
5043, 10, 19, 268, 222, 0, 33.48%, 16, 0, 2, 144.01, 62966, 761
5048, 10, 140, 268, 222, 0, 33.48%, 16, 0, 2, 143.36, 63712, 761
5053, 10, 128, 268, 222, 0, 33.48%, 16, 0, 2, 143.30, 64429, 761
5059, 10, 140, 268, 221, 0, 33.48%, 16, 0, 2, 141.91, 65167, 761
5064, 10, 140, 268, 221, 0, 33.48%, 16, 0, 2, 140.98, 65899, 761
5069, 10, 140, 268, 221, 0, 33.48%, 16, 0, 2, 142.62, 66615, 761
5074, 10, 140, 268, 221, 0, 33.48%, 16, 0, 2, 143.65, 67361, 761
5079, 10, 140, 268, 221, 0, 33.48%, 16, 0, 2, 144.40, 68109, 761
5084, 10, 120, 268, 221, 0, 33.48%, 16, 0, 2, 143.30, 68850, 761
5090, 10, 140, 268, 220, 0, 33.48%, 16, 0, 2, 143.72, 69596, 761
5095, 10, 140, 268, 220, 0, 33.48%, 16, 0, 2, 143.89, 70340, 761
5100, 10, 140, 269, 221, 0, 33.48%, 16, 0, 2, 143.58, 71079, 761
5105, 10, 175, 269, 221, 0, 33.48%, 16, 0, 2, 142.65, 71821, 761
5110, 10, 140, 269, 220, 0, 33.48%, 16, 0, 2, 144.02, 72570, 761
5115, 10, 140, 269, 220, 0, 33.48%, 16, 0, 2, 124.03, 73212, 761
5121, 10, 140, 269, 220, 0, 33.48%, 16, 0, 2, 113.00, 73784, 761
5126, 10, 140, 269, 220, 0, 33.48%, 16, 0, 2, 135.08, 74500, 761
5131, 10, 205, 269, 220, 0, 33.48%, 16, 0, 2, 142.64, 75246, 761
5136, 10, 140, 269, 219, 0, 33.48%, 17, 0, 2, 143.45, 75964, 761
5141, 10, 140, 269, 219, 0, 33.48%, 17, 0, 2, 144.18, 76708, 761
5146, 10, 140, 269, 219, 0, 33.48%, 17, 0, 2, 144.60, 77454, 761
5151, 10, 140, 269, 219, 0, 33.48%, 17, 0, 2, 144.38, 78198, 761
5157, 10, 140, 269, 219, 0, 33.48%, 17, 0, 2, 144.35, 78944, 761
5162, 10, 197, 269, 219, 0, 33.48%, 17, 0, 2, 144.53, 79694, 761
5167, 10, 140, 269, 218, 0, 33.48%, 17, 0, 2, 144.56, 80441, 761
5172, 10, 140, 269, 218, 0, 33.48%, 17, 0, 2, 144.30, 81186, 761
5177, 10, 140, 269, 218, 0, 33.48%, 17, 0, 2, 144.65, 81934, 761
5182, 10, 140, 269, 218, 0, 33.48%, 17, 0, 2, 144.07, 82680, 761
5188, 10, 140, 269, 218, 0, 33.48%, 17, 0, 2, 143.03, 83420, 761
5193, 10, 19, 269, 218, 0, 33.48%, 17, 0, 2, 143.69, 84164, 761
5198, 10, 140, 269, 218, 0, 33.48%, 17, 0, 2, 138.74, 84850, 761
5203, 10, 140, 269, 218, 0, 33.48%, 17, 0, 2, 143.46, 85594, 761
5208, 10, 140, 269, 218, 0, 33.48%, 17, 0, 2, 144.29, 86340, 761
5213, 10, 140, 269, 218, 0, 33.48%, 17, 0, 2, 144.70, 87080, 761
5219, 10, 140, 269, 218, 0, 33.48%, 17, 0, 2, 144.46, 87828, 761
5224, 10, 140, 269, 218, 0, 33.48%, 17, 0, 2, 143.51, 88566, 761
5229, 10, 140, 269, 218, 0, 33.48%, 17, 0, 2, 143.28, 89310, 761
5234, 10, 140, 270, 219, 0, 33.52%, 17, 0, 2, 143.48, 90050, 762
5239, 10, 140, 270, 219, 0, 33.52%, 17, 0, 2, 144.27, 90794, 762
5244, 10, 140, 270, 219, 0, 33.52%, 17, 0, 2, 144.50, 91540, 762
5250, 10, 140, 270, 219, 0, 33.52%, 17, 0, 2, 144.32, 92284, 762
5255, 10, 140, 270, 219, 0, 33.52%, 17, 0, 2, 143.71, 93028, 762
5260, 11, 140, 270, 219, 0, 33.52%, 17, 0, 2, 144.21, 93774, 762
5265, 11, 140, 270, 219, 0, 33.52%, 17, 0, 2, 144.58, 94518, 762
5270, 11, 140, 270, 219, 0, 33.52%, 17, 0, 2, 136.23, 95222, 762
5275, 11, 116, 270, 219, 0, 33.52%, 17, 0, 2, 142.99, 95967, 762
5280, 11, 140, 270, 218, 0, 33.52%, 17, 0, 2, 144.33, 96713, 762
5286, 11, 140, 270, 218, 0, 33.52%, 17, 0, 2, 143.63, 97451, 762
5291, 11, 140, 270, 218, 0, 33.52%, 17, 0, 2, 144.14, 98195, 762
5296, 11, 140, 270, 218, 0, 33.52%, 17, 0, 2, 144.11, 98939, 762
5301, 11, 140, 270, 218, 0, 33.52%, 17, 0, 2, 143.43, 99679, 762
5306, 11, 140, 270, 218, 0, 33.52%, 17, 0, 2, 143.40, 100423, 762
5312, 11, 140, 270, 218, 0, 33.52%, 17, 0, 2, 143.44, 101167, 762
5317, 11, 140, 270, 218, 0, 33.52%, 17, 0, 2, 143.48, 101911, 762
5322, 11, 225, 270, 218, 0, 33.52%, 17, 0, 2, 144.36, 102661, 762
5327, 11, 140, 270, 217, 0, 33.52%, 17, 0, 2, 143.82, 103407, 762
5332, 11, 140, 270, 217, 0, 33.52%, 17, 0, 2, 143.74, 104146, 762
5337, 11, 140, 270, 217, 0, 33.52%, 17, 0, 2, 144.58, 104891, 762
5343, 11, 266, 270, 217, 0, 33.52%, 17, 0, 2, 143.71, 105639, 762
5348, 11, 266, 270, 217, 0, 33.52%, 17, 0, 2, 144.20, 106389, 762
5353, 11, 140, 270, 216, 0, 33.52%, 17, 0, 2, 143.90, 107135, 762
5358, 11, 154, 270, 216, 0, 33.52%, 17, 0, 2, 144.13, 107881, 762
5363, 11, 140, 270, 215, 0, 33.52%, 17, 0, 2, 144.56, 108629, 762
5369, 11, 140, 270, 215, 0, 33.52%, 17, 0, 2, 144.37, 109374, 762
5374, 11, 140, 270, 215, 0, 33.52%, 17, 0, 2, 144.10, 110118, 762
5379, 11, 140, 270, 215, 0, 33.52%, 17, 0, 2, 140.21, 110848, 762
5384, 11, 214, 270, 215, 0, 33.52%, 17, 0, 2, 143.03, 111592, 762
5389, 11, 140, 270, 214, 0, 33.52%, 17, 0, 2, 143.84, 112336, 762
5394, 11, 140, 270, 214, 0, 33.52%, 17, 0, 2, 144.52, 113082, 762
5399, 11, 140, 270, 214, 0, 33.52%, 17, 0, 2, 144.20, 113826, 762
5405, 11, 140, 270, 214, 0, 33.52%, 17, 0, 2, 144.16, 114571, 762
5410, 11, 140, 270, 214, 0, 33.52%, 17, 0, 2, 144.24, 115316, 762
5415, 11, 140, 270, 214, 0, 33.52%, 17, 0, 2, 127.67, 115986, 762
5420, 11, 140, 270, 214, 0, 33.52%, 17, 0, 2, 113.89, 116538, 762
5425, 11, 140, 270, 214, 0, 33.52%, 17, 0, 2, 110.70, 117106, 762
5430, 11, 140, 270, 214, 0, 33.52%, 17, 0, 2, 110.32, 117676, 762
5435, 11, 32, 270, 214, 0, 33.52%, 17, 0, 2, 109.77, 118240, 762
5440, 11, 32, 270, 214, 0, 33.52%, 17, 0, 2, 135.85, 118960, 762
5446, 11, 140, 270, 213, 0, 33.52%, 17, 0, 2, 142.01, 119701, 762
5451, 11, 140, 270, 213, 0, 33.52%, 17, 0, 2, 142.72, 120441, 762
5456, 11, 132, 270, 213, 0, 33.52%, 17, 0, 2, 142.88, 121181, 762
5461, 11, 217, 270, 212, 0, 33.52%, 17, 0, 2, 143.37, 121919, 762
5466, 11, 140, 270, 211, 0, 33.52%, 17, 0, 2, 143.38, 122656, 762
5471, 11, 140, 270, 211, 0, 33.52%, 17, 0, 2, 144.19, 123401, 762
5477, 11, 140, 270, 211, 0, 33.52%, 17, 0, 2, 144.38, 124145, 762
5482, 11, 140, 270, 211, 0, 33.52%, 17, 0, 2, 142.86, 124884, 762
5487, 11, 140, 270, 211, 0, 33.52%, 17, 0, 2, 142.34, 125621, 762
5492, 11, 1, 270, 211, 0, 33.52%, 17, 0, 2, 138.78, 126335, 762
5497, 11, 1, 270, 211, 0, 33.52%, 17, 0, 2, 136.69, 127035, 762
5502, 11, 140, 270, 210, 0, 33.52%, 17, 0, 2, 142.33, 127776, 762
5508, 11, 220, 270, 210, 0, 33.52%, 17, 0, 2, 143.46, 128519, 762
5513, 11, 140, 270, 209, 0, 33.52%, 17, 0, 2, 143.55, 129239, 762
5518, 11, 140, 270, 209, 0, 33.52%, 17, 0, 2, 143.80, 129985, 762
5523, 11, 140, 270, 209, 0, 33.52%, 17, 0, 2, 144.16, 130729, 762
5528, 11, 204, 270, 209, 0, 33.52%, 17, 0, 2, 144.67, 131477, 762
5533, 11, 140, 270, 208, 0, 33.52%, 17, 0, 2, 144.39, 132225, 762
5538, 11, 140, 270, 208, 0, 33.52%, 17, 0, 2, 143.96, 132969, 762
5544, 11, 140, 270, 208, 0, 33.52%, 17, 0, 2, 143.99, 133713, 762
5549, 11, 140, 270, 208, 0, 33.52%, 17, 0, 2, 144.20, 134459, 762
5554, 11, 140, 270, 208, 0, 33.52%, 17, 0, 2, 144.62, 135204, 762
5559, 11, 140, 270, 208, 0, 33.52%, 17, 0, 2, 144.08, 135948, 762
5564, 11, 140, 270, 208, 0, 33.52%, 17, 0, 2, 144.59, 136693, 762
5569, 11, 92, 270, 208, 0, 33.52%, 17, 0, 2, 144.13, 137439, 762
5575, 11, 140, 270, 207, 0, 33.52%, 17, 0, 2, 144.70, 138189, 762
5580, 11, 101, 270, 207, 0, 33.52%, 17, 0, 2, 144.25, 138935, 762
5585, 11, 140, 270, 205, 0, 33.52%, 17, 0, 2, 143.90, 139681, 762
5590, 11, 59, 270, 205, 0, 33.52%, 17, 0, 2, 144.70, 140425, 762
5595, 11, 140, 270, 205, 0, 33.52%, 17, 0, 2, 145.06, 141175, 762
5600, 11, 63, 270, 205, 0, 33.52%, 17, 0, 2, 144.04, 141923, 762
5606, 11, 140, 270, 204, 0, 33.52%, 17, 0, 2, 144.19, 142673, 762
5611, 11, 140, 270, 204, 0, 33.52%, 17, 0, 2, 144.69, 143419, 762
5616, 11, 35, 270, 204, 0, 33.52%, 17, 0, 2, 143.44, 144137, 762
5621, 11, 35, 270, 204, 0, 33.52%, 17, 0, 2, 142.63, 144854, 762
5626, 11, 140, 270, 203, 0, 33.52%, 17, 0, 2, 144.27, 145602, 762
5631, 11, 140, 270, 203, 0, 33.52%, 17, 0, 2, 144.51, 146346, 762
5636, 11, 267, 270, 203, 0, 33.52%, 17, 0, 2, 144.60, 147092, 762
5642, 11, 267, 270, 203, 0, 33.52%, 17, 0, 2, 144.86, 147842, 762
5647, 11, 71, 270, 202, 0, 33.52%, 17, 0, 2, 144.59, 148588, 762
5652, 11, 140, 270, 202, 0, 33.52%, 17, 0, 2, 143.58, 149330, 762
5657, 11, 140, 270, 202, 0, 33.52%, 17, 0, 2, 143.94, 150078, 762
5662, 11, 126, 270, 202, 0, 33.52%, 17, 0, 2, 143.76, 150822, 762
5667, 11, 140, 270, 201, 0, 33.52%, 17, 0, 2, 143.23, 151540, 762
5672, 11, 140, 270, 201, 0, 33.52%, 17, 0, 2, 143.05, 152286, 762
5678, 11, 140, 270, 201, 0, 33.52%, 17, 0, 2, 142.65, 153024, 762
5683, 11, 140, 271, 202, 0, 33.52%, 17, 0, 2, 144.14, 153746, 762
5688, 11, 140, 271, 202, 0, 33.52%, 17, 0, 2, 142.83, 154484, 762
5693, 11, 140, 271, 202, 0, 33.52%, 17, 0, 2, 143.89, 155230, 762
5698, 11, 140, 271, 202, 0, 33.52%, 17, 0, 2, 143.91, 155972, 762
5703, 11, 140, 271, 202, 0, 33.52%, 17, 0, 2, 143.24, 156714, 762
5708, 11, 71, 271, 202, 0, 33.52%, 17, 0, 2, 144.39, 157458, 762
5714, 11, 246, 271, 202, 0, 33.52%, 17, 0, 2, 144.22, 158204, 762
5719, 11, 140, 271, 201, 0, 33.52%, 17, 0, 2, 143.52, 158952, 762
5724, 11, 140, 271, 201, 0, 33.52%, 17, 0, 2, 143.96, 159696, 762
5729, 11, 140, 271, 201, 0, 33.52%, 17, 0, 2, 144.17, 160440, 762
5734, 11, 140, 271, 201, 0, 33.52%, 17, 0, 2, 144.47, 161186, 762
5740, 11, 140, 271, 201, 0, 33.52%, 17, 0, 2, 143.93, 161930, 762
5745, 11, 140, 271, 201, 0, 33.52%, 17, 0, 2, 142.53, 162646, 762
5750, 11, 140, 271, 201, 0, 33.52%, 17, 0, 2, 142.25, 163358, 762
5755, 11, 237, 271, 201, 0, 33.52%, 17, 0, 2, 144.39, 164105, 762
5760, 11, 242, 271, 201, 0, 33.52%, 17, 0, 2, 144.42, 164852, 762
5765, 11, 100, 271, 200, 0, 33.52%, 17, 0, 2, 127.81, 165501, 762
5770, 11, 140, 271, 199, 0, 33.52%, 17, 0, 2, 113.59, 166072, 762
5775, 11, 140, 271, 199, 0, 33.52%, 17, 0, 2, 110.99, 166646, 762
5780, 11, 140, 271, 199, 0, 33.52%, 17, 0, 2, 110.23, 167216, 762
5786, 11, 140, 271, 199, 0, 33.52%, 17, 0, 2, 110.09, 167788, 762
5791, 11, 140, 271, 199, 0, 33.52%, 17, 0, 2, 110.33, 168344, 762
5796, 11, 140, 271, 199, 0, 33.52%, 17, 0, 2, 110.09, 168910, 762
5801, 11, 140, 271, 199, 0, 33.52%, 17, 0, 2, 108.68, 169446, 762
5806, 11, 140, 271, 199, 0, 33.52%, 17, 0, 2, 110.27, 170004, 762
5811, 11, 140, 271, 199, 0, 33.52%, 17, 0, 2, 110.32, 170571, 762
5816, 11, 19, 271, 199, 0, 33.52%, 17, 0, 2, 110.24, 171144, 762
5821, 11, 140, 271, 199, 0, 33.52%, 17, 0, 2, 110.00, 171708, 762
5827, 11, 237, 272, 200, 0, 33.52%, 17, 0, 2, 110.18, 172263, 762
5832, 11, 140, 272, 200, 0, 33.52%, 17, 0, 2, 120.82, 172876, 762
5837, 11, 138, 272, 200, 0, 33.52%, 17, 0, 2, 139.18, 173624, 762
5842, 11, 140, 272, 199, 0, 33.52%, 17, 0, 2, 141.92, 174340, 762
5847, 11, 140, 272, 199, 0, 33.52%, 17, 0, 2, 140.10, 175068, 762
5852, 11, 140, 272, 199, 0, 33.52%, 17, 0, 2, 140.83, 175800, 762
5857, 11, 55, 272, 199, 0, 33.52%, 17, 0, 2, 142.12, 176538, 762
5862, 11, 188, 272, 198, 0, 33.52%, 17, 0, 2, 143.46, 177258, 762
5868, 11, 140, 272, 197, 0, 33.52%, 17, 0, 2, 142.98, 178001, 762
5873, 11, 140, 272, 197, 0, 33.52%, 17, 0, 2, 143.61, 178741, 762
5878, 11, 140, 272, 197, 0, 33.52%, 17, 0, 2, 143.70, 179485, 762
5883, 11, 140, 272, 197, 0, 33.52%, 17, 0, 2, 142.99, 180229, 762
5888, 11, 140, 272, 197, 0, 33.52%, 17, 0, 2, 143.79, 180975, 762
5894, 11, 140, 272, 197, 0, 33.52%, 17, 0, 2, 144.11, 181719, 762
5899, 11, 59, 272, 197, 0, 33.52%, 17, 0, 2, 143.99, 182463, 762
5904, 11, 74, 272, 197, 0, 33.52%, 17, 0, 2, 143.85, 183211, 762
5909, 12, 140, 272, 196, 0, 33.52%, 17, 0, 2, 144.21, 183961, 762
5914, 12, 140, 272, 196, 0, 33.52%, 17, 0, 2, 144.07, 184705, 762
5919, 12, 140, 272, 196, 0, 33.52%, 17, 0, 2, 144.24, 185449, 762
5925, 12, 140, 272, 196, 0, 33.52%, 17, 0, 2, 144.78, 186195, 762
5930, 12, 140, 272, 196, 0, 33.52%, 17, 0, 2, 144.61, 186945, 762
5935, 12, 140, 272, 196, 0, 33.52%, 17, 0, 2, 144.77, 187691, 762
5940, 12, 140, 272, 196, 0, 33.52%, 17, 0, 2, 144.80, 188437, 762
5945, 12, 68, 272, 196, 0, 33.52%, 17, 0, 2, 144.52, 189188, 762
5950, 12, 86, 272, 195, 0, 33.52%, 17, 0, 2, 144.44, 189931, 762
5956, 12, 140, 272, 194, 0, 33.52%, 17, 0, 2, 144.61, 190675, 762
5961, 12, 140, 272, 194, 0, 33.52%, 17, 0, 2, 144.21, 191421, 762
5966, 12, 140, 273, 195, 0, 33.52%, 17, 0, 2, 143.81, 192165, 762
5971, 12, 34, 273, 195, 0, 33.52%, 17, 0, 2, 143.76, 192911, 762
5976, 12, 34, 273, 195, 0, 33.52%, 17, 0, 2, 143.38, 193631, 762
5981, 12, 140, 273, 194, 0, 33.52%, 17, 0, 2, 143.37, 194349, 762
5986, 12, 140, 273, 194, 0, 33.52%, 17, 0, 2, 144.49, 195093, 762
5991, 12, 256, 273, 194, 0, 33.52%, 17, 0, 2, 143.49, 195813, 762
5996, 12, 256, 273, 194, 0, 33.52%, 17, 0, 2, 143.34, 196531, 762
6001, 12, 140, 273, 193, 0, 33.52%, 17, 0, 2, 143.61, 197274, 762
6007, 12, 140, 273, 193, 0, 33.52%, 17, 0, 2, 142.35, 198010, 762
6012, 12, 140, 273, 193, 0, 33.52%, 17, 0, 2, 142.35, 198722, 762
6017, 12, 140, 273, 192, 0, 33.52%, 17, 0, 2, 144.07, 199472, 762
6022, 12, 140, 273, 192, 0, 33.52%, 17, 0, 2, 132.84, 200148, 762
6027, 12, 140, 273, 192, 0, 33.52%, 17, 0, 2, 114.50, 200714, 762
6032, 12, 140, 273, 192, 0, 33.52%, 17, 0, 2, 110.84, 201280, 762
6037, 12, 140, 273, 192, 0, 33.52%, 17, 0, 2, 110.57, 201852, 762
6042, 12, 140, 273, 192, 0, 33.52%, 17, 0, 2, 110.18, 202416, 762
6047, 12, 140, 273, 192, 0, 33.52%, 17, 0, 2, 109.93, 202968, 762
6053, 12, 37, 273, 192, 0, 33.52%, 17, 0, 2, 109.05, 203522, 762
6058, 12, 37, 273, 192, 0, 33.52%, 17, 0, 2, 108.84, 204080, 762
6063, 12, 140, 273, 191, 0, 33.52%, 17, 0, 2, 109.45, 204648, 762
6068, 12, 140, 273, 191, 0, 33.52%, 17, 0, 2, 110.12, 205218, 762
6073, 12, 218, 273, 191, 0, 33.52%, 17, 0, 2, 110.20, 205770, 762
6078, 12, 218, 273, 191, 0, 33.52%, 17, 0, 2, 110.11, 206338, 762
6083, 12, 140, 273, 190, 0, 33.52%, 17, 0, 2, 110.06, 206904, 762
6088, 12, 140, 273, 190, 0, 33.52%, 17, 0, 2, 110.06, 207468, 762
6094, 12, 54, 273, 190, 0, 33.52%, 17, 0, 2, 109.85, 208028, 762
6099, 12, 54, 273, 190, 0, 33.52%, 17, 0, 2, 109.63, 208588, 762
6104, 12, 54, 273, 190, 0, 33.52%, 17, 0, 2, 109.91, 209151, 762
6109, 12, 158, 273, 189, 0, 33.52%, 17, 0, 2, 110.18, 209705, 762
6114, 12, 140, 273, 188, 0, 33.52%, 17, 0, 2, 110.51, 210281, 762
6119, 12, 140, 273, 188, 0, 33.52%, 17, 0, 2, 117.80, 210879, 762
6124, 12, 140, 273, 188, 0, 33.52%, 17, 0, 2, 137.92, 211625, 762
6130, 12, 140, 273, 188, 0, 33.52%, 17, 0, 2, 142.35, 212371, 762
6135, 12, 140, 273, 188, 0, 33.52%, 17, 0, 2, 143.14, 213117, 762
6140, 12, 140, 273, 188, 0, 33.52%, 17, 0, 2, 143.48, 213861, 762
6145, 12, 140, 273, 188, 0, 33.52%, 17, 0, 2, 143.21, 214605, 762
6150, 12, 140, 273, 188, 0, 33.52%, 17, 0, 2, 143.51, 215321, 762
6155, 12, 209, 273, 188, 0, 33.52%, 17, 0, 2, 143.98, 216068, 762
6160, 12, 140, 273, 187, 0, 33.52%, 17, 0, 2, 143.44, 216786, 762
6166, 12, 140, 273, 187, 0, 33.52%, 17, 0, 2, 143.78, 217530, 762
6171, 12, 140, 273, 187, 0, 33.52%, 17, 0, 2, 143.77, 218276, 762
6176, 12, 140, 273, 187, 0, 33.52%, 17, 0, 2, 144.26, 219020, 762
6181, 12, 142, 273, 187, 0, 33.52%, 17, 0, 2, 144.65, 219767, 762
6186, 12, 140, 273, 186, 0, 33.52%, 17, 0, 2, 144.74, 220515, 762
6191, 12, 140, 273, 186, 0, 33.52%, 17, 0, 2, 144.14, 221260, 762
6197, 12, 140, 273, 186, 0, 33.52%, 17, 0, 2, 144.55, 222005, 762
6202, 12, 140, 273, 186, 0, 33.52%, 17, 0, 2, 144.25, 222749, 762
6207, 12, 190, 273, 186, 0, 33.52%, 17, 0, 2, 143.64, 223497, 762
6212, 12, 24, 273, 185, 0, 33.52%, 17, 0, 2, 144.78, 224243, 762
6217, 12, 140, 273, 184, 0, 33.52%, 17, 0, 2, 144.38, 224964, 762
6222, 12, 140, 273, 184, 0, 33.52%, 17, 0, 2, 144.34, 225710, 762
6227, 12, 140, 273, 184, 0, 33.52%, 17, 0, 2, 137.54, 226430, 762
6233, 12, 140, 273, 184, 0, 33.52%, 17, 0, 2, 136.94, 227112, 762
6238, 12, 140, 273, 184, 0, 33.52%, 17, 0, 2, 142.19, 227830, 762
6243, 12, 263, 273, 184, 0, 33.52%, 17, 0, 2, 142.23, 228548, 762
6248, 12, 71, 273, 183, 0, 33.52%, 17, 0, 2, 143.23, 229293, 762
6253, 12, 140, 273, 183, 0, 33.52%, 17, 0, 2, 143.60, 230031, 762
6258, 12, 140, 273, 183, 0, 33.52%, 17, 0, 2, 144.05, 230777, 762
6263, 12, 140, 273, 183, 0, 33.52%, 17, 0, 2, 144.26, 231521, 762
6269, 12, 140, 273, 183, 0, 33.52%, 17, 0, 2, 143.70, 232265, 762
6274, 12, 140, 273, 183, 0, 33.52%, 17, 0, 2, 143.63, 233011, 762
6279, 12, 140, 273, 183, 0, 33.52%, 17, 0, 2, 144.01, 233755, 762
6284, 12, 140, 273, 183, 0, 33.52%, 17, 0, 2, 144.07, 234499, 762
6289, 12, 140, 273, 183, 0, 33.52%, 17, 0, 2, 144.29, 235244, 762
6294, 12, 140, 273, 183, 0, 33.52%, 17, 0, 2, 144.29, 235989, 762
6300, 12, 143, 273, 183, 0, 33.52%, 17, 0, 2, 119.33, 236593, 762
6305, 12, 140, 273, 182, 0, 33.52%, 17, 0, 2, 113.62, 237150, 762
6310, 12, 140, 273, 182, 0, 33.52%, 17, 0, 2, 138.17, 237892, 762
6315, 12, 140, 273, 182, 0, 33.52%, 17, 0, 2, 143.54, 238638, 762
6320, 12, 140, 273, 182, 0, 33.52%, 17, 0, 2, 143.67, 239382, 762
6325, 12, 140, 273, 182, 0, 33.52%, 17, 0, 2, 142.71, 240120, 762
6330, 12, 140, 273, 182, 0, 33.52%, 17, 0, 2, 143.52, 240854, 762
6335, 12, 247, 273, 182, 0, 33.52%, 17, 0, 2, 143.56, 241596, 762
6341, 12, 140, 273, 181, 0, 33.52%, 17, 0, 2, 142.68, 242335, 762
6346, 12, 140, 273, 181, 0, 33.52%, 17, 0, 2, 142.22, 243048, 762
6351, 12, 140, 273, 181, 0, 33.52%, 17, 0, 2, 140.84, 243780, 762
6356, 12, 140, 273, 181, 0, 33.52%, 17, 0, 2, 139.37, 244486, 762
6361, 12, 140, 273, 181, 0, 33.52%, 17, 0, 2, 139.76, 245152, 762
6366, 12, 140, 273, 181, 0, 33.52%, 17, 0, 2, 139.97, 245864, 762
6372, 12, 140, 273, 181, 0, 33.52%, 17, 0, 2, 133.31, 246524, 762
6377, 12, 140, 273, 181, 0, 33.52%, 17, 0, 2, 112.23, 247080, 762
6382, 12, 140, 273, 181, 0, 33.52%, 17, 0, 2, 107.52, 247628, 762
6387, 12, 140, 273, 181, 0, 33.52%, 17, 0, 2, 106.67, 248176, 762
6392, 12, 140, 273, 181, 0, 33.52%, 17, 0, 2, 104.69, 248718, 762
6397, 12, 51, 273, 181, 0, 33.52%, 17, 0, 2, 108.50, 249276, 762
6402, 12, 51, 273, 181, 0, 33.52%, 17, 0, 2, 131.55, 249974, 762
6407, 12, 51, 273, 181, 0, 33.52%, 17, 0, 2, 139.51, 250707, 762
6413, 12, 140, 273, 180, 0, 33.52%, 17, 0, 2, 142.58, 251447, 762
6418, 12, 140, 273, 180, 0, 33.52%, 17, 0, 2, 141.72, 252185, 762
6423, 12, 250, 273, 180, 0, 33.52%, 17, 0, 2, 143.65, 252933, 762
6428, 12, 140, 273, 179, 0, 33.52%, 17, 0, 2, 144.23, 253681, 762
6433, 12, 140, 273, 179, 0, 33.52%, 17, 0, 2, 139.88, 254411, 762
6439, 12, 140, 273, 179, 0, 33.52%, 17, 0, 2, 136.12, 255087, 762
6444, 12, 140, 273, 179, 0, 33.52%, 17, 0, 2, 142.33, 255831, 762
6449, 12, 140, 273, 179, 0, 33.52%, 17, 0, 2, 142.49, 256573, 762
6454, 12, 140, 273, 179, 0, 33.52%, 17, 0, 2, 142.84, 257317, 762
6459, 12, 140, 273, 179, 0, 33.52%, 17, 0, 2, 143.79, 258037, 762
6464, 12, 59, 273, 179, 0, 33.52%, 17, 0, 2, 142.80, 258775, 762
6469, 12, 140, 273, 179, 0, 33.52%, 17, 0, 2, 143.38, 259519, 762
6475, 12, 140, 273, 179, 0, 33.52%, 17, 0, 2, 143.29, 260261, 762
6480, 12, 140, 273, 179, 0, 33.52%, 17, 0, 2, 143.30, 261003, 762
6485, 12, 140, 273, 179, 0, 33.52%, 17, 0, 2, 142.58, 261737, 762
6490, 12, 140, 273, 179, 0, 33.52%, 17, 0, 2, 144.46, 262483, 762
6495, 12, 140, 273, 179, 0, 33.52%, 17, 0, 2, 144.31, 263225, 762
6500, 12, 140, 273, 179, 0, 33.52%, 17, 0, 2, 144.61, 263969, 762
6506, 12, 58, 273, 179, 0, 33.52%, 17, 0, 2, 144.43, 264715, 762
6511, 12, 140, 273, 178, 0, 33.52%, 17, 0, 2, 144.93, 265465, 762
6516, 12, 140, 273, 178, 0, 33.52%, 17, 0, 2, 145.17, 266213, 762
6521, 12, 140, 273, 178, 0, 33.52%, 17, 0, 2, 145.58, 266963, 762
6526, 12, 140, 273, 178, 0, 33.52%, 17, 0, 2, 145.21, 267709, 762
6531, 12, 140, 273, 178, 0, 33.52%, 17, 0, 2, 145.11, 268459, 762
6537, 12, 140, 273, 178, 0, 33.52%, 17, 0, 2, 144.80, 269207, 762
6542, 12, 59, 273, 178, 0, 33.52%, 17, 0, 2, 145.10, 269957, 762
6547, 12, 140, 273, 178, 0, 33.52%, 17, 0, 2, 145.15, 270705, 762
6552, 12, 140, 273, 178, 0, 33.52%, 17, 0, 2, 145.14, 271449, 762
6557, 12, 140, 273, 178, 0, 33.52%, 17, 0, 2, 144.85, 272197, 762
6562, 12, 140, 273, 178, 0, 33.52%, 17, 0, 2, 145.12, 272945, 762
6567, 13, 140, 273, 178, 0, 33.52%, 17, 0, 2, 144.61, 273689, 762
6573, 13, 76, 273, 178, 0, 33.52%, 17, 0, 2, 144.47, 274436, 762
6578, 13, 82, 273, 177, 0, 33.52%, 17, 0, 2, 144.10, 275178, 762
6583, 13, 140, 273, 176, 0, 33.52%, 17, 0, 2, 144.72, 275926, 762
6588, 13, 140, 273, 176, 0, 33.52%, 17, 0, 2, 144.69, 276676, 762
6593, 13, 140, 273, 176, 0, 33.52%, 17, 0, 2, 145.24, 277424, 762
6598, 13, 65, 273, 176, 0, 33.52%, 17, 0, 2, 145.12, 278171, 762
6604, 13, 201, 273, 175, 0, 33.52%, 17, 0, 2, 145.11, 278921, 762
6609, 13, 140, 273, 174, 0, 33.52%, 17, 0, 2, 145.04, 279669, 762
6614, 13, 140, 273, 174, 0, 33.52%, 17, 0, 2, 144.71, 280413, 762
6619, 13, 140, 273, 174, 0, 33.52%, 17, 0, 2, 144.93, 281163, 762
6624, 13, 19, 273, 174, 0, 33.52%, 17, 0, 2, 144.20, 281907, 762
6629, 13, 140, 273, 174, 0, 33.52%, 17, 0, 2, 144.62, 282653, 762
6635, 13, 140, 273, 174, 0, 33.52%, 17, 0, 2, 143.73, 283392, 762
6640, 13, 10, 273, 174, 0, 33.52%, 17, 0, 2, 141.84, 284119, 762
6645, 13, 10, 273, 174, 0, 33.52%, 17, 0, 2, 138.75, 284823, 762
6650, 13, 10, 273, 174, 0, 33.52%, 17, 0, 2, 139.99, 285533, 762
6655, 13, 57, 273, 173, 0, 33.52%, 17, 0, 2, 144.04, 286279, 762
6660, 13, 140, 273, 172, 0, 33.52%, 17, 0, 2, 145.46, 287029, 762
6665, 13, 73, 273, 172, 0, 33.52%, 17, 0, 2, 144.96, 287777, 762
6670, 13, 140, 273, 171, 0, 33.52%, 17, 0, 2, 144.84, 288522, 762
6676, 13, 140, 273, 171, 0, 33.52%, 17, 0, 2, 144.84, 289267, 762
6681, 13, 140, 273, 171, 0, 33.52%, 17, 0, 2, 144.91, 290011, 762
6686, 13, 140, 273, 171, 0, 33.52%, 17, 0, 2, 144.97, 290761, 762
6691, 13, 140, 273, 171, 0, 33.52%, 17, 0, 2, 144.89, 291501, 762
6696, 13, 254, 273, 171, 0, 33.52%, 17, 0, 2, 143.94, 292247, 762
6701, 13, 254, 273, 171, 0, 33.52%, 17, 0, 2, 143.87, 292997, 762
6706, 13, 254, 273, 171, 0, 33.52%, 17, 0, 2, 143.62, 293717, 762
6712, 13, 140, 273, 170, 0, 33.52%, 17, 0, 2, 144.93, 294467, 762
6717, 13, 140, 273, 170, 0, 33.52%, 17, 0, 2, 145.50, 295217, 762
6722, 13, 140, 273, 170, 0, 33.52%, 17, 0, 2, 145.15, 295963, 762
6727, 13, 140, 273, 170, 0, 33.52%, 17, 0, 2, 144.93, 296713, 762
6732, 13, 140, 273, 170, 0, 33.52%, 17, 0, 2, 144.94, 297461, 762
6737, 13, 140, 273, 170, 0, 33.52%, 17, 0, 2, 144.59, 298206, 762
6742, 13, 71, 273, 170, 0, 33.52%, 17, 0, 2, 144.87, 298953, 762
6748, 13, 140, 273, 170, 0, 33.52%, 17, 0, 2, 144.61, 299701, 762
6753, 13, 140, 273, 170, 0, 33.52%, 17, 0, 2, 144.77, 300447, 762
6758, 13, 140, 273, 170, 0, 33.52%, 17, 0, 2, 145.22, 301197, 762
6763, 13, 140, 273, 170, 0, 33.52%, 17, 0, 2, 145.33, 301947, 762
6768, 13, 140, 273, 170, 0, 33.52%, 17, 0, 2, 144.13, 302691, 762
6773, 13, 140, 273, 170, 0, 33.52%, 17, 0, 2, 144.80, 303437, 762
6779, 13, 140, 273, 170, 0, 33.52%, 17, 0, 2, 144.96, 304181, 762
6784, 13, 140, 273, 170, 0, 33.52%, 17, 0, 2, 129.28, 304865, 762
6789, 13, 140, 273, 170, 0, 33.52%, 17, 0, 2, 140.40, 305587, 762
6794, 13, 140, 273, 170, 0, 33.52%, 17, 0, 2, 144.30, 306333, 762
6799, 13, 140, 273, 170, 0, 33.52%, 17, 0, 2, 144.61, 307077, 762
6804, 13, 140, 273, 170, 0, 33.52%, 17, 0, 2, 144.16, 307822, 762
6809, 13, 140, 273, 170, 0, 33.52%, 17, 0, 2, 143.81, 308555, 762
6815, 13, 140, 273, 170, 0, 33.52%, 17, 0, 2, 144.81, 309305, 762
6820, 13, 140, 273, 170, 0, 33.52%, 17, 0, 2, 145.05, 310055, 762
6825, 13, 140, 273, 170, 0, 33.52%, 17, 0, 2, 144.28, 310799, 762
6830, 13, 140, 273, 170, 0, 33.52%, 17, 0, 2, 145.19, 311545, 762
6835, 13, 140, 273, 170, 0, 33.52%, 17, 0, 2, 145.79, 312295, 762
6840, 13, 140, 273, 170, 0, 33.52%, 17, 0, 2, 145.09, 313039, 762
6846, 13, 140, 273, 170, 0, 33.52%, 17, 0, 2, 144.89, 313789, 762
6851, 13, 140, 273, 170, 0, 33.52%, 17, 0, 2, 144.55, 314533, 762
6856, 13, 238, 273, 170, 0, 33.52%, 17, 0, 2, 144.97, 315283, 762
6861, 13, 140, 273, 169, 0, 33.52%, 17, 0, 2, 144.39, 316027, 762
6866, 13, 140, 273, 169, 0, 33.52%, 17, 0, 2, 143.01, 316767, 762
6871, 13, 140, 273, 169, 0, 33.52%, 17, 0, 2, 144.25, 317515, 762
6877, 13, 244, 273, 169, 0, 33.52%, 17, 0, 2, 143.42, 318259, 762
6882, 13, 140, 273, 168, 0, 33.52%, 17, 0, 2, 121.15, 318855, 762
6887, 13, 140, 273, 168, 0, 33.52%, 17, 0, 2, 113.12, 319417, 762
6892, 13, 140, 273, 168, 0, 33.52%, 17, 0, 2, 132.49, 320096, 762
6897, 13, 240, 273, 168, 0, 33.52%, 17, 0, 2, 142.94, 320843, 762
6902, 13, 140, 273, 167, 0, 33.52%, 17, 0, 2, 144.93, 321594, 762
6907, 13, 140, 273, 167, 0, 33.52%, 17, 0, 2, 145.45, 322342, 762
6912, 13, 198, 273, 167, 0, 33.52%, 17, 0, 2, 145.21, 323088, 762
6918, 13, 237, 273, 166, 0, 33.52%, 17, 0, 2, 144.68, 323832, 762
6923, 13, 140, 273, 166, 0, 33.52%, 17, 0, 2, 145.36, 324581, 762
6928, 13, 140, 273, 166, 0, 33.52%, 17, 0, 2, 145.35, 325331, 762
6933, 13, 229, 273, 166, 0, 33.52%, 17, 0, 2, 145.44, 326079, 762
6938, 13, 140, 273, 165, 0, 33.52%, 17, 0, 2, 145.73, 326829, 762
6943, 13, 140, 273, 165, 0, 33.52%, 17, 0, 2, 144.90, 327577, 762
6948, 13, 140, 273, 165, 0, 33.52%, 17, 0, 2, 144.45, 328322, 762
6954, 13, 140, 273, 165, 0, 33.52%, 17, 0, 2, 144.78, 329071, 762
6959, 13, 140, 273, 165, 0, 33.52%, 17, 0, 2, 144.27, 329813, 762
6964, 13, 140, 273, 165, 0, 33.52%, 17, 0, 2, 145.16, 330561, 762
6969, 13, 140, 273, 165, 0, 33.52%, 17, 0, 2, 145.34, 331311, 762
6974, 13, 140, 273, 165, 0, 33.52%, 17, 0, 2, 144.73, 332057, 762
6979, 13, 140, 273, 165, 0, 33.52%, 17, 0, 2, 144.32, 332801, 762
6985, 13, 140, 273, 165, 0, 33.52%, 17, 0, 2, 144.63, 333545, 762
6990, 13, 140, 273, 165, 0, 33.52%, 17, 0, 2, 142.88, 334283, 762
6995, 13, 140, 273, 165, 0, 33.52%, 17, 0, 2, 143.06, 334999, 762
7000, 13, 140, 273, 165, 0, 33.52%, 17, 0, 2, 144.78, 335745, 762
7005, 13, 140, 273, 165, 0, 33.52%, 17, 0, 2, 144.93, 336491, 762
7010, 13, 140, 273, 165, 0, 33.52%, 17, 0, 2, 144.58, 337241, 762
7015, 13, 19, 273, 165, 0, 33.52%, 17, 0, 2, 145.63, 337991, 762
7020, 13, 31, 273, 165, 0, 33.52%, 17, 0, 2, 145.88, 338741, 762
7026, 13, 31, 273, 165, 0, 33.52%, 17, 0, 2, 145.22, 339489, 762
7031, 13, 140, 273, 164, 0, 33.52%, 17, 0, 2, 144.40, 340235, 762
7036, 13, 140, 273, 164, 0, 33.52%, 17, 0, 2, 144.51, 340981, 762
7041, 13, 140, 273, 164, 0, 33.52%, 17, 0, 2, 144.54, 341725, 762
7046, 13, 140, 273, 164, 0, 33.52%, 17, 0, 2, 142.37, 342464, 762
7051, 13, 140, 273, 164, 0, 33.52%, 17, 0, 2, 144.07, 343209, 762
7057, 13, 140, 273, 164, 0, 33.52%, 17, 0, 2, 143.43, 343947, 762
7062, 13, 134, 273, 164, 0, 33.52%, 17, 0, 2, 144.67, 344695, 762
7067, 13, 140, 273, 163, 0, 33.52%, 17, 0, 2, 145.02, 345445, 762
7072, 13, 140, 273, 163, 0, 33.52%, 17, 0, 2, 140.91, 346171, 762
7077, 13, 140, 273, 163, 0, 33.52%, 17, 0, 2, 144.20, 346917, 762
7082, 13, 140, 273, 163, 0, 33.52%, 17, 0, 2, 145.19, 347665, 762
7088, 13, 140, 273, 163, 0, 33.52%, 17, 0, 2, 145.14, 348413, 762
7093, 13, 140, 273, 163, 0, 33.52%, 17, 0, 2, 144.89, 349157, 762
7098, 13, 44, 273, 163, 0, 33.52%, 17, 0, 2, 144.33, 349906, 762
7103, 13, 81, 273, 162, 0, 33.52%, 17, 0, 2, 144.93, 350655, 762
7108, 13, 140, 273, 161, 0, 33.52%, 17, 0, 2, 144.27, 351395, 762
7113, 13, 140, 273, 161, 0, 33.52%, 17, 0, 2, 144.78, 352143, 762
7119, 13, 140, 273, 161, 0, 33.52%, 17, 0, 2, 144.71, 352893, 762
7124, 13, 140, 273, 161, 0, 33.52%, 17, 0, 2, 144.85, 353639, 762
7129, 13, 140, 273, 161, 0, 33.52%, 17, 0, 2, 142.75, 354379, 762
7134, 13, 125, 273, 161, 0, 33.52%, 17, 0, 2, 144.49, 355129, 762
7139, 13, 140, 273, 160, 0, 33.52%, 17, 0, 2, 144.68, 355878, 762
7144, 13, 140, 273, 160, 0, 33.52%, 17, 0, 2, 144.74, 356624, 762
7150, 13, 140, 273, 160, 0, 33.52%, 17, 0, 2, 144.57, 357368, 762
7155, 13, 140, 273, 160, 0, 33.52%, 17, 0, 2, 145.22, 358114, 762
7160, 13, 140, 273, 160, 0, 33.52%, 17, 0, 2, 144.72, 358862, 762
7165, 13, 140, 273, 160, 0, 33.52%, 17, 0, 2, 145.09, 359610, 762
7170, 13, 140, 273, 160, 0, 33.52%, 17, 0, 2, 144.79, 360358, 762
7175, 14, 140, 273, 160, 0, 33.52%, 17, 0, 2, 144.86, 361108, 762
7180, 14, 140, 273, 160, 0, 33.52%, 17, 0, 2, 145.22, 361858, 762
7186, 14, 140, 273, 160, 0, 33.52%, 17, 0, 2, 144.68, 362604, 762
7191, 14, 140, 273, 160, 0, 33.52%, 17, 0, 2, 144.56, 363349, 762
7196, 14, 140, 273, 160, 0, 33.52%, 17, 0, 2, 145.51, 364096, 762
7201, 14, 140, 273, 160, 0, 33.52%, 17, 0, 2, 144.70, 364838, 762
7206, 14, 140, 273, 160, 0, 33.52%, 17, 0, 2, 144.90, 365582, 762
7211, 14, 19, 273, 160, 0, 33.52%, 17, 0, 2, 144.79, 366328, 762
7217, 14, 237, 273, 160, 0, 33.52%, 17, 0, 2, 144.70, 367072, 762
7222, 14, 140, 273, 160, 0, 33.52%, 17, 0, 2, 144.37, 367814, 762
7227, 14, 140, 273, 160, 0, 33.52%, 17, 0, 2, 143.19, 368558, 762
7232, 14, 140, 273, 160, 0, 33.52%, 17, 0, 2, 144.43, 369300, 762
7237, 14, 140, 273, 160, 0, 33.52%, 17, 0, 2, 144.74, 370044, 762
7242, 14, 140, 273, 160, 0, 33.52%, 17, 0, 2, 144.90, 370789, 762
7247, 14, 140, 273, 160, 0, 33.52%, 17, 0, 2, 144.68, 371534, 762
7253, 14, 140, 273, 160, 0, 33.52%, 17, 0, 2, 144.86, 372280, 762
7258, 14, 140, 273, 160, 0, 33.52%, 17, 0, 2, 145.26, 373030, 762
7263, 14, 122, 273, 160, 0, 33.52%, 17, 0, 2, 145.29, 373778, 762
7268, 14, 19, 273, 159, 0, 33.52%, 17, 0, 2, 145.41, 374528, 762
7273, 14, 140, 273, 159, 0, 33.52%, 17, 0, 2, 144.71, 375274, 762
7278, 14, 140, 273, 159, 0, 33.52%, 17, 0, 2, 144.88, 376024, 762
7284, 14, 140, 273, 159, 0, 33.52%, 17, 0, 2, 145.53, 376774, 762
7289, 14, 140, 273, 159, 0, 33.52%, 17, 0, 2, 135.63, 377488, 762
7294, 14, 140, 273, 159, 0, 33.52%, 17, 0, 2, 141.34, 378218, 762
7299, 14, 140, 273, 159, 0, 33.52%, 17, 0, 2, 143.83, 378966, 762
7304, 14, 140, 273, 159, 0, 33.52%, 17, 0, 2, 144.75, 379710, 762
7309, 14, 140, 273, 159, 0, 33.52%, 17, 0, 2, 144.79, 380460, 762
7315, 14, 140, 273, 159, 0, 33.52%, 17, 0, 2, 145.25, 381208, 762
7320, 14, 140, 273, 159, 0, 33.52%, 17, 0, 2, 145.07, 381953, 762
7325, 14, 140, 273, 159, 0, 33.52%, 17, 0, 2, 144.47, 382698, 762
7330, 14, 140, 273, 159, 0, 33.52%, 17, 0, 2, 144.59, 383448, 762
7335, 14, 140, 273, 158, 0, 33.52%, 17, 0, 2, 144.78, 384198, 762
7340, 14, 140, 273, 158, 0, 33.52%, 17, 0, 2, 144.07, 384942, 762
7346, 14, 140, 273, 158, 0, 33.52%, 17, 0, 2, 143.75, 385684, 762
7351, 14, 140, 273, 158, 0, 33.52%, 17, 0, 2, 144.02, 386426, 762
7356, 14, 26, 273, 158, 0, 33.52%, 17, 0, 2, 143.14, 387170, 762
7361, 14, 26, 273, 158, 0, 33.52%, 17, 0, 2, 142.60, 387888, 762
7366, 14, 140, 273, 157, 0, 33.52%, 17, 0, 2, 144.62, 388635, 762
7371, 14, 140, 274, 158, 0, 33.52%, 17, 0, 2, 144.02, 389377, 762
7376, 14, 140, 274, 158, 0, 33.52%, 17, 0, 2, 144.87, 390127, 762
7382, 14, 140, 274, 158, 0, 33.52%, 17, 0, 2, 145.19, 390877, 762
7387, 14, 140, 274, 158, 0, 33.52%, 17, 0, 2, 145.18, 391623, 762
7392, 14, 140, 274, 158, 0, 33.52%, 17, 0, 2, 144.41, 392373, 762
7397, 14, 140, 274, 158, 0, 33.52%, 17, 0, 2, 144.72, 393119, 762
7402, 14, 140, 274, 158, 0, 33.52%, 17, 0, 2, 144.48, 393863, 762
7407, 14, 39, 274, 158, 0, 33.52%, 17, 0, 2, 143.96, 394609, 762
7412, 14, 39, 274, 158, 0, 33.52%, 17, 0, 2, 143.60, 395327, 762
7418, 14, 140, 274, 157, 0, 33.52%, 17, 0, 2, 144.84, 396078, 762
7423, 14, 140, 274, 157, 0, 33.52%, 17, 0, 2, 144.95, 396825, 762
7428, 14, 140, 274, 157, 0, 33.52%, 17, 0, 2, 144.73, 397572, 762
7433, 14, 140, 274, 157, 0, 33.52%, 17, 0, 2, 144.79, 398320, 762
7438, 14, 140, 274, 157, 0, 33.52%, 17, 0, 2, 144.69, 399064, 762
7443, 14, 140, 274, 157, 0, 33.52%, 17, 0, 2, 144.89, 399814, 762
7449, 14, 71, 274, 157, 0, 33.52%, 17, 0, 2, 145.24, 400564, 762
7454, 14, 140, 274, 157, 0, 33.52%, 17, 0, 2, 141.43, 401300, 762
7459, 14, 140, 274, 157, 0, 33.52%, 17, 0, 2, 117.00, 401852, 762
7464, 14, 140, 274, 157, 0, 33.52%, 17, 0, 2, 111.91, 402410, 762
7469, 14, 140, 274, 157, 0, 33.52%, 17, 0, 2, 111.14, 402976, 762
7474, 14, 140, 275, 158, 0, 33.52%, 17, 0, 2, 110.78, 403544, 762
7479, 14, 167, 275, 158, 0, 33.52%, 17, 0, 2, 110.87, 404108, 762
7484, 14, 140, 275, 157, 0, 33.52%, 17, 0, 2, 110.78, 404674, 762
7489, 14, 140, 275, 157, 0, 33.52%, 17, 0, 2, 121.58, 405271, 762
7494, 14, 202, 275, 157, 0, 33.52%, 17, 0, 2, 139.32, 406014, 762
7500, 14, 140, 275, 156, 0, 33.52%, 17, 0, 2, 143.21, 406760, 762
7505, 14, 140, 275, 156, 0, 33.52%, 17, 0, 2, 143.88, 407504, 762
7510, 14, 140, 275, 156, 0, 33.52%, 17, 0, 2, 143.45, 408246, 762
7515, 14, 140, 275, 156, 0, 33.52%, 17, 0, 2, 143.43, 408982, 762
7520, 14, 140, 275, 156, 0, 33.52%, 17, 0, 2, 120.69, 409600, 762
7525, 14, 140, 275, 156, 0, 33.52%, 17, 0, 2, 112.81, 410162, 762
7530, 14, 140, 275, 156, 0, 33.52%, 17, 0, 2, 111.15, 410722, 762
7535, 14, 140, 275, 156, 0, 33.52%, 17, 0, 2, 124.96, 411336, 762
7541, 14, 262, 275, 156, 0, 33.52%, 17, 0, 2, 140.66, 412086, 762
7546, 14, 140, 275, 155, 0, 33.52%, 17, 0, 2, 144.66, 412834, 762
7551, 14, 140, 275, 155, 0, 33.52%, 17, 0, 2, 144.71, 413582, 762
7556, 14, 140, 275, 155, 0, 33.52%, 17, 0, 2, 144.87, 414330, 762
7561, 14, 140, 275, 155, 0, 33.52%, 17, 0, 2, 145.05, 415080, 762
7566, 14, 71, 275, 155, 0, 33.52%, 17, 0, 2, 144.79, 415830, 762
7572, 14, 140, 275, 155, 0, 33.52%, 17, 0, 2, 144.87, 416578, 762
7577, 14, 207, 275, 155, 0, 33.52%, 17, 0, 2, 144.70, 417324, 762
7582, 14, 11, 275, 154, 0, 33.52%, 17, 0, 2, 144.08, 418072, 762
7587, 14, 11, 275, 154, 0, 33.52%, 17, 0, 2, 140.44, 418786, 762
7592, 14, 140, 275, 153, 0, 33.52%, 17, 0, 2, 142.03, 419512, 762
7597, 14, 140, 275, 153, 0, 33.52%, 17, 0, 2, 144.43, 420256, 762
7602, 14, 140, 275, 153, 0, 33.52%, 17, 0, 2, 144.75, 421004, 762
7608, 14, 140, 275, 153, 0, 33.52%, 17, 0, 2, 145.06, 421754, 762
7613, 14, 140, 275, 153, 0, 33.52%, 17, 0, 2, 145.11, 422504, 762
7618, 14, 7, 275, 153, 0, 33.52%, 17, 0, 2, 138.36, 423206, 762
7623, 14, 7, 275, 153, 0, 33.52%, 17, 0, 2, 137.83, 423906, 762
7628, 14, 7, 275, 153, 0, 33.52%, 17, 0, 2, 139.66, 424618, 762
7633, 14, 140, 275, 152, 0, 33.52%, 17, 0, 2, 143.78, 425364, 762
7638, 14, 140, 275, 152, 0, 33.52%, 17, 0, 2, 144.42, 426112, 762
7644, 14, 140, 275, 152, 0, 33.52%, 17, 0, 2, 144.93, 426860, 762
7649, 14, 140, 275, 152, 0, 33.52%, 17, 0, 2, 140.82, 427572, 762
7654, 14, 140, 275, 152, 0, 33.52%, 17, 0, 2, 141.30, 428307, 762
7659, 14, 140, 275, 152, 0, 33.52%, 17, 0, 2, 144.10, 429050, 762
7664, 14, 140, 275, 152, 0, 33.52%, 17, 0, 2, 144.51, 429796, 762
7669, 14, 140, 275, 152, 0, 33.52%, 17, 0, 2, 144.67, 430546, 762
7675, 14, 140, 275, 152, 0, 33.52%, 17, 0, 2, 144.74, 431294, 762
7680, 14, 140, 275, 152, 0, 33.52%, 17, 0, 2, 145.00, 432042, 762
7685, 14, 140, 275, 152, 0, 33.52%, 17, 0, 2, 145.15, 432788, 762
7690, 14, 140, 275, 152, 0, 33.52%, 17, 0, 2, 144.52, 433536, 762
7695, 14, 140, 275, 152, 0, 33.52%, 17, 0, 2, 143.85, 434276, 762
7700, 14, 140, 275, 152, 0, 33.52%, 17, 0, 2, 144.34, 435020, 762
7706, 14, 140, 275, 152, 0, 33.52%, 17, 0, 2, 143.75, 435759, 762
7711, 14, 140, 275, 152, 0, 33.52%, 17, 0, 2, 144.39, 436498, 762
7716, 14, 140, 276, 153, 0, 33.52%, 17, 0, 2, 142.91, 437234, 762
7721, 14, 140, 276, 153, 0, 33.52%, 17, 0, 2, 142.95, 437978, 762
7726, 14, 140, 276, 153, 0, 33.52%, 17, 0, 2, 144.42, 438728, 762
7731, 14, 140, 276, 153, 0, 33.52%, 17, 0, 2, 144.01, 439471, 762
7737, 14, 140, 276, 153, 0, 33.52%, 17, 0, 2, 144.91, 440215, 762
7742, 14, 140, 276, 153, 0, 33.52%, 17, 0, 2, 145.51, 440964, 762
7747, 14, 140, 276, 153, 0, 33.52%, 17, 0, 2, 145.35, 441710, 762
7752, 14, 140, 276, 153, 0, 33.52%, 17, 0, 2, 143.34, 442448, 762
7757, 14, 140, 276, 152, 0, 33.52%, 17, 0, 2, 144.05, 443196, 762
7762, 14, 140, 276, 152, 0, 33.52%, 17, 0, 2, 143.78, 443940, 762
7768, 14, 140, 276, 152, 0, 33.52%, 17, 0, 2, 143.62, 444684, 762
7773, 14, 140, 276, 152, 0, 33.52%, 17, 0, 2, 144.43, 445434, 762
7778, 14, 140, 276, 152, 0, 33.52%, 17, 0, 2, 144.79, 446181, 762
7783, 15, 140, 276, 152, 0, 33.52%, 17, 0, 2, 144.71, 446932, 762
7788, 15, 140, 276, 152, 0, 33.52%, 17, 0, 2, 144.54, 447680, 762
7793, 15, 140, 276, 152, 0, 33.52%, 17, 0, 2, 144.35, 448421, 762
7799, 15, 140, 276, 152, 0, 33.52%, 17, 0, 2, 145.17, 449170, 762
7804, 15, 140, 276, 152, 0, 33.52%, 17, 0, 2, 144.80, 449916, 762
7809, 15, 140, 276, 152, 0, 33.52%, 17, 0, 2, 144.70, 450666, 762
7814, 15, 59, 276, 152, 0, 33.52%, 17, 0, 2, 144.38, 451412, 762
7819, 15, 140, 276, 152, 0, 33.52%, 17, 0, 2, 144.28, 452162, 762
7824, 15, 140, 276, 152, 0, 33.52%, 17, 0, 2, 144.21, 452906, 762
7830, 15, 140, 276, 152, 0, 33.52%, 17, 0, 2, 143.78, 453644, 762
7835, 15, 235, 276, 152, 0, 33.52%, 17, 0, 2, 142.91, 454382, 762
7840, 15, 140, 276, 151, 0, 33.52%, 17, 0, 2, 143.66, 455130, 762
7845, 15, 59, 276, 151, 0, 33.52%, 17, 0, 2, 143.69, 455866, 762
7850, 15, 140, 276, 151, 0, 33.52%, 17, 0, 2, 143.44, 456606, 762
7855, 15, 140, 276, 151, 0, 33.52%, 17, 0, 2, 144.61, 457352, 762
7861, 15, 140, 276, 151, 0, 33.52%, 17, 0, 2, 144.73, 458098, 762
7866, 15, 140, 276, 151, 0, 33.52%, 17, 0, 2, 144.85, 458842, 762
7871, 15, 140, 276, 151, 0, 33.52%, 17, 0, 2, 145.10, 459592, 762
7876, 15, 140, 276, 151, 0, 33.52%, 17, 0, 2, 145.14, 460342, 762
7881, 15, 140, 276, 151, 0, 33.52%, 17, 0, 2, 144.96, 461088, 762
7886, 15, 140, 276, 151, 0, 33.52%, 17, 0, 2, 141.27, 461818, 762
7891, 15, 140, 276, 151, 0, 33.52%, 17, 0, 2, 135.42, 462456, 762
7896, 15, 140, 276, 151, 0, 33.52%, 17, 0, 2, 142.35, 463202, 762
7902, 15, 140, 276, 151, 0, 33.52%, 17, 0, 2, 144.32, 463947, 762
7907, 15, 140, 276, 151, 0, 33.52%, 17, 0, 2, 145.10, 464698, 762
7912, 15, 140, 276, 151, 0, 33.52%, 17, 0, 2, 144.14, 465436, 762
7917, 15, 140, 276, 151, 0, 33.52%, 17, 0, 2, 128.63, 466115, 762
7922, 15, 140, 276, 151, 0, 33.52%, 17, 0, 2, 114.37, 466676, 762
7927, 15, 140, 276, 151, 0, 33.52%, 17, 0, 2, 133.80, 467366, 762
7933, 15, 25, 276, 151, 0, 33.52%, 17, 0, 2, 140.33, 468105, 762
7938, 15, 140, 276, 149, 0, 33.52%, 17, 0, 2, 144.08, 468854, 762
7943, 15, 140, 276, 149, 0, 33.52%, 17, 0, 2, 144.49, 469602, 762
7948, 15, 140, 276, 149, 0, 33.52%, 17, 0, 2, 144.92, 470350, 762
7953, 15, 140, 276, 149, 0, 33.52%, 17, 0, 2, 144.97, 471100, 762
7958, 15, 140, 276, 149, 0, 33.52%, 17, 0, 2, 144.96, 471850, 762
7963, 15, 59, 276, 149, 0, 33.52%, 17, 0, 2, 145.01, 472594, 762
7969, 15, 108, 276, 149, 0, 33.52%, 17, 0, 2, 145.04, 473344, 762
7974, 15, 140, 276, 148, 0, 33.52%, 17, 0, 2, 144.70, 474094, 762
7979, 15, 140, 276, 148, 0, 33.52%, 17, 0, 2, 136.44, 474790, 762
7984, 15, 140, 276, 148, 0, 33.52%, 17, 0, 2, 142.77, 475536, 762
7989, 15, 140, 276, 148, 0, 33.52%, 17, 0, 2, 143.93, 476280, 762
7994, 15, 140, 276, 148, 0, 33.52%, 17, 0, 2, 144.37, 477026, 762
8000, 15, 140, 276, 148, 0, 33.52%, 17, 0, 2, 143.35, 477768, 762
8005, 15, 140, 276, 148, 0, 33.52%, 17, 0, 2, 143.98, 478510, 762
8010, 15, 140, 276, 148, 0, 33.52%, 17, 0, 2, 143.90, 479254, 762
8015, 15, 140, 276, 148, 0, 33.52%, 17, 0, 2, 141.89, 479984, 762
8020, 15, 140, 276, 148, 0, 33.52%, 17, 0, 2, 143.40, 480730, 762
8025, 15, 140, 276, 148, 0, 33.52%, 17, 0, 2, 143.75, 481470, 762
8031, 15, 140, 276, 148, 0, 33.52%, 17, 0, 2, 143.79, 482214, 762
8036, 15, 140, 276, 148, 0, 33.52%, 17, 0, 2, 143.88, 482959, 762
8041, 15, 140, 276, 148, 0, 33.52%, 17, 0, 2, 144.54, 483704, 762
8046, 15, 140, 276, 148, 0, 33.52%, 17, 0, 2, 144.34, 484448, 762
8051, 15, 103, 276, 148, 0, 33.52%, 17, 0, 2, 144.67, 485198, 762
8056, 15, 140, 276, 146, 0, 33.52%, 17, 0, 2, 144.97, 485947, 762
8062, 15, 140, 276, 146, 0, 33.52%, 17, 0, 2, 144.41, 486691, 762
8067, 15, 140, 276, 146, 0, 33.52%, 17, 0, 2, 143.93, 487435, 762
8072, 15, 140, 276, 146, 0, 33.52%, 17, 0, 2, 144.23, 488180, 762
8077, 15, 140, 276, 146, 0, 33.52%, 17, 0, 2, 144.54, 488927, 762
8082, 15, 140, 276, 146, 0, 33.52%, 17, 0, 2, 144.21, 489673, 762
8087, 15, 255, 276, 146, 0, 33.52%, 17, 0, 2, 138.41, 490379, 762
8093, 15, 140, 276, 145, 0, 33.52%, 17, 0, 2, 140.79, 491100, 762
8098, 15, 140, 276, 145, 0, 33.52%, 17, 0, 2, 144.21, 491845, 762
8103, 15, 140, 276, 145, 0, 33.52%, 17, 0, 2, 144.54, 492589, 762
8108, 15, 140, 276, 145, 0, 33.52%, 17, 0, 2, 144.76, 493334, 762
8113, 15, 140, 276, 145, 0, 33.52%, 17, 0, 2, 144.76, 494082, 762
8118, 15, 140, 276, 145, 0, 33.52%, 17, 0, 2, 142.86, 494798, 762
8123, 15, 140, 276, 145, 0, 33.52%, 17, 0, 2, 144.05, 495544, 762
8129, 15, 140, 276, 145, 0, 33.52%, 17, 0, 2, 144.76, 496288, 762
8134, 15, 140, 276, 145, 0, 33.52%, 17, 0, 2, 144.88, 497038, 762
8139, 15, 140, 276, 145, 0, 33.52%, 17, 0, 2, 144.83, 497786, 762
8144, 15, 140, 276, 145, 0, 33.52%, 17, 0, 2, 145.08, 498536, 762
8149, 15, 19, 276, 145, 0, 33.52%, 17, 0, 2, 144.95, 499285, 762
8154, 15, 140, 276, 145, 0, 33.52%, 17, 0, 2, 144.81, 500030, 762
8160, 15, 140, 276, 145, 0, 33.52%, 17, 0, 2, 144.20, 500774, 762
8165, 15, 140, 276, 145, 0, 33.52%, 17, 0, 2, 144.79, 501524, 762
8170, 15, 140, 276, 145, 0, 33.52%, 17, 0, 2, 145.00, 502272, 762
8175, 15, 10, 276, 145, 0, 33.52%, 17, 0, 2, 142.13, 503008, 762
8180, 15, 140, 276, 145, 0, 33.52%, 17, 0, 2, 138.87, 503718, 762
8185, 15, 178, 276, 145, 0, 33.52%, 17, 0, 2, 139.54, 504434, 762
8190, 15, 140, 276, 144, 0, 33.52%, 17, 0, 2, 140.95, 505144, 762
8195, 15, 140, 276, 144, 0, 33.52%, 17, 0, 2, 143.12, 505882, 762
8201, 15, 140, 276, 144, 0, 33.52%, 17, 0, 2, 144.72, 506632, 762
8206, 15, 140, 276, 144, 0, 33.52%, 17, 0, 2, 144.93, 507382, 762
8211, 15, 140, 276, 144, 0, 33.52%, 17, 0, 2, 144.79, 508129, 762
8216, 15, 140, 276, 144, 0, 33.52%, 17, 0, 2, 144.76, 508874, 762
8221, 15, 140, 276, 144, 0, 33.52%, 17, 0, 2, 144.47, 509510, 762
8282, 16, 72, 278, 249, 0, 33.58%, 11, 0, 2, 144.36, 11987, 768
8288, 16, 72, 278, 249, 0, 33.58%, 11, 0, 2, 144.47, 12737, 768
8293, 16, 256, 278, 249, 0, 33.58%, 11, 0, 2, 144.47, 13481, 768
8298, 16, 72, 278, 249, 0, 33.58%, 11, 0, 2, 144.40, 14226, 768
8303, 16, 72, 278, 249, 0, 33.58%, 11, 0, 2, 144.19, 14965, 768
8308, 16, 72, 278, 249, 0, 33.58%, 11, 0, 2, 145.21, 15709, 768
8313, 16, 72, 278, 249, 0, 33.58%, 11, 0, 2, 144.46, 16459, 768
8318, 16, 72, 278, 249, 0, 33.58%, 11, 0, 2, 144.77, 17203, 768
8324, 16, 72, 278, 249, 0, 33.58%, 11, 0, 2, 145.16, 17947, 768
8329, 16, 72, 278, 249, 0, 33.58%, 11, 0, 2, 144.67, 18697, 768
8334, 16, 72, 278, 249, 0, 33.58%, 11, 0, 2, 145.01, 19442, 768
8339, 16, 72, 278, 249, 0, 33.58%, 11, 0, 2, 144.54, 20185, 768
8344, 16, 72, 278, 248, 0, 33.58%, 11, 0, 2, 144.52, 20932, 768
8349, 16, 72, 278, 248, 0, 33.58%, 11, 0, 2, 144.80, 21676, 768
8354, 16, 165, 278, 248, 0, 33.58%, 11, 0, 2, 145.00, 22422, 768
8360, 16, 72, 278, 247, 0, 33.58%, 11, 0, 2, 143.20, 23162, 768
8365, 16, 72, 278, 247, 0, 33.58%, 11, 0, 2, 144.51, 23908, 768
8370, 16, 72, 278, 246, 0, 33.58%, 12, 0, 2, 144.95, 24656, 768
8375, 16, 72, 278, 246, 0, 33.58%, 12, 0, 2, 144.81, 25400, 768
8380, 16, 72, 278, 246, 0, 33.58%, 12, 0, 2, 145.03, 26144, 768
8385, 16, 72, 278, 246, 0, 33.58%, 12, 0, 2, 128.17, 26820, 768
8390, 16, 72, 278, 246, 0, 33.58%, 13, 0, 2, 114.52, 27380, 768
8396, 16, 72, 278, 246, 0, 33.58%, 13, 0, 2, 112.75, 27948, 768
8401, 16, 72, 278, 246, 0, 33.58%, 14, 0, 2, 138.20, 28692, 768
8406, 16, 72, 278, 246, 0, 33.58%, 14, 0, 2, 137.76, 29370, 768
8411, 16, 139, 278, 246, 0, 33.58%, 14, 0, 2, 143.67, 30119, 768
8416, 16, 72, 278, 245, 0, 33.58%, 14, 0, 2, 144.05, 30866, 768
8421, 16, 72, 278, 244, 0, 33.58%, 14, 0, 2, 144.72, 31615, 768
8426, 16, 253, 278, 244, 0, 33.58%, 14, 0, 2, 144.68, 32363, 768
8432, 16, 72, 278, 243, 0, 33.58%, 14, 0, 2, 144.90, 33112, 768
8437, 16, 72, 278, 243, 0, 33.58%, 14, 0, 2, 145.27, 33856, 768
8442, 16, 72, 278, 243, 0, 33.58%, 14, 0, 2, 145.23, 34604, 768
8447, 16, 72, 278, 243, 0, 33.58%, 14, 0, 2, 145.01, 35354, 768
8452, 16, 72, 278, 243, 0, 33.58%, 14, 0, 2, 144.74, 36100, 768
8457, 16, 72, 278, 243, 0, 33.58%, 14, 0, 2, 143.95, 36840, 768
8462, 16, 72, 278, 243, 0, 33.58%, 14, 0, 2, 143.07, 37584, 768
8468, 16, 72, 278, 243, 0, 33.58%, 14, 0, 2, 144.35, 38330, 768
8473, 16, 99, 278, 243, 0, 33.58%, 14, 0, 2, 144.71, 39079, 768
8478, 16, 72, 278, 242, 0, 33.58%, 14, 0, 2, 143.32, 39823, 768
8483, 16, 72, 278, 242, 0, 33.58%, 14, 0, 2, 144.42, 40567, 768
8488, 16, 72, 278, 242, 0, 33.58%, 14, 0, 2, 144.83, 41312, 768
8493, 16, 72, 278, 242, 0, 33.58%, 14, 0, 2, 145.06, 42057, 768
8498, 16, 72, 278, 242, 0, 33.58%, 14, 0, 2, 144.76, 42801, 768
8504, 16, 72, 278, 242, 0, 33.58%, 14, 0, 2, 144.86, 43547, 768
8509, 16, 72, 278, 242, 0, 33.58%, 14, 0, 2, 144.83, 44295, 768
8514, 16, 72, 278, 241, 0, 33.58%, 14, 0, 2, 144.51, 45043, 768
8519, 16, 72, 278, 241, 0, 33.58%, 14, 0, 2, 144.72, 45787, 768
8524, 16, 72, 278, 241, 0, 33.58%, 14, 0, 2, 144.50, 46531, 768
8529, 16, 112, 278, 241, 0, 33.58%, 14, 0, 2, 144.88, 47279, 768
8535, 16, 72, 278, 240, 0, 33.58%, 14, 0, 2, 144.36, 48021, 768
8540, 16, 72, 278, 240, 0, 33.58%, 14, 0, 2, 143.85, 48763, 768
8545, 16, 105, 278, 240, 0, 33.58%, 14, 0, 2, 144.10, 49507, 768
8550, 16, 72, 278, 239, 0, 33.58%, 14, 0, 2, 144.49, 50247, 768
8555, 16, 148, 278, 239, 0, 33.58%, 14, 0, 2, 143.77, 50985, 768
8560, 16, 72, 278, 238, 0, 33.58%, 14, 0, 2, 144.17, 51729, 768
8566, 16, 72, 278, 238, 0, 33.58%, 14, 0, 2, 145.24, 52479, 768
8571, 16, 72, 278, 238, 0, 33.58%, 14, 0, 2, 144.31, 53225, 768
8576, 16, 72, 278, 238, 0, 33.58%, 14, 0, 2, 145.05, 53975, 768
8581, 16, 88, 278, 238, 0, 33.58%, 14, 0, 2, 145.72, 54726, 768
8586, 16, 122, 278, 237, 0, 33.58%, 14, 0, 2, 144.92, 55473, 768
8591, 16, 38, 278, 236, 0, 33.58%, 14, 0, 2, 145.17, 56219, 768
8596, 16, 72, 278, 236, 0, 33.58%, 14, 0, 2, 144.98, 56963, 768
8602, 16, 72, 278, 236, 0, 33.58%, 14, 0, 2, 144.69, 57711, 768
8607, 16, 72, 278, 236, 0, 33.58%, 14, 0, 2, 144.59, 58457, 768
8612, 16, 72, 278, 236, 0, 33.58%, 14, 0, 2, 144.88, 59201, 768
8617, 16, 72, 278, 236, 0, 33.58%, 14, 0, 2, 144.84, 59945, 768
8622, 16, 118, 278, 236, 0, 33.58%, 14, 0, 2, 142.55, 60680, 768
8627, 16, 142, 278, 235, 0, 33.58%, 14, 0, 2, 144.26, 61426, 768
8633, 16, 72, 278, 234, 0, 33.58%, 14, 0, 2, 145.10, 62173, 768
8638, 16, 72, 278, 234, 0, 33.58%, 14, 0, 2, 144.19, 62917, 768
8643, 16, 72, 278, 234, 0, 33.58%, 14, 0, 2, 144.73, 63665, 768
8648, 16, 72, 278, 234, 0, 33.58%, 14, 0, 2, 145.22, 64409, 768
8653, 16, 72, 278, 234, 0, 33.58%, 14, 0, 2, 145.06, 65157, 768
8658, 16, 72, 278, 234, 0, 33.58%, 14, 0, 2, 143.57, 65897, 768
8663, 16, 72, 278, 234, 0, 33.58%, 14, 0, 2, 144.26, 66643, 768
8669, 16, 17, 278, 234, 0, 33.58%, 14, 0, 2, 143.09, 67385, 768
8674, 16, 17, 278, 234, 0, 33.58%, 14, 0, 2, 141.57, 68093, 768
8679, 16, 72, 278, 233, 0, 33.58%, 14, 0, 2, 143.06, 68832, 768
8684, 16, 72, 278, 233, 0, 33.58%, 14, 0, 2, 145.21, 69579, 768
8689, 16, 72, 278, 233, 0, 33.58%, 14, 0, 2, 144.44, 70330, 768
8694, 16, 219, 278, 233, 0, 33.58%, 14, 0, 2, 144.58, 71074, 768
8699, 16, 219, 278, 233, 0, 33.58%, 14, 0, 2, 144.70, 71819, 768
8705, 16, 72, 278, 232, 0, 33.58%, 14, 0, 2, 144.67, 72565, 768
8710, 16, 72, 278, 232, 0, 33.58%, 14, 0, 2, 144.93, 73315, 768
8715, 16, 72, 278, 232, 0, 33.58%, 14, 0, 2, 145.27, 74065, 768
8720, 16, 72, 278, 232, 0, 33.58%, 14, 0, 2, 143.90, 74807, 768
8725, 16, 72, 278, 232, 0, 33.58%, 14, 0, 2, 144.34, 75555, 768
8730, 16, 72, 278, 232, 0, 33.58%, 14, 0, 2, 145.05, 76303, 768
8736, 16, 72, 278, 232, 0, 33.58%, 14, 0, 2, 145.02, 77053, 768
8741, 16, 72, 278, 232, 0, 33.58%, 14, 0, 2, 145.04, 77803, 768
8746, 16, 72, 278, 232, 0, 33.58%, 14, 0, 2, 145.42, 78552, 768
8751, 16, 166, 278, 232, 0, 33.58%, 14, 0, 2, 144.89, 79297, 768
8756, 16, 72, 278, 231, 0, 33.58%, 14, 0, 2, 143.15, 80037, 768
8761, 16, 72, 278, 231, 0, 33.58%, 14, 0, 2, 143.09, 80774, 768
8767, 16, 72, 278, 231, 0, 33.58%, 14, 0, 2, 143.34, 81517, 768
8772, 16, 72, 278, 231, 0, 33.58%, 14, 0, 2, 143.14, 82259, 768
8777, 16, 72, 278, 231, 0, 33.58%, 14, 0, 2, 143.73, 83005, 768
8782, 16, 72, 278, 231, 0, 33.58%, 14, 0, 2, 128.35, 83655, 768
8787, 16, 72, 278, 231, 0, 33.58%, 14, 0, 2, 114.62, 84217, 768
8792, 16, 72, 278, 231, 0, 33.58%, 14, 0, 2, 111.62, 84781, 768
8797, 16, 161, 278, 231, 0, 33.58%, 14, 0, 2, 111.13, 85341, 768
8802, 16, 72, 278, 230, 0, 33.58%, 14, 0, 2, 110.63, 85897, 768
8807, 16, 72, 278, 230, 0, 33.58%, 14, 0, 2, 110.52, 86451, 768
8812, 16, 251, 278, 230, 0, 33.58%, 14, 0, 2, 135.49, 87169, 768
8818, 16, 72, 278, 229, 0, 33.58%, 14, 0, 2, 142.32, 87916, 768
8823, 16, 72, 278, 229, 0, 33.58%, 14, 0, 2, 143.95, 88661, 768
8828, 16, 72, 278, 229, 0, 33.58%, 14, 0, 2, 144.89, 89407, 768
8833, 16, 72, 278, 229, 0, 33.58%, 14, 0, 2, 144.81, 90155, 768
8838, 17, 72, 278, 229, 0, 33.58%, 14, 0, 2, 144.97, 90899, 768
8843, 17, 72, 278, 229, 0, 33.58%, 14, 0, 2, 144.68, 91649, 768
8849, 17, 72, 278, 229, 0, 33.58%, 14, 0, 2, 144.91, 92397, 768
8854, 17, 72, 278, 229, 0, 33.58%, 14, 0, 2, 144.70, 93145, 768
8859, 17, 89, 278, 229, 0, 33.58%, 14, 0, 2, 145.23, 93895, 768
8864, 17, 116, 278, 228, 0, 33.58%, 14, 0, 2, 145.22, 94640, 768
8869, 17, 72, 278, 227, 0, 33.58%, 14, 0, 2, 144.98, 95386, 768
8874, 17, 72, 278, 227, 0, 33.58%, 14, 0, 2, 143.87, 96128, 768
8879, 17, 72, 278, 227, 0, 33.58%, 14, 0, 2, 143.75, 96866, 768
8885, 17, 72, 278, 227, 0, 33.58%, 14, 0, 2, 143.97, 97612, 768
8890, 17, 72, 278, 227, 0, 33.58%, 14, 0, 2, 144.61, 98360, 768
8895, 17, 73, 278, 227, 0, 33.58%, 14, 0, 2, 145.31, 99110, 768
8900, 17, 72, 278, 226, 0, 33.58%, 14, 0, 2, 144.04, 99851, 768
8905, 17, 72, 278, 226, 0, 33.58%, 14, 0, 2, 119.44, 100434, 768
8910, 17, 72, 278, 226, 0, 33.58%, 14, 0, 2, 112.73, 100998, 768
8915, 17, 72, 278, 226, 0, 33.58%, 14, 0, 2, 111.15, 101554, 768
8920, 17, 72, 278, 226, 0, 33.58%, 14, 0, 2, 110.93, 102114, 768
8926, 17, 72, 278, 226, 0, 33.58%, 14, 0, 2, 129.20, 102775, 768
8931, 17, 72, 278, 226, 0, 33.58%, 14, 0, 2, 139.79, 103510, 768
8936, 17, 72, 278, 226, 0, 33.58%, 14, 0, 2, 143.08, 104252, 768
8941, 17, 72, 278, 226, 0, 33.58%, 14, 0, 2, 144.30, 104994, 768
8946, 17, 72, 278, 226, 0, 33.58%, 14, 0, 2, 144.79, 105740, 768
8951, 17, 235, 278, 226, 0, 33.58%, 14, 0, 2, 144.27, 106486, 768
8957, 17, 235, 278, 226, 0, 33.58%, 14, 0, 2, 144.18, 107234, 768
8962, 17, 72, 278, 225, 0, 33.58%, 14, 0, 2, 145.19, 107985, 768
8967, 17, 72, 278, 225, 0, 33.58%, 14, 0, 2, 145.22, 108733, 768
8972, 17, 72, 278, 225, 0, 33.58%, 14, 0, 2, 144.97, 109477, 768
8977, 17, 72, 278, 225, 0, 33.58%, 14, 0, 2, 145.39, 110225, 768
8982, 17, 54, 278, 225, 0, 33.58%, 14, 0, 2, 126.34, 110867, 768
8987, 17, 72, 278, 224, 0, 33.58%, 14, 0, 2, 114.06, 111431, 768
8992, 17, 72, 278, 224, 0, 33.58%, 14, 0, 2, 111.53, 111997, 768
8997, 17, 72, 278, 224, 0, 33.58%, 14, 0, 2, 110.61, 112553, 768
9003, 17, 72, 278, 224, 0, 33.58%, 14, 0, 2, 110.45, 113125, 768
9008, 17, 72, 278, 224, 0, 33.58%, 14, 0, 2, 110.69, 113685, 768
9013, 17, 72, 278, 224, 0, 33.58%, 14, 0, 2, 110.64, 114239, 768
9018, 17, 72, 278, 224, 0, 33.58%, 14, 0, 2, 110.65, 114795, 768
9023, 17, 72, 278, 224, 0, 33.58%, 14, 0, 2, 129.96, 115459, 768
9028, 17, 72, 278, 224, 0, 33.58%, 14, 0, 2, 140.84, 116205, 768
9033, 17, 72, 278, 224, 0, 33.58%, 14, 0, 2, 142.67, 116945, 768
9038, 17, 72, 278, 224, 0, 33.58%, 14, 0, 2, 144.49, 117693, 768
9044, 17, 72, 278, 224, 0, 33.58%, 14, 0, 2, 144.30, 118437, 768
9049, 17, 72, 278, 224, 0, 33.58%, 14, 0, 2, 144.67, 119181, 768
9054, 17, 72, 278, 224, 0, 33.58%, 14, 0, 2, 144.59, 119927, 768
9059, 17, 72, 278, 224, 0, 33.58%, 14, 0, 2, 143.76, 120667, 768
9064, 17, 72, 278, 224, 0, 33.58%, 14, 0, 2, 144.51, 121415, 768
9069, 17, 72, 278, 224, 0, 33.58%, 14, 0, 2, 145.03, 122163, 768
9075, 17, 175, 278, 224, 0, 33.58%, 14, 0, 2, 145.00, 122910, 768
9080, 17, 72, 278, 223, 0, 33.58%, 14, 0, 2, 121.58, 123510, 768
9085, 17, 72, 278, 223, 0, 33.58%, 14, 0, 2, 113.13, 124076, 768
9090, 17, 72, 278, 223, 0, 33.58%, 14, 0, 2, 135.31, 124782, 768
9095, 17, 72, 278, 223, 0, 33.58%, 14, 0, 2, 142.29, 125530, 768
9100, 17, 15, 278, 223, 0, 33.58%, 14, 0, 2, 143.92, 126276, 768
9105, 17, 72, 278, 222, 0, 33.58%, 14, 0, 2, 144.85, 127024, 768
9110, 17, 72, 278, 222, 0, 33.58%, 14, 0, 2, 144.71, 127768, 768
9116, 17, 259, 278, 222, 0, 33.58%, 14, 0, 2, 142.46, 128506, 768
9121, 17, 259, 278, 222, 0, 33.58%, 14, 0, 2, 141.72, 129220, 768
9126, 17, 72, 278, 221, 0, 33.58%, 14, 0, 2, 143.90, 129964, 768
9131, 17, 51, 278, 221, 0, 33.58%, 14, 0, 2, 144.19, 130710, 768
9136, 17, 72, 278, 220, 0, 33.58%, 14, 0, 2, 138.78, 131439, 768
9141, 17, 72, 278, 220, 0, 33.58%, 14, 0, 2, 116.64, 132001, 768
9147, 17, 204, 278, 220, 0, 33.58%, 14, 0, 2, 128.93, 132651, 768
9152, 17, 72, 278, 220, 0, 33.58%, 14, 0, 2, 141.46, 133396, 768
9157, 17, 72, 278, 220, 0, 33.58%, 14, 0, 2, 144.18, 134141, 768
9162, 17, 72, 278, 220, 0, 33.58%, 14, 0, 2, 144.97, 134891, 768
9167, 17, 256, 278, 220, 0, 33.58%, 14, 0, 2, 145.10, 135641, 768
9172, 17, 72, 278, 220, 0, 33.58%, 14, 0, 2, 144.99, 136389, 768
9177, 17, 72, 278, 220, 0, 33.58%, 14, 0, 2, 144.18, 137131, 768
9183, 17, 72, 278, 220, 0, 33.58%, 14, 0, 2, 144.71, 137879, 768
9188, 17, 77, 278, 220, 0, 33.58%, 14, 0, 2, 145.26, 138625, 768
9193, 17, 72, 278, 219, 0, 33.58%, 14, 0, 2, 144.44, 139375, 768
9198, 17, 72, 278, 219, 0, 33.58%, 14, 0, 2, 143.09, 140113, 768
9203, 17, 72, 278, 219, 0, 33.58%, 14, 0, 2, 139.59, 140843, 768
9208, 17, 211, 278, 219, 0, 33.58%, 14, 0, 2, 116.92, 141403, 768
9214, 17, 72, 278, 218, 0, 33.58%, 14, 0, 2, 133.48, 142097, 768
9219, 17, 72, 278, 218, 0, 33.58%, 14, 0, 2, 142.73, 142845, 768
9224, 17, 213, 278, 218, 0, 33.58%, 14, 0, 2, 144.90, 143595, 768
9229, 17, 72, 278, 217, 0, 33.58%, 14, 0, 2, 144.98, 144344, 768
9234, 17, 256, 278, 217, 0, 33.58%, 14, 0, 2, 144.87, 145090, 768
9239, 17, 72, 278, 217, 0, 33.58%, 14, 0, 2, 144.99, 145838, 768
9245, 17, 72, 278, 217, 0, 33.58%, 14, 0, 2, 143.23, 146578, 768
9250, 17, 72, 278, 217, 0, 33.58%, 14, 0, 2, 143.33, 147320, 768
9255, 17, 72, 278, 217, 0, 33.58%, 14, 0, 2, 143.52, 148062, 768
9260, 17, 72, 278, 217, 0, 33.58%, 14, 0, 2, 143.54, 148802, 768
9265, 17, 72, 278, 217, 0, 33.58%, 14, 0, 2, 143.53, 149544, 768
9270, 17, 72, 278, 217, 0, 33.58%, 14, 0, 2, 127.49, 150220, 768
9275, 17, 72, 278, 217, 0, 33.58%, 14, 0, 2, 114.58, 150784, 768
9281, 17, 72, 278, 217, 0, 33.58%, 14, 0, 2, 120.85, 151378, 768
9286, 17, 173, 278, 217, 0, 33.58%, 14, 0, 2, 139.98, 152124, 768
9291, 17, 72, 278, 216, 0, 33.58%, 14, 0, 2, 143.85, 152873, 768
9296, 17, 72, 278, 216, 0, 33.58%, 14, 0, 2, 144.49, 153617, 768
9301, 17, 72, 278, 216, 0, 33.58%, 14, 0, 2, 144.87, 154367, 768
9306, 17, 208, 278, 216, 0, 33.58%, 14, 0, 2, 144.88, 155115, 768
9312, 17, 72, 278, 215, 0, 33.58%, 14, 0, 2, 144.65, 155863, 768
9317, 17, 72, 278, 215, 0, 33.58%, 14, 0, 2, 144.74, 156607, 768
9322, 17, 72, 278, 215, 0, 33.58%, 14, 0, 2, 144.87, 157355, 768
9327, 17, 72, 278, 215, 0, 33.58%, 14, 0, 2, 144.63, 158103, 768
9332, 17, 33, 278, 215, 0, 33.58%, 14, 0, 2, 144.18, 158849, 768
9337, 17, 91, 278, 214, 0, 33.58%, 14, 0, 2, 145.08, 159594, 768
9342, 17, 72, 278, 213, 0, 33.58%, 14, 0, 2, 145.10, 160339, 768
9348, 17, 72, 278, 213, 0, 33.58%, 14, 0, 2, 143.25, 161081, 768
9353, 17, 72, 278, 213, 0, 33.58%, 14, 0, 2, 144.79, 161827, 768
9358, 17, 72, 278, 213, 0, 33.58%, 14, 0, 2, 144.89, 162571, 768
9363, 17, 147, 278, 213, 0, 33.58%, 14, 0, 2, 144.71, 163321, 768
9368, 17, 72, 278, 212, 0, 33.58%, 14, 0, 2, 144.97, 164069, 768
9373, 17, 72, 278, 212, 0, 33.58%, 14, 0, 2, 144.75, 164814, 768
9379, 17, 141, 278, 212, 0, 33.58%, 14, 0, 2, 144.89, 165564, 768
9384, 17, 72, 278, 211, 0, 33.58%, 14, 0, 2, 144.62, 166310, 768
9389, 17, 216, 278, 211, 0, 33.58%, 14, 0, 2, 144.69, 167055, 768
9394, 17, 72, 278, 211, 0, 33.58%, 14, 0, 2, 145.44, 167801, 768
9399, 17, 256, 278, 211, 0, 33.58%, 14, 0, 2, 144.91, 168549, 768
9404, 17, 72, 278, 211, 0, 33.58%, 14, 0, 2, 145.62, 169295, 768
9409, 17, 130, 278, 211, 0, 33.58%, 14, 0, 2, 145.39, 170041, 768
9415, 17, 72, 278, 210, 0, 33.58%, 14, 0, 2, 145.11, 170789, 768
9420, 17, 72, 278, 210, 0, 33.58%, 14, 0, 2, 144.88, 171537, 768
9425, 17, 19, 278, 210, 0, 33.58%, 14, 0, 2, 143.87, 172257, 768
9430, 17, 19, 278, 210, 0, 33.58%, 14, 0, 2, 143.37, 172977, 768
9435, 17, 19, 278, 210, 0, 33.58%, 14, 0, 2, 144.04, 173697, 768
9440, 17, 72, 278, 209, 0, 33.58%, 14, 0, 2, 144.59, 174443, 768
9445, 17, 72, 278, 208, 0, 33.58%, 14, 0, 2, 144.88, 175189, 768
9450, 17, 72, 278, 208, 0, 33.58%, 14, 0, 2, 143.50, 175927, 768
9455, 18, 72, 278, 208, 0, 33.58%, 14, 0, 2, 143.03, 176665, 768
9461, 18, 256, 278, 208, 0, 33.58%, 14, 0, 2, 142.44, 177401, 768
9466, 18, 72, 278, 208, 0, 33.58%, 14, 0, 2, 144.45, 178151, 768
9471, 18, 72, 278, 208, 0, 33.58%, 14, 0, 2, 144.48, 178899, 768
9476, 18, 217, 278, 208, 0, 33.58%, 14, 0, 2, 144.95, 179649, 768
9481, 18, 72, 278, 207, 0, 33.58%, 14, 0, 2, 144.74, 180397, 768
9486, 18, 108, 278, 207, 0, 33.58%, 14, 0, 2, 144.60, 181141, 768
9492, 18, 72, 278, 206, 0, 33.58%, 14, 0, 2, 144.63, 181889, 768
9497, 18, 72, 278, 206, 0, 33.58%, 14, 0, 2, 144.11, 182633, 768
9502, 18, 72, 278, 206, 0, 33.58%, 14, 0, 2, 138.40, 183359, 768
9507, 18, 164, 278, 206, 0, 33.58%, 14, 0, 2, 116.63, 183919, 768
9512, 18, 72, 278, 205, 0, 33.58%, 14, 0, 2, 133.42, 184613, 768
9517, 18, 72, 278, 205, 0, 33.58%, 14, 0, 2, 141.93, 185353, 768
9523, 18, 72, 278, 205, 0, 33.58%, 14, 0, 2, 143.91, 186099, 768
9528, 18, 72, 278, 205, 0, 33.58%, 14, 0, 2, 141.89, 186833, 768
9533, 18, 82, 278, 205, 0, 33.58%, 14, 0, 2, 143.96, 187579, 768
9538, 18, 72, 278, 204, 0, 33.58%, 14, 0, 2, 143.20, 188315, 768
9543, 18, 187, 278, 204, 0, 33.58%, 14, 0, 2, 144.40, 189064, 768
9548, 18, 72, 278, 203, 0, 33.58%, 14, 0, 2, 144.69, 189808, 768
9553, 18, 72, 278, 203, 0, 33.58%, 14, 0, 2, 145.07, 190556, 768
9559, 18, 39, 278, 203, 0, 33.58%, 15, 0, 2, 144.64, 191306, 768
9564, 18, 72, 278, 202, 0, 33.58%, 15, 0, 2, 144.73, 192056, 768
9569, 18, 72, 278, 202, 0, 33.58%, 15, 0, 2, 144.99, 192804, 768
9574, 18, 72, 278, 202, 0, 33.58%, 15, 0, 2, 144.62, 193548, 768
9579, 18, 72, 278, 202, 0, 33.58%, 15, 0, 2, 144.92, 194292, 768
9584, 18, 72, 278, 202, 0, 33.58%, 15, 0, 2, 142.81, 195034, 768
9590, 18, 72, 278, 202, 0, 33.58%, 15, 0, 2, 117.69, 195594, 768
9595, 18, 72, 278, 202, 0, 33.58%, 15, 0, 2, 112.35, 196152, 768
9600, 18, 72, 278, 202, 0, 33.58%, 15, 0, 2, 111.34, 196716, 768
9605, 18, 256, 278, 202, 0, 33.58%, 15, 0, 2, 110.89, 197274, 768
9610, 18, 72, 278, 202, 0, 33.58%, 15, 0, 2, 136.43, 198000, 768
9615, 18, 72, 278, 202, 0, 33.58%, 15, 0, 2, 143.28, 198750, 768
9620, 18, 72, 278, 202, 0, 33.58%, 15, 0, 2, 133.75, 199426, 768
9625, 18, 72, 278, 202, 0, 33.58%, 15, 0, 2, 115.79, 199986, 768
9630, 18, 72, 278, 202, 0, 33.58%, 15, 0, 2, 111.93, 200554, 768
9635, 18, 72, 278, 202, 0, 33.58%, 15, 0, 2, 137.38, 201290, 768
9640, 18, 72, 278, 202, 0, 33.58%, 15, 0, 2, 143.14, 202040, 768
9646, 18, 72, 278, 202, 0, 33.58%, 15, 0, 2, 144.00, 202784, 768
9651, 18, 72, 278, 202, 0, 33.58%, 15, 0, 2, 143.65, 203526, 768
9656, 18, 62, 278, 202, 0, 33.58%, 15, 0, 2, 142.73, 204270, 768
9661, 18, 72, 278, 201, 0, 33.58%, 15, 0, 2, 144.69, 205015, 768
9666, 18, 72, 278, 201, 0, 33.58%, 15, 0, 2, 144.73, 205760, 768
9671, 18, 72, 278, 201, 0, 33.58%, 15, 0, 2, 144.70, 206504, 768
9677, 18, 72, 278, 201, 0, 33.58%, 15, 0, 2, 144.99, 207252, 768
9682, 18, 72, 278, 201, 0, 33.58%, 15, 0, 2, 145.04, 207996, 768
9687, 18, 72, 278, 201, 0, 33.58%, 15, 0, 2, 144.67, 208746, 768
9692, 18, 72, 278, 201, 0, 33.58%, 15, 0, 2, 122.65, 209356, 768
9697, 18, 72, 278, 201, 0, 33.58%, 15, 0, 2, 113.37, 209918, 768
9702, 18, 72, 278, 201, 0, 33.58%, 15, 0, 2, 137.03, 210650, 768
9707, 18, 87, 278, 201, 0, 33.58%, 15, 0, 2, 143.50, 211398, 768
9713, 18, 72, 278, 200, 0, 33.58%, 15, 0, 2, 144.79, 212147, 768
9718, 18, 72, 278, 200, 0, 33.58%, 15, 0, 2, 143.42, 212885, 768
9723, 18, 72, 278, 200, 0, 33.58%, 15, 0, 2, 145.02, 213635, 768
9728, 18, 72, 278, 200, 0, 33.58%, 15, 0, 2, 145.31, 214383, 768
9733, 18, 72, 278, 200, 0, 33.58%, 15, 0, 2, 145.19, 215131, 768
9738, 18, 72, 278, 200, 0, 33.58%, 15, 0, 2, 137.46, 215833, 768
9743, 18, 0, 278, 200, 0, 33.58%, 15, 0, 2, 141.94, 216579, 768
9749, 18, 0, 278, 200, 0, 33.58%, 15, 0, 2, 142.69, 217299, 768
9754, 18, 0, 278, 200, 0, 33.58%, 15, 0, 2, 143.29, 218017, 768
9759, 18, 72, 278, 199, 0, 33.58%, 15, 0, 2, 145.01, 218767, 768
9764, 18, 38, 278, 199, 0, 33.58%, 15, 0, 2, 145.30, 219515, 768
9769, 18, 153, 278, 199, 0, 33.58%, 15, 0, 2, 145.76, 220265, 768
9774, 18, 72, 278, 198, 0, 33.58%, 15, 0, 2, 145.15, 221015, 768
9779, 18, 178, 278, 198, 0, 33.58%, 15, 0, 2, 145.34, 221762, 768
9784, 18, 72, 278, 197, 0, 33.58%, 15, 0, 2, 144.34, 222507, 768
9790, 18, 72, 278, 197, 0, 33.58%, 15, 0, 2, 143.38, 223248, 768
9795, 18, 25, 278, 197, 0, 33.58%, 15, 0, 2, 144.76, 223994, 768
9800, 18, 72, 278, 196, 0, 33.58%, 15, 0, 2, 145.25, 224743, 768
9805, 18, 169, 278, 196, 0, 33.58%, 15, 0, 2, 145.27, 225491, 768
9810, 18, 38, 278, 195, 0, 33.58%, 15, 0, 2, 145.39, 226239, 768
9815, 18, 72, 278, 195, 0, 33.58%, 15, 0, 2, 144.82, 226985, 768
9821, 18, 238, 278, 195, 0, 33.58%, 15, 0, 2, 144.02, 227731, 768
9826, 18, 238, 278, 195, 0, 33.58%, 15, 0, 2, 143.38, 228471, 768
9831, 18, 72, 278, 194, 0, 33.58%, 15, 0, 2, 144.51, 229218, 768
9836, 18, 72, 278, 194, 0, 33.58%, 15, 0, 2, 143.43, 229958, 768
9841, 18, 72, 278, 194, 0, 33.58%, 15, 0, 2, 126.85, 230600, 768
9846, 18, 205, 278, 194, 0, 33.58%, 15, 0, 2, 137.89, 231303, 768
9851, 18, 72, 278, 193, 0, 33.58%, 15, 0, 2, 126.84, 231977, 768
9856, 18, 72, 278, 193, 0, 33.58%, 15, 0, 2, 124.39, 232571, 768
9862, 18, 72, 278, 192, 0, 33.58%, 15, 0, 2, 140.31, 233317, 768
9867, 18, 72, 278, 192, 0, 33.58%, 15, 0, 2, 144.08, 234061, 768
9872, 18, 213, 278, 191, 0, 33.58%, 15, 0, 2, 145.08, 234809, 768
9877, 18, 72, 278, 191, 0, 33.58%, 15, 0, 2, 145.18, 235556, 768
9882, 18, 72, 278, 191, 0, 33.58%, 15, 0, 2, 144.89, 236305, 768
9887, 18, 72, 278, 191, 0, 33.58%, 15, 0, 2, 145.20, 237055, 768
9893, 18, 72, 278, 191, 0, 33.58%, 15, 0, 2, 145.31, 237805, 768
9898, 18, 72, 278, 191, 0, 33.58%, 15, 0, 2, 144.59, 238549, 768
9903, 18, 50, 278, 191, 0, 33.58%, 15, 0, 2, 144.93, 239295, 768
9908, 18, 72, 278, 191, 0, 33.58%, 15, 0, 2, 145.71, 240045, 768
9913, 18, 72, 278, 191, 0, 33.58%, 15, 0, 2, 145.20, 240793, 768
9918, 18, 72, 278, 191, 0, 33.58%, 15, 0, 2, 143.72, 241535, 768
9923, 18, 72, 278, 191, 0, 33.58%, 15, 0, 2, 144.38, 242279, 768
9929, 18, 72, 278, 191, 0, 33.58%, 15, 0, 2, 143.95, 243023, 768
9934, 18, 72, 278, 191, 0, 33.58%, 15, 0, 2, 144.63, 243767, 768
9939, 18, 72, 278, 191, 0, 33.58%, 15, 0, 2, 144.77, 244513, 768
9944, 18, 72, 278, 191, 0, 33.58%, 15, 0, 2, 145.32, 245263, 768
9949, 18, 50, 278, 191, 0, 33.58%, 15, 0, 2, 144.62, 246007, 768
9954, 18, 72, 278, 191, 0, 33.58%, 15, 0, 2, 144.76, 246751, 768
9960, 18, 72, 278, 191, 0, 33.58%, 15, 0, 2, 144.86, 247496, 768
9965, 18, 72, 278, 191, 0, 33.58%, 15, 0, 2, 144.81, 248241, 768
9970, 18, 72, 278, 191, 0, 33.58%, 15, 0, 2, 145.30, 248987, 768
9975, 18, 72, 278, 191, 0, 33.58%, 15, 0, 2, 145.32, 249736, 768
9980, 18, 72, 278, 191, 0, 33.58%, 15, 0, 2, 144.72, 250485, 768
9985, 18, 72, 278, 191, 0, 33.58%, 15, 0, 2, 144.98, 251235, 768
9990, 18, 245, 278, 191, 0, 33.58%, 15, 0, 2, 145.47, 251985, 768
9996, 18, 72, 278, 190, 0, 33.58%, 15, 0, 2, 145.34, 252733, 768
10001, 18, 72, 279, 191, 0, 33.62%, 15, 0, 2, 144.33, 253477, 769
10006, 18, 72, 279, 191, 0, 33.62%, 15, 0, 2, 144.46, 254221, 769
10011, 18, 72, 279, 191, 0, 33.62%, 15, 0, 2, 144.41, 254965, 769
10016, 18, 216, 279, 191, 0, 33.62%, 15, 0, 2, 144.53, 255711, 769
10021, 18, 72, 279, 191, 0, 33.62%, 15, 0, 2, 143.04, 256449, 769
10027, 18, 72, 279, 191, 0, 33.62%, 15, 0, 2, 144.91, 257193, 769
10032, 18, 72, 279, 191, 0, 33.62%, 15, 0, 2, 145.19, 257943, 769
10037, 18, 72, 279, 191, 0, 33.62%, 15, 0, 2, 145.01, 258688, 769
10042, 18, 81, 279, 191, 0, 33.62%, 15, 0, 2, 145.01, 259433, 769
10047, 18, 256, 279, 190, 0, 33.62%, 15, 0, 2, 144.92, 260179, 769
10052, 19, 216, 279, 190, 0, 33.62%, 15, 0, 2, 144.57, 260925, 769
10057, 19, 72, 279, 190, 0, 33.62%, 15, 0, 2, 144.30, 261669, 769
10063, 19, 72, 279, 190, 0, 33.62%, 15, 0, 2, 145.12, 262417, 769
10068, 19, 72, 279, 190, 0, 33.62%, 15, 0, 2, 144.91, 263165, 769
10073, 19, 72, 279, 190, 0, 33.62%, 15, 0, 2, 144.91, 263913, 769
10078, 19, 72, 279, 190, 0, 33.62%, 15, 0, 2, 144.73, 264658, 769
10083, 19, 72, 279, 190, 0, 33.62%, 15, 0, 2, 144.44, 265403, 769
10088, 19, 72, 279, 190, 0, 33.62%, 15, 0, 2, 144.56, 266147, 769
10094, 19, 72, 279, 190, 0, 33.62%, 15, 0, 2, 144.57, 266893, 769
10099, 19, 72, 279, 190, 0, 33.62%, 15, 0, 2, 144.46, 267641, 769
10104, 19, 72, 279, 190, 0, 33.62%, 15, 0, 2, 118.86, 268215, 769
10109, 19, 72, 279, 190, 0, 33.62%, 15, 0, 2, 137.20, 268929, 769
10114, 19, 72, 279, 190, 0, 33.62%, 15, 0, 2, 140.15, 269667, 769
10119, 19, 72, 279, 190, 0, 33.62%, 15, 0, 2, 142.70, 270409, 769
10124, 19, 72, 279, 190, 0, 33.62%, 15, 0, 2, 143.49, 271149, 769
10130, 19, 72, 279, 190, 0, 33.62%, 15, 0, 2, 143.96, 271894, 769
10135, 19, 72, 279, 190, 0, 33.62%, 15, 0, 2, 144.70, 272643, 769
10140, 19, 72, 279, 190, 0, 33.62%, 15, 0, 2, 124.91, 273299, 769
10145, 19, 72, 279, 190, 0, 33.62%, 15, 0, 2, 113.85, 273863, 769
10150, 19, 1, 279, 190, 0, 33.62%, 15, 0, 2, 108.65, 274421, 769
10155, 19, 1, 279, 190, 0, 33.62%, 15, 0, 2, 106.82, 274971, 769
10161, 19, 1, 279, 190, 0, 33.62%, 15, 0, 2, 124.52, 275600, 769
10166, 19, 144, 279, 189, 0, 33.62%, 15, 0, 2, 140.75, 276348, 769
10171, 19, 113, 279, 188, 0, 33.62%, 15, 0, 2, 144.06, 277096, 769
10176, 19, 72, 279, 187, 0, 33.62%, 15, 0, 2, 144.87, 277846, 769
10181, 19, 72, 279, 187, 0, 33.62%, 15, 0, 2, 144.83, 278596, 769
10186, 19, 72, 279, 187, 0, 33.62%, 15, 0, 2, 144.67, 279340, 769
10192, 19, 72, 279, 187, 0, 33.62%, 15, 0, 2, 145.29, 280090, 769
10197, 19, 72, 279, 187, 0, 33.62%, 15, 0, 2, 144.59, 280832, 769
10202, 19, 72, 279, 187, 0, 33.62%, 15, 0, 2, 143.82, 281576, 769
10207, 19, 216, 279, 187, 0, 33.62%, 15, 0, 2, 144.13, 282324, 769
10212, 19, 72, 279, 187, 0, 33.62%, 15, 0, 2, 144.52, 283068, 769
10217, 19, 72, 279, 187, 0, 33.62%, 15, 0, 2, 137.23, 283760, 769
10223, 19, 72, 279, 187, 0, 33.62%, 15, 0, 2, 143.17, 284504, 769
10228, 19, 72, 279, 187, 0, 33.62%, 15, 0, 2, 144.48, 285248, 769
10233, 19, 72, 279, 187, 0, 33.62%, 15, 0, 2, 144.41, 285998, 769
10238, 19, 38, 279, 187, 0, 33.62%, 15, 0, 2, 144.94, 286744, 769
10243, 19, 72, 279, 187, 0, 33.62%, 15, 0, 2, 144.85, 287493, 769
10248, 19, 72, 279, 187, 0, 33.62%, 15, 0, 2, 145.47, 288242, 769
10253, 19, 72, 279, 187, 0, 33.62%, 15, 0, 2, 145.34, 288988, 769
10259, 19, 72, 279, 187, 0, 33.62%, 15, 0, 2, 145.13, 289732, 769
10264, 19, 72, 279, 186, 0, 33.62%, 15, 0, 2, 144.53, 290482, 769
10269, 19, 72, 279, 186, 0, 33.62%, 15, 0, 2, 145.23, 291232, 769
10274, 19, 72, 279, 186, 0, 33.62%, 15, 0, 2, 145.40, 291978, 769
10279, 19, 72, 279, 186, 0, 33.62%, 15, 0, 2, 144.62, 292723, 769
10284, 19, 72, 279, 186, 0, 33.62%, 15, 0, 2, 144.98, 293472, 769
10290, 19, 104, 279, 186, 0, 33.62%, 15, 0, 2, 145.01, 294218, 769
10295, 19, 72, 279, 185, 0, 33.62%, 15, 0, 2, 144.87, 294968, 769
10300, 19, 200, 279, 185, 0, 33.62%, 15, 0, 2, 144.67, 295712, 769
10305, 19, 72, 279, 184, 0, 33.62%, 15, 0, 2, 144.63, 296461, 769
10310, 19, 72, 279, 184, 0, 33.62%, 15, 0, 2, 144.77, 297209, 769
10315, 19, 72, 279, 184, 0, 33.62%, 15, 0, 2, 144.80, 297957, 769
10321, 19, 23, 279, 184, 0, 33.62%, 15, 0, 2, 145.19, 298706, 769
10326, 19, 72, 279, 183, 0, 33.62%, 15, 0, 2, 144.46, 299453, 769
10331, 19, 72, 279, 183, 0, 33.62%, 15, 0, 2, 144.41, 300197, 769
10336, 19, 72, 279, 183, 0, 33.62%, 15, 0, 2, 144.68, 300942, 769
10341, 19, 72, 279, 183, 0, 33.62%, 15, 0, 2, 145.27, 301690, 769
10346, 19, 72, 279, 183, 0, 33.62%, 15, 0, 2, 144.90, 302437, 769
10351, 19, 72, 279, 183, 0, 33.62%, 15, 0, 2, 144.77, 303186, 769
10357, 19, 85, 279, 183, 0, 33.62%, 15, 0, 2, 144.54, 303934, 769
10362, 19, 72, 279, 182, 0, 33.62%, 15, 0, 2, 143.82, 304679, 769
10367, 19, 72, 279, 182, 0, 33.62%, 15, 0, 2, 144.69, 305425, 769
10372, 19, 72, 279, 182, 0, 33.62%, 15, 0, 2, 145.16, 306171, 769
10377, 19, 119, 279, 182, 0, 33.62%, 15, 0, 2, 144.56, 306919, 769
10383, 19, 72, 279, 181, 0, 33.62%, 15, 0, 2, 144.12, 307667, 769
10388, 19, 46, 279, 181, 0, 33.62%, 15, 0, 2, 145.05, 308415, 769
10393, 19, 72, 279, 180, 0, 33.62%, 15, 0, 2, 144.99, 309165, 769
10398, 19, 72, 279, 180, 0, 33.62%, 15, 0, 2, 143.00, 309901, 769
10403, 19, 38, 279, 180, 0, 33.62%, 15, 0, 2, 143.80, 310642, 769
10408, 19, 72, 279, 180, 0, 33.62%, 15, 0, 2, 144.64, 311393, 769
10414, 19, 38, 279, 180, 0, 33.62%, 15, 0, 2, 145.10, 312143, 769
10419, 19, 72, 279, 180, 0, 33.62%, 15, 0, 2, 145.31, 312891, 769
10424, 19, 72, 279, 180, 0, 33.62%, 15, 0, 2, 145.18, 313638, 769
10429, 19, 72, 279, 180, 0, 33.62%, 15, 0, 2, 144.94, 314383, 769
10434, 19, 72, 279, 180, 0, 33.62%, 15, 0, 2, 145.57, 315131, 769
10439, 19, 72, 279, 180, 0, 33.62%, 15, 0, 2, 132.00, 315829, 769
10444, 19, 72, 279, 180, 0, 33.62%, 15, 0, 2, 138.37, 316514, 769
10449, 19, 72, 279, 180, 0, 33.62%, 15, 0, 2, 143.79, 317261, 769
10455, 19, 72, 279, 180, 0, 33.62%, 15, 0, 2, 145.06, 318011, 769
10460, 19, 72, 279, 180, 0, 33.62%, 15, 0, 2, 144.33, 318759, 769
10465, 19, 72, 279, 180, 0, 33.62%, 15, 0, 2, 143.92, 319503, 769
10470, 19, 72, 279, 180, 0, 33.62%, 15, 0, 2, 144.64, 320249, 769
10475, 19, 72, 279, 180, 0, 33.62%, 15, 0, 2, 144.70, 320997, 769
10480, 19, 72, 279, 180, 0, 33.62%, 15, 0, 2, 144.66, 321743, 769
10486, 19, 72, 279, 180, 0, 33.62%, 15, 0, 2, 144.98, 322491, 769
10491, 19, 72, 279, 180, 0, 33.62%, 15, 0, 2, 145.07, 323237, 769
10496, 19, 72, 279, 180, 0, 33.62%, 15, 0, 2, 145.03, 323982, 769
10501, 19, 72, 279, 180, 0, 33.62%, 15, 0, 2, 145.15, 324731, 769
10506, 19, 72, 279, 180, 0, 33.62%, 15, 0, 2, 144.75, 325477, 769
10511, 19, 72, 279, 180, 0, 33.62%, 15, 0, 2, 143.42, 326219, 769
10517, 19, 220, 279, 180, 0, 33.62%, 15, 0, 2, 144.31, 326967, 769
10522, 19, 220, 279, 180, 0, 33.62%, 15, 0, 2, 143.26, 327683, 769
10527, 19, 72, 279, 179, 0, 33.62%, 15, 0, 2, 144.03, 328432, 769
10532, 19, 72, 279, 179, 0, 33.62%, 15, 0, 2, 144.42, 329181, 769
10537, 19, 72, 279, 179, 0, 33.62%, 15, 0, 2, 145.01, 329929, 769
10542, 19, 128, 279, 179, 0, 33.62%, 15, 0, 2, 145.14, 330680, 769
10547, 19, 72, 279, 178, 0, 33.62%, 15, 0, 2, 145.04, 331428, 769
10553, 19, 72, 279, 178, 0, 33.62%, 15, 0, 2, 145.04, 332172, 769
10558, 19, 72, 279, 178, 0, 33.62%, 15, 0, 2, 145.33, 332922, 769
10563, 19, 72, 279, 178, 0, 33.62%, 15, 0, 2, 144.53, 333670, 769
10568, 19, 72, 279, 178, 0, 33.62%, 15, 0, 2, 144.61, 334420, 769
10573, 19, 72, 279, 178, 0, 33.62%, 15, 0, 2, 145.03, 335168, 769
10578, 19, 72, 279, 178, 0, 33.62%, 15, 0, 2, 143.19, 335910, 769
10584, 19, 186, 279, 178, 0, 33.62%, 15, 0, 2, 144.87, 336658, 769
10589, 19, 72, 279, 177, 0, 33.62%, 15, 0, 2, 145.09, 337409, 769
10594, 19, 72, 279, 177, 0, 33.62%, 15, 0, 2, 144.97, 338157, 769
10599, 19, 72, 279, 177, 0, 33.62%, 15, 0, 2, 144.15, 338898, 769
10604, 19, 72, 279, 177, 0, 33.62%, 15, 0, 2, 145.10, 339645, 769
10609, 19, 218, 279, 177, 0, 33.62%, 15, 0, 2, 145.37, 340395, 769
10614, 19, 72, 279, 176, 0, 33.62%, 15, 0, 2, 144.63, 341139, 769
10620, 19, 72, 279, 176, 0, 33.62%, 15, 0, 2, 144.98, 341889, 769
10625, 20, 72, 279, 176, 0, 33.62%, 15, 0, 2, 144.66, 342637, 769
10630, 20, 72, 279, 176, 0, 33.62%, 15, 0, 2, 145.18, 343387, 769
10635, 20, 72, 279, 176, 0, 33.62%, 15, 0, 2, 145.61, 344137, 769
10640, 20, 72, 279, 176, 0, 33.62%, 15, 0, 2, 145.15, 344883, 769
10645, 20, 72, 279, 176, 0, 33.62%, 15, 0, 2, 144.83, 345631, 769
10651, 20, 72, 279, 176, 0, 33.62%, 15, 0, 2, 145.17, 346381, 769
10656, 20, 72, 279, 176, 0, 33.62%, 15, 0, 2, 144.84, 347127, 769
10661, 20, 72, 279, 176, 0, 33.62%, 15, 0, 2, 145.09, 347877, 769
10666, 20, 72, 279, 176, 0, 33.62%, 15, 0, 2, 144.81, 348621, 769
10671, 20, 72, 279, 176, 0, 33.62%, 15, 0, 2, 145.07, 349369, 769
10676, 20, 41, 279, 176, 0, 33.62%, 15, 0, 2, 145.34, 350117, 769
10682, 20, 72, 279, 175, 0, 33.62%, 15, 0, 2, 144.98, 350866, 769
10687, 20, 72, 279, 175, 0, 33.62%, 15, 0, 2, 143.24, 351601, 769
10692, 20, 72, 279, 175, 0, 33.62%, 15, 0, 2, 143.55, 352343, 769
10697, 20, 45, 279, 175, 0, 33.62%, 15, 0, 2, 144.85, 353089, 769
10702, 20, 255, 279, 174, 0, 33.62%, 15, 0, 2, 145.63, 353839, 769
10707, 20, 255, 279, 174, 0, 33.62%, 15, 0, 2, 144.88, 354589, 769
10713, 20, 72, 279, 173, 0, 33.62%, 15, 0, 2, 143.56, 355333, 769
10718, 20, 72, 279, 173, 0, 33.62%, 15, 0, 2, 144.79, 356082, 769
10723, 20, 72, 279, 173, 0, 33.62%, 15, 0, 2, 144.58, 356831, 769
10728, 20, 256, 279, 173, 0, 33.62%, 15, 0, 2, 144.52, 357577, 769
10733, 20, 72, 279, 173, 0, 33.62%, 15, 0, 2, 144.75, 358325, 769
10738, 20, 216, 279, 173, 0, 33.62%, 15, 0, 2, 144.78, 359071, 769
10744, 20, 129, 279, 173, 0, 33.62%, 15, 0, 2, 144.70, 359819, 769
10749, 20, 72, 279, 172, 0, 33.62%, 15, 0, 2, 144.91, 360569, 769
10754, 20, 72, 279, 172, 0, 33.62%, 15, 0, 2, 145.03, 361317, 769
10759, 20, 72, 279, 172, 0, 33.62%, 15, 0, 2, 144.89, 362061, 769
10764, 20, 72, 279, 172, 0, 33.62%, 15, 0, 2, 145.04, 362811, 769
10769, 20, 72, 279, 172, 0, 33.62%, 15, 0, 2, 144.90, 363555, 769
10774, 20, 72, 279, 172, 0, 33.62%, 15, 0, 2, 144.67, 364301, 769
10780, 20, 72, 279, 172, 0, 33.62%, 15, 0, 2, 144.70, 365045, 769
10785, 20, 72, 279, 172, 0, 33.62%, 15, 0, 2, 144.94, 365791, 769
10790, 20, 182, 279, 172, 0, 33.62%, 15, 0, 2, 145.25, 366541, 769
10795, 20, 72, 279, 171, 0, 33.62%, 15, 0, 2, 145.63, 367289, 769
10800, 20, 72, 279, 171, 0, 33.62%, 15, 0, 2, 145.20, 368039, 769
10805, 20, 72, 279, 171, 0, 33.62%, 15, 0, 2, 144.46, 368785, 769
10811, 20, 72, 279, 171, 0, 33.62%, 15, 0, 2, 144.12, 369530, 769
10816, 20, 72, 279, 171, 0, 33.62%, 15, 0, 2, 144.79, 370275, 769
10821, 20, 72, 279, 171, 0, 33.62%, 15, 0, 2, 145.02, 371025, 769
10826, 20, 72, 279, 171, 0, 33.62%, 15, 0, 2, 142.82, 371753, 769
10831, 20, 72, 279, 171, 0, 33.62%, 15, 0, 2, 144.39, 372499, 769
10836, 20, 37, 279, 171, 0, 33.62%, 15, 0, 2, 145.00, 373248, 769
10842, 20, 72, 279, 170, 0, 33.62%, 15, 0, 2, 145.16, 373999, 769
10847, 20, 72, 279, 170, 0, 33.62%, 15, 0, 2, 145.42, 374747, 769
10852, 20, 72, 279, 170, 0, 33.62%, 15, 0, 2, 145.14, 375493, 769
10857, 20, 72, 279, 170, 0, 33.62%, 15, 0, 2, 145.04, 376243, 769
10862, 20, 72, 279, 170, 0, 33.62%, 15, 0, 2, 144.34, 376991, 769
10867, 20, 72, 279, 169, 0, 33.62%, 15, 0, 2, 145.26, 377738, 769
10872, 20, 72, 279, 169, 0, 33.62%, 15, 0, 2, 144.91, 378482, 769
10878, 20, 72, 279, 169, 0, 33.62%, 15, 0, 2, 144.81, 379230, 769
10883, 20, 72, 279, 169, 0, 33.62%, 15, 0, 2, 145.19, 379980, 769
10888, 20, 72, 279, 169, 0, 33.62%, 15, 0, 2, 145.04, 380728, 769
10893, 20, 72, 279, 169, 0, 33.62%, 15, 0, 2, 145.48, 381474, 769
10898, 20, 72, 279, 169, 0, 33.62%, 15, 0, 2, 144.33, 382216, 769
10903, 20, 72, 279, 169, 0, 33.62%, 15, 0, 2, 144.50, 382960, 769
10908, 20, 72, 279, 169, 0, 33.62%, 15, 0, 2, 144.46, 383704, 769
10914, 20, 72, 279, 169, 0, 33.62%, 15, 0, 2, 144.79, 384454, 769
10919, 20, 72, 279, 169, 0, 33.62%, 15, 0, 2, 144.80, 385198, 769
10924, 20, 72, 279, 169, 0, 33.62%, 15, 0, 2, 144.54, 385944, 769
10929, 20, 58, 279, 169, 0, 33.62%, 15, 0, 2, 144.63, 386692, 769
10934, 20, 50, 279, 168, 0, 33.62%, 15, 0, 2, 144.92, 387440, 769
10939, 20, 252, 279, 168, 0, 33.62%, 15, 0, 2, 142.89, 388154, 769
10944, 20, 252, 279, 168, 0, 33.62%, 15, 0, 2, 142.69, 388872, 769
10950, 20, 72, 279, 167, 0, 33.62%, 15, 0, 2, 143.56, 389615, 769
10955, 20, 72, 279, 167, 0, 33.62%, 15, 0, 2, 143.62, 390357, 769
10960, 20, 72, 279, 167, 0, 33.62%, 15, 0, 2, 143.83, 391100, 769
10965, 20, 72, 279, 167, 0, 33.62%, 15, 0, 2, 144.66, 391845, 769
10970, 20, 72, 279, 167, 0, 33.62%, 15, 0, 2, 144.01, 392581, 769
10975, 20, 256, 279, 167, 0, 33.62%, 15, 0, 2, 143.99, 393325, 769
10980, 20, 72, 279, 167, 0, 33.62%, 15, 0, 2, 145.26, 394075, 769
10986, 20, 72, 279, 167, 0, 33.62%, 15, 0, 2, 144.86, 394821, 769
10991, 20, 72, 279, 167, 0, 33.62%, 15, 0, 2, 139.23, 395529, 769
10996, 20, 72, 279, 167, 0, 33.62%, 15, 0, 2, 143.96, 396275, 769
11001, 20, 72, 279, 167, 0, 33.62%, 15, 0, 2, 144.94, 397019, 769
11006, 20, 72, 279, 167, 0, 33.62%, 15, 0, 2, 145.11, 397769, 769
11011, 20, 72, 279, 167, 0, 33.62%, 15, 0, 2, 145.56, 398515, 769
11016, 20, 72, 279, 167, 0, 33.62%, 15, 0, 2, 145.22, 399263, 769
11022, 20, 72, 279, 167, 0, 33.62%, 15, 0, 2, 145.27, 400011, 769
11027, 20, 72, 279, 167, 0, 33.62%, 15, 0, 2, 145.18, 400759, 769
11032, 20, 72, 279, 167, 0, 33.62%, 15, 0, 2, 145.10, 401507, 769
11037, 20, 72, 279, 167, 0, 33.62%, 15, 0, 2, 145.37, 402255, 769
11042, 20, 72, 279, 167, 0, 33.62%, 15, 0, 2, 145.22, 403004, 769
11047, 20, 72, 279, 167, 0, 33.62%, 15, 0, 2, 145.55, 403751, 769
11053, 20, 72, 279, 167, 0, 33.62%, 15, 0, 2, 145.27, 404499, 769
11058, 20, 72, 279, 167, 0, 33.62%, 15, 0, 2, 144.96, 405243, 769
11063, 20, 72, 279, 167, 0, 33.62%, 15, 0, 2, 145.36, 405988, 769
11068, 20, 72, 279, 167, 0, 33.62%, 15, 0, 2, 144.76, 406732, 769
11073, 20, 72, 279, 167, 0, 33.62%, 15, 0, 2, 144.86, 407475, 769
11078, 20, 72, 279, 167, 0, 33.62%, 15, 0, 2, 145.47, 408225, 769
11083, 20, 72, 279, 167, 0, 33.62%, 15, 0, 2, 144.70, 408971, 769
11089, 20, 72, 279, 167, 0, 33.62%, 15, 0, 2, 145.05, 409721, 769
11094, 20, 72, 279, 167, 0, 33.62%, 15, 0, 2, 145.47, 410471, 769
11099, 20, 72, 279, 166, 0, 33.62%, 15, 0, 2, 145.10, 411219, 769
11104, 20, 72, 279, 166, 0, 33.62%, 15, 0, 2, 144.91, 411969, 769
11109, 20, 72, 279, 166, 0, 33.62%, 15, 0, 2, 144.84, 412713, 769
11114, 20, 72, 279, 166, 0, 33.62%, 15, 0, 2, 144.42, 413459, 769
11119, 20, 21, 279, 166, 0, 33.62%, 15, 0, 2, 143.83, 414203, 769
11124, 20, 21, 279, 166, 0, 33.62%, 15, 0, 2, 143.44, 414921, 769
11129, 20, 21, 279, 166, 0, 33.62%, 15, 0, 2, 143.88, 415641, 769
11135, 20, 72, 279, 165, 0, 33.62%, 15, 0, 2, 144.64, 416389, 769
11140, 20, 72, 279, 165, 0, 33.62%, 15, 0, 2, 144.88, 417137, 769
11145, 20, 72, 279, 165, 0, 33.62%, 15, 0, 2, 144.53, 417883, 769
11150, 20, 72, 279, 165, 0, 33.62%, 15, 0, 2, 142.03, 418619, 769
11155, 20, 50, 279, 165, 0, 33.62%, 15, 0, 2, 143.94, 419363, 769
11160, 20, 134, 279, 165, 0, 33.62%, 15, 0, 2, 145.54, 420114, 769
11166, 20, 184, 279, 164, 0, 33.62%, 15, 0, 2, 145.09, 420864, 769
11171, 20, 264, 279, 163, 0, 33.62%, 15, 0, 2, 142.53, 421602, 769
11176, 20, 264, 279, 163, 0, 33.62%, 15, 0, 2, 140.94, 422332, 769
11181, 20, 72, 279, 162, 0, 33.62%, 15, 0, 2, 144.22, 423079, 769
11186, 20, 72, 279, 162, 0, 33.62%, 15, 0, 2, 145.07, 423825, 769
11191, 20, 72, 279, 162, 0, 33.62%, 15, 0, 2, 144.95, 424571, 769
11197, 20, 48, 279, 162, 0, 33.62%, 15, 0, 2, 144.46, 425317, 769
11202, 20, 72, 279, 161, 0, 33.62%, 15, 0, 2, 145.08, 426065, 769
11207, 21, 72, 279, 161, 0, 33.62%, 15, 0, 2, 144.19, 426809, 769
11212, 21, 72, 279, 161, 0, 33.62%, 15, 0, 2, 123.38, 427431, 769
11217, 21, 72, 279, 161, 0, 33.62%, 15, 0, 2, 113.28, 427987, 769
11222, 21, 72, 279, 161, 0, 33.62%, 15, 0, 2, 111.29, 428551, 769
11227, 21, 72, 279, 161, 0, 33.62%, 15, 0, 2, 120.36, 429161, 769
11232, 21, 72, 279, 161, 0, 33.62%, 15, 0, 2, 139.85, 429906, 769
11238, 21, 72, 279, 161, 0, 33.62%, 15, 0, 2, 143.57, 430655, 769
11243, 21, 72, 279, 161, 0, 33.62%, 15, 0, 2, 144.76, 431401, 769
11248, 21, 72, 279, 161, 0, 33.62%, 15, 0, 2, 145.00, 432147, 769
11253, 21, 72, 279, 161, 0, 33.62%, 15, 0, 2, 144.87, 432897, 769
11258, 21, 72, 279, 161, 0, 33.62%, 15, 0, 2, 144.62, 433645, 769
11263, 21, 72, 279, 161, 0, 33.62%, 15, 0, 2, 144.81, 434393, 769
11269, 21, 72, 279, 161, 0, 33.62%, 15, 0, 2, 119.90, 435001, 769
11274, 21, 72, 279, 161, 0, 33.62%, 15, 0, 2, 112.68, 435563, 769
11279, 21, 72, 279, 161, 0, 33.62%, 15, 0, 2, 134.78, 436266, 769
11284, 21, 72, 279, 161, 0, 33.62%, 15, 0, 2, 142.38, 437010, 769
11289, 21, 72, 279, 161, 0, 33.62%, 15, 0, 2, 144.39, 437755, 769
11294, 21, 29, 279, 161, 0, 33.62%, 15, 0, 2, 144.33, 438504, 769
11300, 21, 143, 279, 160, 0, 33.62%, 15, 0, 2, 142.90, 439240, 769
11305, 21, 72, 279, 159, 0, 33.62%, 15, 0, 2, 144.00, 439990, 769
11310, 21, 72, 279, 159, 0, 33.62%, 15, 0, 2, 144.30, 440736, 769
11315, 21, 72, 279, 159, 0, 33.62%, 15, 0, 2, 143.84, 441480, 769
11320, 21, 174, 279, 159, 0, 33.62%, 15, 0, 2, 144.14, 442224, 769
11325, 21, 72, 279, 159, 0, 33.62%, 15, 0, 2, 144.85, 442974, 769
11331, 21, 72, 279, 159, 0, 33.62%, 15, 0, 2, 144.97, 443720, 769
11336, 21, 72, 279, 159, 0, 33.62%, 15, 0, 2, 143.43, 444464, 769
11341, 21, 72, 279, 159, 0, 33.62%, 15, 0, 2, 144.63, 445214, 769
11346, 21, 72, 279, 159, 0, 33.62%, 15, 0, 2, 144.92, 445962, 769
11351, 21, 72, 279, 159, 0, 33.62%, 15, 0, 2, 145.13, 446712, 769
11356, 21, 34, 279, 159, 0, 33.62%, 15, 0, 2, 145.52, 447462, 769
11362, 21, 72, 279, 158, 0, 33.62%, 15, 0, 2, 144.93, 448206, 769
11367, 21, 72, 279, 158, 0, 33.62%, 15, 0, 2, 144.81, 448952, 769
11372, 21, 72, 279, 158, 0, 33.62%, 15, 0, 2, 144.63, 449701, 769
11377, 21, 72, 279, 158, 0, 33.62%, 15, 0, 2, 144.88, 450446, 769
11382, 21, 72, 279, 158, 0, 33.62%, 15, 0, 2, 145.02, 451190, 769
11387, 21, 72, 279, 158, 0, 33.62%, 15, 0, 2, 143.13, 451929, 769
11392, 21, 72, 279, 158, 0, 33.62%, 15, 0, 2, 144.75, 452674, 769
11398, 21, 72, 279, 158, 0, 33.62%, 15, 0, 2, 144.86, 453417, 769
11403, 21, 72, 279, 158, 0, 33.62%, 15, 0, 2, 144.46, 454160, 769
11408, 21, 72, 279, 158, 0, 33.62%, 15, 0, 2, 144.85, 454906, 769
11413, 21, 72, 279, 158, 0, 33.62%, 15, 0, 2, 144.74, 455656, 769
11418, 21, 72, 279, 158, 0, 33.62%, 15, 0, 2, 144.01, 456400, 769
11423, 21, 72, 279, 158, 0, 33.62%, 15, 0, 2, 145.02, 457148, 769
11429, 21, 72, 279, 158, 0, 33.62%, 15, 0, 2, 144.19, 457888, 769
11434, 21, 72, 279, 158, 0, 33.62%, 15, 0, 2, 143.23, 458630, 769
11439, 21, 72, 279, 158, 0, 33.62%, 15, 0, 2, 144.23, 459372, 769
11444, 21, 72, 279, 158, 0, 33.62%, 15, 0, 2, 144.50, 460120, 769
11449, 21, 72, 279, 158, 0, 33.62%, 15, 0, 2, 144.75, 460868, 769
11454, 21, 72, 279, 158, 0, 33.62%, 15, 0, 2, 145.38, 461618, 769
11460, 21, 72, 279, 158, 0, 33.62%, 15, 0, 2, 145.12, 462366, 769
11465, 21, 256, 279, 158, 0, 33.62%, 15, 0, 2, 144.13, 463110, 769
11470, 21, 43, 279, 158, 0, 33.62%, 15, 0, 2, 145.07, 463860, 769
11475, 21, 87, 279, 157, 0, 33.62%, 15, 0, 2, 145.06, 464609, 769
11480, 21, 72, 279, 157, 0, 33.62%, 15, 0, 2, 145.21, 465357, 769
11485, 21, 72, 279, 157, 0, 33.62%, 15, 0, 2, 145.15, 466107, 769
11490, 21, 72, 279, 157, 0, 33.62%, 15, 0, 2, 145.36, 466855, 769
11496, 21, 72, 279, 157, 0, 33.62%, 15, 0, 2, 145.29, 467605, 769
11501, 21, 72, 279, 157, 0, 33.62%, 15, 0, 2, 144.97, 468353, 769
11506, 21, 72, 279, 157, 0, 33.62%, 15, 0, 2, 144.82, 469097, 769
11511, 21, 72, 279, 157, 0, 33.62%, 15, 0, 2, 143.44, 469835, 769
11516, 21, 72, 279, 157, 0, 33.62%, 15, 0, 2, 143.40, 470577, 769
11521, 21, 72, 279, 157, 0, 33.62%, 15, 0, 2, 142.30, 471311, 769
11527, 21, 72, 279, 157, 0, 33.62%, 15, 0, 2, 143.34, 472051, 769
11532, 21, 72, 279, 157, 0, 33.62%, 15, 0, 2, 142.66, 472787, 769
11537, 21, 72, 279, 157, 0, 33.62%, 15, 0, 2, 144.43, 473533, 769
11542, 21, 72, 279, 157, 0, 33.62%, 15, 0, 2, 144.54, 474279, 769
11547, 21, 72, 279, 157, 0, 33.62%, 15, 0, 2, 143.74, 475021, 769
11552, 21, 72, 279, 157, 0, 33.62%, 15, 0, 2, 144.28, 475767, 769
11558, 21, 92, 279, 157, 0, 33.62%, 15, 0, 2, 142.56, 476508, 769
11563, 21, 72, 279, 156, 0, 33.62%, 15, 0, 2, 118.01, 477080, 769
11568, 21, 72, 279, 156, 0, 33.62%, 15, 0, 2, 137.93, 477816, 769
11573, 21, 72, 279, 156, 0, 33.62%, 15, 0, 2, 143.57, 478562, 769
11578, 21, 272, 279, 156, 0, 33.62%, 15, 0, 2, 139.05, 479274, 769
11583, 21, 272, 279, 156, 0, 33.62%, 15, 0, 2, 127.91, 479939, 769
11588, 21, 195, 279, 155, 0, 33.62%, 15, 0, 2, 141.38, 480681, 769
11594, 21, 72, 279, 154, 0, 33.62%, 15, 0, 2, 143.86, 481429, 769
11599, 21, 72, 279, 154, 0, 33.62%, 15, 0, 2, 144.41, 482173, 769
11604, 21, 72, 279, 154, 0, 33.62%, 15, 0, 2, 144.76, 482918, 769
11609, 21, 72, 279, 154, 0, 33.62%, 15, 0, 2, 144.52, 483662, 769
11614, 21, 72, 279, 154, 0, 33.62%, 15, 0, 2, 144.69, 484408, 769
11619, 21, 72, 279, 154, 0, 33.62%, 15, 0, 2, 143.44, 485150, 769
11625, 21, 72, 279, 154, 0, 33.62%, 15, 0, 2, 144.72, 485896, 769
11630, 21, 72, 279, 154, 0, 33.62%, 15, 0, 2, 144.83, 486642, 769
11635, 21, 72, 279, 154, 0, 33.62%, 15, 0, 2, 144.80, 487390, 769
11640, 21, 72, 279, 154, 0, 33.62%, 15, 0, 2, 145.03, 488134, 769
11645, 21, 72, 279, 154, 0, 33.62%, 15, 0, 2, 144.80, 488878, 769
11650, 21, 72, 279, 154, 0, 33.62%, 15, 0, 2, 144.86, 489626, 769
11655, 21, 72, 279, 154, 0, 33.62%, 15, 0, 2, 144.49, 490374, 769
11661, 21, 72, 279, 154, 0, 33.62%, 15, 0, 2, 144.32, 491118, 769
11666, 21, 72, 279, 154, 0, 33.62%, 15, 0, 2, 144.76, 491862, 769
11671, 21, 72, 279, 154, 0, 33.62%, 15, 0, 2, 144.28, 492606, 769
11676, 21, 72, 279, 154, 0, 33.62%, 15, 0, 2, 145.11, 493352, 769
11681, 21, 227, 279, 154, 0, 33.62%, 15, 0, 2, 144.96, 494096, 769
11686, 21, 227, 279, 154, 0, 33.62%, 15, 0, 2, 144.64, 494846, 769
11692, 21, 72, 279, 153, 0, 33.62%, 15, 0, 2, 145.12, 495595, 769
11697, 21, 72, 279, 153, 0, 33.62%, 15, 0, 2, 127.08, 496239, 769
11702, 21, 72, 279, 153, 0, 33.62%, 15, 0, 2, 114.20, 496801, 769
11707, 21, 72, 279, 153, 0, 33.62%, 15, 0, 2, 136.70, 497521, 769
11712, 21, 138, 279, 153, 0, 33.62%, 15, 0, 2, 124.76, 498153, 769
11717, 21, 72, 279, 152, 0, 33.62%, 15, 0, 2, 141.61, 498901, 769
11722, 21, 72, 279, 152, 0, 33.62%, 15, 0, 2, 143.53, 499645, 769
11727, 21, 72, 279, 152, 0, 33.62%, 15, 0, 2, 144.45, 500391, 769
11733, 21, 72, 279, 152, 0, 33.62%, 15, 0, 2, 144.56, 501135, 769
11738, 21, 72, 279, 152, 0, 33.62%, 15, 0, 2, 145.09, 501879, 769
11743, 21, 72, 279, 152, 0, 33.62%, 15, 0, 2, 144.53, 502623, 769
11748, 21, 225, 279, 152, 0, 33.62%, 15, 0, 2, 144.87, 503369, 769
11753, 21, 72, 279, 151, 0, 33.62%, 15, 0, 2, 145.31, 504120, 769
11758, 21, 72, 279, 151, 0, 33.62%, 15, 0, 2, 145.13, 504866, 769
11763, 21, 72, 279, 151, 0, 33.62%, 15, 0, 2, 144.31, 505610, 769
11769, 21, 72, 279, 151, 0, 33.62%, 15, 0, 2, 144.54, 506360, 769
11774, 22, 72, 279, 151, 0, 33.62%, 15, 0, 2, 144.83, 507105, 769
11779, 22, 55, 279, 151, 0, 33.62%, 15, 0, 2, 144.52, 507850, 769
11784, 22, 72, 279, 150, 0, 33.62%, 15, 0, 2, 144.00, 508598, 769
11789, 22, 26, 279, 150, 0, 33.62%, 15, 0, 2, 143.76, 509342, 769
11795, 22, 72, 279, 149, 0, 33.62%, 15, 0, 2, 142.69, 510082, 769
11800, 22, 72, 279, 149, 0, 33.62%, 15, 0, 2, 143.72, 510828, 769
11805, 22, 72, 279, 149, 0, 33.62%, 15, 0, 2, 143.88, 511572, 769
11810, 22, 72, 279, 149, 0, 33.62%, 15, 0, 2, 144.14, 512316, 769
11815, 22, 72, 279, 149, 0, 33.62%, 15, 0, 2, 142.39, 513056, 769
11820, 22, 72, 279, 149, 0, 33.62%, 15, 0, 2, 119.19, 513634, 769
11821, 22, 72, 279, 149, 0, 33.62%, 15, 0, 2, 117.16, 513664, 769
11882, 23, 143, 279, 252, 0, 33.58%, 16, 0, 2, 145.40, 12095, 768
11887, 23, 50, 279, 252, 0, 33.58%, 18, 0, 2, 146.18, 12845, 768
11892, 23, 143, 279, 251, 0, 33.58%, 18, 0, 2, 146.47, 13596, 768
11897, 23, 245, 279, 251, 0, 33.58%, 18, 0, 2, 144.66, 14342, 768
11902, 23, 143, 279, 250, 0, 33.58%, 18, 0, 2, 145.43, 15085, 768
11908, 23, 143, 279, 250, 0, 33.58%, 18, 0, 2, 145.08, 15831, 768
11913, 23, 195, 279, 250, 0, 33.58%, 18, 0, 2, 145.11, 16581, 768
11918, 23, 143, 279, 249, 0, 33.58%, 18, 0, 2, 145.82, 17328, 768
11923, 23, 143, 279, 249, 0, 33.58%, 18, 0, 2, 146.70, 18078, 768
11928, 23, 143, 279, 249, 0, 33.58%, 18, 0, 2, 146.94, 18828, 768
11933, 23, 143, 279, 249, 0, 33.58%, 18, 0, 2, 146.97, 19578, 768
11938, 23, 143, 279, 249, 0, 33.58%, 18, 0, 2, 147.17, 20328, 768
11943, 23, 143, 279, 248, 0, 33.58%, 18, 0, 2, 146.70, 21078, 768
11949, 23, 143, 279, 248, 0, 33.58%, 18, 0, 2, 146.37, 21827, 768
11954, 23, 143, 279, 248, 0, 33.58%, 18, 0, 2, 132.87, 22528, 768
11959, 23, 143, 279, 248, 0, 33.58%, 19, 0, 2, 143.37, 23274, 768
11964, 23, 143, 279, 248, 0, 33.58%, 19, 0, 2, 145.83, 24024, 768
11969, 23, 143, 279, 248, 0, 33.58%, 19, 0, 2, 146.95, 24774, 768
11974, 23, 143, 279, 248, 0, 33.58%, 19, 0, 2, 146.75, 25522, 768
11979, 23, 143, 279, 248, 0, 33.58%, 19, 0, 2, 145.34, 26268, 768
11984, 23, 143, 279, 248, 0, 33.58%, 19, 0, 2, 144.34, 27006, 768
11990, 23, 143, 279, 248, 0, 33.58%, 19, 0, 2, 145.60, 27756, 768
11995, 23, 265, 279, 248, 0, 33.58%, 19, 0, 2, 146.32, 28506, 768
12000, 23, 143, 279, 248, 0, 33.58%, 19, 0, 2, 145.68, 29254, 768
12005, 23, 143, 279, 248, 0, 33.58%, 19, 0, 2, 145.31, 30000, 768
12010, 23, 143, 279, 248, 0, 33.58%, 19, 0, 2, 146.25, 30750, 768
12015, 23, 143, 279, 248, 0, 33.58%, 19, 0, 2, 146.72, 31500, 768
12020, 23, 265, 279, 248, 0, 33.58%, 19, 0, 2, 144.52, 32244, 768
12026, 23, 143, 279, 248, 0, 33.58%, 19, 0, 2, 141.80, 32954, 768
12031, 23, 238, 279, 248, 0, 33.58%, 19, 0, 2, 145.59, 33704, 768
12036, 23, 143, 279, 247, 0, 33.58%, 19, 0, 2, 146.23, 34454, 768
12041, 23, 143, 279, 247, 0, 33.58%, 19, 0, 2, 145.02, 35198, 768
12046, 23, 143, 279, 247, 0, 33.58%, 19, 0, 2, 143.84, 35940, 768
12051, 23, 143, 279, 247, 0, 33.58%, 19, 0, 2, 145.91, 36686, 768
12056, 23, 56, 279, 247, 0, 33.58%, 19, 0, 2, 143.83, 37428, 768
12061, 23, 257, 279, 246, 0, 33.58%, 19, 0, 2, 144.34, 38178, 768
12067, 23, 257, 279, 246, 0, 33.58%, 19, 0, 2, 144.21, 38924, 768
12072, 23, 257, 279, 246, 0, 33.58%, 19, 0, 2, 143.39, 39668, 768
12077, 23, 143, 279, 245, 0, 33.58%, 19, 0, 2, 145.42, 40418, 768
12082, 23, 143, 279, 245, 0, 33.58%, 19, 0, 2, 145.56, 41166, 768
12087, 23, 143, 279, 245, 0, 33.58%, 19, 0, 2, 145.83, 41912, 768
12092, 23, 143, 279, 245, 0, 33.58%, 19, 0, 2, 146.05, 42660, 768
12097, 23, 143, 279, 245, 0, 33.58%, 19, 0, 2, 146.44, 43410, 768
12103, 23, 143, 279, 245, 0, 33.58%, 19, 0, 2, 146.36, 44158, 768
12108, 23, 143, 279, 245, 0, 33.58%, 19, 0, 2, 146.28, 44908, 768
12113, 23, 143, 279, 245, 0, 33.58%, 19, 0, 2, 142.28, 45630, 768
12118, 23, 143, 279, 245, 0, 33.58%, 19, 0, 2, 145.83, 46380, 768
12123, 23, 143, 279, 245, 0, 33.58%, 19, 0, 2, 146.74, 47130, 768
12128, 23, 143, 279, 245, 0, 33.58%, 19, 0, 2, 146.49, 47880, 768
12133, 23, 143, 279, 245, 0, 33.58%, 19, 0, 2, 146.85, 48630, 768
12138, 23, 143, 279, 245, 0, 33.58%, 19, 0, 2, 145.70, 49376, 768
12144, 23, 143, 279, 245, 0, 33.58%, 19, 0, 2, 136.93, 50094, 768
12149, 23, 143, 279, 245, 0, 33.58%, 19, 0, 2, 116.93, 50666, 768
12154, 23, 143, 279, 245, 0, 33.58%, 19, 0, 2, 112.71, 51234, 768
12159, 23, 143, 279, 245, 0, 33.58%, 19, 0, 2, 124.77, 51848, 768
12164, 23, 143, 279, 245, 0, 33.58%, 19, 0, 2, 141.89, 52598, 768
12169, 23, 143, 279, 245, 0, 33.58%, 19, 0, 2, 145.50, 53348, 768
12174, 23, 143, 279, 245, 0, 33.58%, 19, 0, 2, 145.92, 54098, 768
12179, 23, 143, 279, 245, 0, 33.58%, 19, 0, 2, 146.41, 54848, 768
12185, 23, 143, 279, 245, 0, 33.58%, 19, 0, 2, 146.69, 55596, 768
12190, 23, 208, 279, 245, 0, 33.58%, 19, 0, 2, 145.69, 56342, 768
12195, 23, 143, 279, 244, 0, 33.58%, 19, 0, 2, 146.11, 57092, 768
12200, 23, 143, 279, 244, 0, 33.58%, 19, 0, 2, 146.35, 57842, 768
12205, 23, 143, 279, 244, 0, 33.58%, 19, 0, 2, 145.04, 58582, 768
12210, 23, 143, 279, 244, 0, 33.58%, 19, 0, 2, 146.05, 59332, 768
12215, 23, 143, 279, 244, 0, 33.58%, 19, 0, 2, 146.72, 60082, 768
12220, 23, 143, 279, 244, 0, 33.58%, 19, 0, 2, 146.72, 60830, 768
12225, 23, 143, 279, 244, 0, 33.58%, 19, 0, 2, 145.48, 61580, 768
12231, 23, 256, 279, 244, 0, 33.58%, 19, 0, 2, 129.74, 62260, 768
12236, 23, 256, 279, 244, 0, 33.58%, 19, 0, 2, 114.17, 62828, 768
12241, 23, 256, 279, 244, 0, 33.58%, 19, 0, 2, 131.55, 63480, 768
12246, 23, 256, 279, 244, 0, 33.58%, 19, 0, 2, 142.85, 64231, 768
12251, 23, 143, 279, 243, 0, 33.58%, 20, 0, 2, 145.76, 64981, 768
12256, 23, 143, 279, 243, 0, 33.58%, 20, 0, 2, 146.56, 65731, 768
12261, 23, 143, 279, 243, 0, 33.58%, 20, 0, 2, 146.85, 66481, 768
12266, 23, 275, 279, 243, 0, 33.58%, 20, 0, 2, 142.86, 67219, 768
12272, 23, 275, 279, 243, 0, 33.58%, 20, 0, 2, 140.78, 67947, 768
12277, 23, 143, 279, 242, 0, 33.58%, 20, 0, 2, 144.26, 68694, 768
12282, 23, 22, 279, 242, 0, 33.58%, 20, 0, 2, 144.36, 69438, 768
12287, 23, 143, 279, 242, 0, 33.58%, 20, 0, 2, 145.13, 70186, 768
12292, 23, 86, 279, 242, 0, 33.58%, 20, 0, 2, 145.46, 70934, 768
12297, 23, 86, 279, 242, 0, 33.58%, 20, 0, 2, 119.79, 71522, 768
12302, 23, 143, 279, 241, 0, 33.58%, 20, 0, 2, 112.06, 72076, 768
12308, 23, 143, 279, 241, 0, 33.58%, 20, 0, 2, 111.94, 72652, 768
12313, 23, 143, 279, 241, 0, 33.58%, 20, 0, 2, 111.67, 73224, 768
12318, 23, 240, 279, 241, 0, 33.58%, 20, 0, 2, 129.69, 73866, 768
12323, 23, 143, 279, 241, 0, 33.58%, 20, 0, 2, 143.03, 74616, 768
12328, 23, 143, 279, 241, 0, 33.58%, 20, 0, 2, 145.91, 75366, 768
12333, 23, 22, 279, 241, 0, 33.58%, 20, 0, 2, 146.30, 76116, 768
12338, 23, 143, 279, 241, 0, 33.58%, 20, 0, 2, 146.04, 76866, 768
12343, 23, 139, 279, 241, 0, 33.58%, 20, 0, 2, 146.89, 77616, 768
12348, 23, 76, 279, 240, 0, 33.58%, 20, 0, 2, 146.55, 78366, 768
12354, 23, 143, 279, 239, 0, 33.58%, 20, 0, 2, 146.28, 79116, 768
12359, 23, 143, 279, 239, 0, 33.58%, 20, 0, 2, 146.76, 79866, 768
12364, 23, 143, 279, 239, 0, 33.58%, 20, 0, 2, 145.40, 80610, 768
12369, 23, 143, 279, 239, 0, 33.58%, 20, 0, 2, 145.32, 81358, 768
12374, 23, 143, 279, 239, 0, 33.58%, 20, 0, 2, 145.79, 82108, 768
12379, 23, 168, 279, 239, 0, 33.58%, 20, 0, 2, 146.71, 82858, 768
12384, 23, 65, 279, 238, 0, 33.58%, 20, 0, 2, 146.52, 83608, 768
12389, 23, 143, 279, 238, 0, 33.58%, 20, 0, 2, 146.71, 84358, 768
12395, 23, 143, 279, 238, 0, 33.58%, 20, 0, 2, 132.24, 85056, 768
12400, 23, 35, 279, 238, 0, 33.58%, 20, 0, 2, 142.81, 85804, 768
12405, 23, 35, 279, 238, 0, 33.58%, 20, 0, 2, 144.92, 86554, 768
12410, 23, 143, 279, 237, 0, 33.58%, 20, 0, 2, 146.36, 87305, 768
12415, 23, 22, 279, 237, 0, 33.58%, 20, 0, 2, 146.52, 88054, 768
12420, 23, 143, 279, 237, 0, 33.58%, 20, 0, 2, 146.62, 88805, 768
12425, 23, 143, 279, 237, 0, 33.58%, 20, 0, 2, 146.88, 89555, 768
12430, 23, 223, 279, 237, 0, 33.58%, 20, 0, 2, 147.02, 90305, 768
12436, 23, 143, 279, 236, 0, 33.58%, 20, 0, 2, 145.96, 91055, 768
12441, 23, 143, 279, 236, 0, 33.58%, 20, 0, 2, 146.17, 91805, 768
12446, 23, 143, 279, 236, 0, 33.58%, 20, 0, 2, 146.06, 92549, 768
12451, 23, 143, 279, 236, 0, 33.58%, 20, 0, 2, 146.39, 93299, 768
12456, 23, 143, 279, 236, 0, 33.58%, 20, 0, 2, 146.53, 94049, 768
12461, 23, 66, 279, 236, 0, 33.58%, 20, 0, 2, 146.51, 94799, 768
12466, 23, 143, 279, 235, 0, 33.58%, 20, 0, 2, 145.19, 95542, 768
12471, 24, 143, 279, 235, 0, 33.58%, 20, 0, 2, 146.38, 96292, 768
12477, 24, 143, 279, 235, 0, 33.58%, 20, 0, 2, 147.14, 97042, 768
12482, 24, 143, 279, 235, 0, 33.58%, 20, 0, 2, 146.56, 97792, 768
12487, 24, 143, 279, 235, 0, 33.58%, 20, 0, 2, 146.21, 98542, 768
12492, 24, 143, 279, 235, 0, 33.58%, 20, 0, 2, 146.48, 99292, 768
12497, 24, 143, 279, 234, 0, 33.58%, 20, 0, 2, 146.30, 100042, 768
12502, 24, 179, 279, 234, 0, 33.58%, 20, 0, 2, 146.46, 100792, 768
12507, 24, 143, 279, 233, 0, 33.58%, 20, 0, 2, 146.44, 101543, 768
12512, 24, 143, 279, 233, 0, 33.58%, 20, 0, 2, 146.20, 102293, 768
12518, 24, 143, 279, 233, 0, 33.58%, 20, 0, 2, 146.59, 103043, 768
12523, 24, 80, 279, 233, 0, 33.58%, 20, 0, 2, 146.65, 103794, 768
12528, 24, 143, 279, 232, 0, 33.58%, 20, 0, 2, 146.55, 104544, 768
12533, 24, 143, 279, 232, 0, 33.58%, 20, 0, 2, 146.56, 105294, 768
12538, 24, 143, 279, 231, 0, 33.58%, 20, 0, 2, 146.78, 106045, 768
12543, 24, 143, 279, 231, 0, 33.58%, 20, 0, 2, 146.78, 106795, 768
12548, 24, 143, 279, 231, 0, 33.58%, 20, 0, 2, 146.52, 107545, 768
12553, 24, 143, 279, 231, 0, 33.58%, 20, 0, 2, 146.62, 108295, 768
12558, 24, 143, 279, 231, 0, 33.58%, 20, 0, 2, 144.98, 109035, 768
12564, 24, 143, 279, 231, 0, 33.58%, 20, 0, 2, 145.14, 109779, 768
12569, 24, 143, 279, 231, 0, 33.58%, 20, 0, 2, 146.24, 110529, 768
12574, 24, 143, 279, 231, 0, 33.58%, 20, 0, 2, 146.24, 111277, 768
12579, 24, 143, 279, 231, 0, 33.58%, 20, 0, 2, 146.13, 112027, 768
12584, 24, 143, 279, 231, 0, 33.58%, 20, 0, 2, 146.33, 112777, 768
12589, 24, 143, 279, 231, 0, 33.58%, 20, 0, 2, 146.35, 113523, 768
12594, 24, 57, 279, 231, 0, 33.58%, 20, 0, 2, 145.97, 114273, 768
12599, 24, 57, 279, 231, 0, 33.58%, 20, 0, 2, 138.93, 114941, 768
12604, 24, 143, 279, 230, 0, 33.58%, 20, 0, 2, 145.21, 115691, 768
12610, 24, 143, 279, 230, 0, 33.58%, 20, 0, 2, 146.37, 116441, 768
12615, 24, 143, 279, 230, 0, 33.58%, 20, 0, 2, 146.51, 117189, 768
12620, 24, 170, 279, 230, 0, 33.58%, 20, 0, 2, 146.67, 117939, 768
12625, 24, 143, 279, 229, 0, 33.58%, 20, 0, 2, 146.60, 118687, 768
12630, 24, 143, 279, 229, 0, 33.58%, 20, 0, 2, 146.91, 119437, 768
12635, 24, 143, 279, 229, 0, 33.58%, 20, 0, 2, 146.88, 120187, 768
12640, 24, 143, 279, 229, 0, 33.58%, 20, 0, 2, 146.67, 120937, 768
12645, 24, 143, 279, 229, 0, 33.58%, 20, 0, 2, 146.92, 121687, 768
12650, 24, 143, 279, 229, 0, 33.58%, 20, 0, 2, 147.10, 122437, 768
12656, 24, 143, 279, 229, 0, 33.58%, 20, 0, 2, 147.02, 123187, 768
12661, 24, 143, 279, 229, 0, 33.58%, 20, 0, 2, 146.47, 123937, 768
12666, 24, 143, 279, 229, 0, 33.58%, 20, 0, 2, 146.83, 124687, 768
12671, 24, 143, 279, 229, 0, 33.58%, 20, 0, 2, 146.68, 125437, 768
12676, 24, 143, 279, 229, 0, 33.58%, 20, 0, 2, 146.79, 126187, 768
12681, 24, 78, 279, 229, 0, 33.58%, 20, 0, 2, 146.30, 126937, 768
12686, 24, 143, 279, 228, 0, 33.58%, 20, 0, 2, 146.43, 127687, 768
12691, 24, 143, 279, 228, 0, 33.58%, 20, 0, 2, 146.69, 128437, 768
12696, 24, 143, 279, 228, 0, 33.58%, 20, 0, 2, 146.68, 129187, 768
12702, 24, 143, 279, 228, 0, 33.58%, 20, 0, 2, 146.51, 129937, 768
12707, 24, 217, 279, 228, 0, 33.58%, 20, 0, 2, 146.78, 130687, 768
12712, 24, 243, 279, 227, 0, 33.58%, 20, 0, 2, 134.44, 131393, 768
12717, 24, 243, 279, 227, 0, 33.58%, 20, 0, 2, 116.53, 131966, 768
12722, 24, 143, 279, 226, 0, 33.58%, 20, 0, 2, 112.66, 132538, 768
12727, 24, 143, 279, 226, 0, 33.58%, 20, 0, 2, 111.86, 133112, 768
12732, 24, 143, 279, 226, 0, 33.58%, 20, 0, 2, 111.42, 133682, 768
12737, 24, 143, 279, 226, 0, 33.58%, 20, 0, 2, 111.45, 134252, 768
12743, 24, 33, 279, 226, 0, 33.58%, 20, 0, 2, 111.55, 134826, 768
12748, 24, 143, 279, 225, 0, 33.58%, 20, 0, 2, 138.83, 135558, 768
12753, 24, 143, 279, 225, 0, 33.58%, 20, 0, 2, 144.95, 136308, 768
12758, 24, 240, 279, 225, 0, 33.58%, 20, 0, 2, 146.27, 137058, 768
12763, 24, 143, 279, 225, 0, 33.58%, 20, 0, 2, 146.70, 137808, 768
12768, 24, 143, 279, 224, 0, 33.58%, 20, 0, 2, 145.56, 138554, 768
12773, 24, 143, 279, 224, 0, 33.58%, 20, 0, 2, 145.42, 139302, 768
12778, 24, 143, 279, 224, 0, 33.58%, 20, 0, 2, 146.59, 140050, 768
12784, 24, 143, 279, 224, 0, 33.58%, 20, 0, 2, 146.22, 140800, 768
12789, 24, 240, 279, 224, 0, 33.58%, 20, 0, 2, 146.63, 141550, 768
12794, 24, 18, 279, 224, 0, 33.58%, 20, 0, 2, 142.91, 142268, 768
12799, 24, 18, 279, 224, 0, 33.58%, 20, 0, 2, 143.52, 143011, 768
12804, 24, 143, 279, 223, 0, 33.58%, 20, 0, 2, 145.92, 143761, 768
12809, 24, 143, 279, 223, 0, 33.58%, 20, 0, 2, 132.89, 144465, 768
12814, 24, 143, 279, 223, 0, 33.58%, 20, 0, 2, 116.08, 145037, 768
12819, 24, 143, 279, 223, 0, 33.58%, 20, 0, 2, 112.49, 145601, 768
12825, 24, 143, 279, 223, 0, 33.58%, 20, 0, 2, 121.84, 146203, 768
12830, 24, 143, 279, 223, 0, 33.58%, 20, 0, 2, 140.97, 146953, 768
12835, 24, 143, 279, 223, 0, 33.58%, 20, 0, 2, 145.31, 147703, 768
12840, 24, 61, 279, 223, 0, 33.58%, 20, 0, 2, 146.06, 148451, 768
12845, 24, 211, 279, 222, 0, 33.58%, 20, 0, 2, 146.71, 149201, 768
12850, 24, 143, 279, 221, 0, 33.58%, 20, 0, 2, 144.68, 149945, 768
12855, 24, 143, 279, 221, 0, 33.58%, 20, 0, 2, 145.03, 150691, 768
12860, 24, 143, 279, 221, 0, 33.58%, 20, 0, 2, 146.33, 151437, 768
12866, 24, 123, 279, 221, 0, 33.58%, 20, 0, 2, 145.85, 152182, 768
12871, 24, 143, 279, 220, 0, 33.58%, 20, 0, 2, 146.59, 152932, 768
12876, 24, 143, 279, 220, 0, 33.58%, 20, 0, 2, 146.65, 153682, 768
12881, 24, 143, 279, 220, 0, 33.58%, 20, 0, 2, 146.71, 154432, 768
12886, 24, 143, 279, 220, 0, 33.58%, 20, 0, 2, 144.83, 155176, 768
12891, 24, 143, 279, 220, 0, 33.58%, 20, 0, 2, 146.28, 155926, 768
12896, 24, 116, 279, 220, 0, 33.58%, 20, 0, 2, 146.64, 156676, 768
12901, 24, 143, 279, 219, 0, 33.58%, 20, 0, 2, 145.95, 157424, 768
12906, 24, 143, 279, 219, 0, 33.58%, 20, 0, 2, 145.75, 158174, 768
12912, 24, 143, 279, 219, 0, 33.58%, 20, 0, 2, 122.50, 158781, 768
12917, 24, 143, 279, 219, 0, 33.58%, 20, 0, 2, 130.15, 159414, 768
12922, 24, 265, 279, 219, 0, 33.58%, 20, 0, 2, 142.72, 160164, 768
12927, 24, 143, 279, 219, 0, 33.58%, 20, 0, 2, 145.62, 160914, 768
12932, 24, 143, 279, 219, 0, 33.58%, 20, 0, 2, 146.29, 161664, 768
12937, 24, 143, 279, 219, 0, 33.58%, 20, 0, 2, 146.66, 162414, 768
12942, 24, 143, 279, 219, 0, 33.58%, 20, 0, 2, 146.64, 163164, 768
12947, 24, 143, 279, 219, 0, 33.58%, 20, 0, 2, 146.45, 163914, 768
12952, 24, 143, 279, 219, 0, 33.58%, 20, 0, 2, 146.89, 164664, 768
12958, 24, 143, 279, 219, 0, 33.58%, 20, 0, 2, 146.55, 165414, 768
12963, 24, 143, 279, 219, 0, 33.58%, 20, 0, 2, 144.77, 166162, 768
12968, 24, 143, 279, 219, 0, 33.58%, 20, 0, 2, 145.95, 166912, 768
12973, 24, 143, 279, 219, 0, 33.58%, 20, 0, 2, 145.88, 167660, 768
12978, 24, 143, 279, 218, 0, 33.58%, 20, 0, 2, 145.90, 168409, 768
12983, 24, 143, 279, 218, 0, 33.58%, 20, 0, 2, 145.61, 169157, 768
12988, 24, 143, 279, 218, 0, 33.58%, 20, 0, 2, 145.24, 169903, 768
12993, 24, 143, 279, 218, 0, 33.58%, 20, 0, 2, 119.20, 170479, 768
12999, 24, 58, 279, 218, 0, 33.58%, 20, 0, 2, 112.91, 171049, 768
13004, 24, 58, 279, 218, 0, 33.58%, 20, 0, 2, 112.07, 171623, 768
13009, 24, 143, 279, 217, 0, 33.58%, 20, 0, 2, 111.56, 172197, 768
13014, 24, 105, 279, 217, 0, 33.58%, 20, 0, 2, 111.41, 172767, 768
13019, 24, 143, 279, 216, 0, 33.58%, 20, 0, 2, 132.95, 173454, 768
13024, 24, 143, 279, 216, 0, 33.58%, 20, 0, 2, 142.99, 174202, 768
13029, 24, 55, 279, 216, 0, 33.58%, 20, 0, 2, 145.79, 174953, 768
13035, 24, 63, 279, 215, 0, 33.58%, 20, 0, 2, 146.13, 175703, 768
13040, 24, 143, 279, 214, 0, 33.58%, 20, 0, 2, 145.38, 176452, 768
13045, 24, 143, 279, 214, 0, 33.58%, 20, 0, 2, 144.26, 177190, 768
13050, 24, 143, 279, 214, 0, 33.58%, 20, 0, 2, 122.83, 177802, 768
13055, 24, 143, 279, 214, 0, 33.58%, 20, 0, 2, 113.82, 178372, 768
13060, 24, 36, 279, 214, 0, 33.58%, 20, 0, 2, 111.08, 178926, 768
13065, 24, 36, 279, 214, 0, 33.58%, 20, 0, 2, 110.30, 179496, 768
13070, 24, 143, 279, 213, 0, 33.58%, 20, 0, 2, 112.17, 180067, 768
13075, 24, 143, 279, 213, 0, 33.58%, 20, 0, 2, 139.59, 180817, 768
13081, 24, 143, 279, 213, 0, 33.58%, 20, 0, 2, 145.02, 181567, 768
13086, 24, 143, 279, 213, 0, 33.58%, 20, 0, 2, 146.15, 182317, 768
13091, 24, 143, 279, 212, 0, 33.58%, 20, 0, 2, 144.30, 183061, 768
13096, 24, 143, 279, 212, 0, 33.58%, 20, 0, 2, 144.16, 183801, 768
13101, 24, 143, 279, 212, 0, 33.58%, 20, 0, 2, 144.99, 184545, 768
13106, 25, 143, 279, 212, 0, 33.58%, 20, 0, 2, 144.80, 185291, 768
13111, 25, 143, 279, 212, 0, 33.58%, 20, 0, 2, 134.41, 185999, 768
13116, 25, 143, 279, 212, 0, 33.58%, 20, 0, 2, 116.51, 186569, 768
13122, 25, 143, 279, 212, 0, 33.58%, 20, 0, 2, 112.55, 187137, 768
13127, 25, 143, 279, 212, 0, 33.58%, 20, 0, 2, 111.56, 187711, 768
13132, 25, 240, 279, 212, 0, 33.58%, 20, 0, 2, 111.75, 188287, 768
13137, 25, 143, 279, 212, 0, 33.58%, 20, 0, 2, 111.50, 188857, 768
13142, 25, 212, 279, 212, 0, 33.58%, 20, 0, 2, 130.06, 189501, 768
13147, 25, 143, 279, 211, 0, 33.58%, 20, 0, 2, 141.27, 190247, 768
13152, 25, 143, 279, 211, 0, 33.58%, 20, 0, 2, 145.44, 190997, 768
13157, 25, 143, 279, 211, 0, 33.58%, 20, 0, 2, 145.89, 191747, 768
13163, 25, 143, 279, 211, 0, 33.58%, 20, 0, 2, 146.57, 192497, 768
13168, 25, 143, 279, 211, 0, 33.58%, 20, 0, 2, 146.18, 193241, 768
13173, 25, 143, 279, 211, 0, 33.58%, 20, 0, 2, 146.52, 193991, 768
13178, 25, 143, 279, 211, 0, 33.58%, 20, 0, 2, 146.57, 194741, 768
13183, 25, 143, 279, 211, 0, 33.58%, 20, 0, 2, 147.07, 195491, 768
13188, 25, 143, 279, 211, 0, 33.58%, 20, 0, 2, 146.08, 196235, 768
13193, 25, 65, 279, 211, 0, 33.58%, 20, 0, 2, 145.28, 196981, 768
13198, 25, 143, 279, 211, 0, 33.58%, 20, 0, 2, 145.55, 197727, 768
13204, 25, 143, 279, 211, 0, 33.58%, 20, 0, 2, 145.80, 198475, 768
13209, 25, 143, 279, 211, 0, 33.58%, 20, 0, 2, 145.83, 199225, 768
13214, 25, 260, 279, 211, 0, 33.58%, 20, 0, 2, 146.25, 199976, 768
13219, 25, 143, 279, 210, 0, 33.58%, 20, 0, 2, 130.29, 200636, 768
13224, 25, 102, 279, 210, 0, 33.58%, 20, 0, 2, 141.00, 201362, 768
13229, 25, 143, 279, 209, 0, 33.58%, 20, 0, 2, 145.86, 202112, 768
13234, 25, 143, 279, 209, 0, 33.58%, 20, 0, 2, 146.24, 202862, 768
13239, 25, 143, 279, 209, 0, 33.58%, 20, 0, 2, 146.60, 203612, 768
13244, 25, 143, 279, 209, 0, 33.58%, 20, 0, 2, 146.93, 204362, 768
13249, 25, 143, 279, 209, 0, 33.58%, 20, 0, 2, 147.03, 205112, 768
13255, 25, 143, 279, 209, 0, 33.58%, 20, 0, 2, 146.80, 205862, 768
13260, 25, 143, 279, 209, 0, 33.58%, 20, 0, 2, 146.79, 206612, 768
13265, 25, 143, 279, 208, 0, 33.58%, 20, 0, 2, 146.02, 207363, 768
13270, 25, 143, 279, 208, 0, 33.58%, 20, 0, 2, 146.25, 208113, 768
13275, 25, 71, 279, 208, 0, 33.58%, 20, 0, 2, 146.73, 208863, 768
13280, 25, 143, 279, 207, 0, 33.58%, 20, 0, 2, 146.33, 209613, 768
13285, 25, 143, 279, 207, 0, 33.58%, 20, 0, 2, 146.73, 210363, 768
13290, 25, 143, 279, 207, 0, 33.58%, 20, 0, 2, 145.82, 211113, 768
13296, 25, 143, 279, 207, 0, 33.58%, 20, 0, 2, 146.20, 211863, 768
13301, 25, 143, 279, 207, 0, 33.58%, 20, 0, 2, 144.68, 212607, 768
13306, 25, 143, 279, 207, 0, 33.58%, 21, 0, 2, 118.28, 213175, 768
13311, 25, 124, 279, 207, 0, 33.58%, 21, 0, 2, 140.67, 213925, 768
13316, 25, 143, 279, 206, 0, 33.58%, 21, 0, 2, 144.92, 214675, 768
13321, 25, 143, 279, 206, 0, 33.58%, 21, 0, 2, 146.13, 215425, 768
13326, 25, 143, 279, 206, 0, 33.58%, 21, 0, 2, 129.85, 216111, 768
13332, 25, 143, 279, 206, 0, 33.58%, 21, 0, 2, 115.56, 216683, 768
13337, 25, 143, 279, 206, 0, 33.58%, 21, 0, 2, 129.51, 217319, 768
13342, 25, 143, 279, 206, 0, 33.58%, 21, 0, 2, 143.17, 218069, 768
13347, 25, 133, 279, 205, 0, 33.58%, 21, 0, 2, 146.05, 218819, 768
13352, 25, 143, 279, 204, 0, 33.58%, 21, 0, 2, 145.94, 219567, 768
13357, 25, 143, 279, 204, 0, 33.58%, 21, 0, 2, 146.40, 220317, 768
13362, 25, 40, 279, 204, 0, 33.58%, 21, 0, 2, 146.21, 221067, 768
13367, 25, 40, 279, 204, 0, 33.58%, 21, 0, 2, 144.81, 221813, 768
13372, 25, 29, 279, 203, 0, 33.58%, 21, 0, 2, 144.05, 222555, 768
13378, 25, 29, 279, 203, 0, 33.58%, 21, 0, 2, 143.16, 223295, 768
13383, 25, 143, 279, 202, 0, 33.58%, 21, 0, 2, 144.97, 224042, 768
13388, 25, 143, 279, 202, 0, 33.58%, 21, 0, 2, 146.09, 224792, 768
13393, 25, 143, 279, 202, 0, 33.58%, 21, 0, 2, 145.69, 225536, 768
13398, 25, 143, 279, 202, 0, 33.58%, 21, 0, 2, 145.14, 226282, 768
13403, 25, 143, 279, 202, 0, 33.58%, 21, 0, 2, 146.06, 227030, 768
13408, 25, 143, 279, 202, 0, 33.58%, 21, 0, 2, 146.48, 227778, 768
13414, 25, 143, 279, 202, 0, 33.58%, 21, 0, 2, 146.19, 228528, 768
13419, 25, 199, 279, 202, 0, 33.58%, 21, 0, 2, 146.26, 229278, 768
13424, 25, 143, 279, 201, 0, 33.58%, 21, 0, 2, 147.09, 230028, 768
13429, 25, 143, 279, 201, 0, 33.58%, 21, 0, 2, 146.38, 230778, 768
13434, 25, 143, 279, 201, 0, 33.58%, 21, 0, 2, 146.56, 231528, 768
13439, 25, 143, 279, 201, 0, 33.58%, 21, 0, 2, 146.35, 232278, 768
13444, 25, 143, 279, 201, 0, 33.58%, 21, 0, 2, 146.50, 233028, 768
13449, 25, 143, 279, 201, 0, 33.58%, 21, 0, 2, 146.50, 233778, 768
13455, 25, 143, 279, 200, 0, 33.58%, 21, 0, 2, 146.25, 234528, 768
13460, 25, 143, 279, 200, 0, 33.58%, 21, 0, 2, 146.19, 235276, 768
13465, 25, 143, 279, 200, 0, 33.58%, 21, 0, 2, 145.41, 236020, 768
13470, 25, 143, 279, 200, 0, 33.58%, 21, 0, 2, 145.97, 236768, 768
13475, 25, 265, 279, 200, 0, 33.58%, 21, 0, 2, 146.16, 237518, 768
13480, 25, 143, 279, 200, 0, 33.58%, 21, 0, 2, 147.08, 238268, 768
13485, 25, 143, 279, 200, 0, 33.58%, 21, 0, 2, 147.02, 239018, 768
13490, 25, 143, 279, 200, 0, 33.58%, 21, 0, 2, 146.53, 239768, 768
13495, 25, 31, 279, 200, 0, 33.58%, 21, 0, 2, 146.74, 240518, 768
13501, 25, 31, 279, 200, 0, 33.58%, 21, 0, 2, 146.61, 241268, 768
13506, 25, 65, 279, 199, 0, 33.58%, 21, 0, 2, 146.82, 242018, 768
13511, 25, 110, 279, 199, 0, 33.58%, 21, 0, 2, 146.85, 242768, 768
13516, 25, 240, 279, 197, 0, 33.58%, 21, 0, 2, 146.88, 243518, 768
13521, 25, 143, 279, 197, 0, 33.58%, 21, 0, 2, 146.47, 244268, 768
13526, 25, 143, 279, 197, 0, 33.58%, 21, 0, 2, 139.68, 244997, 768
13531, 25, 143, 279, 197, 0, 33.58%, 21, 0, 2, 117.50, 245562, 768
13536, 25, 143, 279, 197, 0, 33.58%, 21, 0, 2, 112.71, 246134, 768
13541, 25, 143, 279, 197, 0, 33.58%, 21, 0, 2, 111.89, 246704, 768
13546, 25, 143, 279, 197, 0, 33.58%, 21, 0, 2, 127.47, 247334, 768
13552, 25, 278, 279, 197, 0, 33.58%, 21, 0, 2, 141.51, 248082, 768
13557, 25, 278, 279, 197, 0, 33.58%, 21, 0, 2, 142.49, 248800, 768
13562, 25, 278, 279, 197, 0, 33.58%, 21, 0, 2, 143.05, 249520, 768
13567, 25, 143, 280, 197, 0, 33.62%, 21, 0, 2, 145.47, 250269, 769
13572, 25, 279, 280, 196, 0, 33.62%, 21, 0, 2, 146.17, 251019, 769
13577, 25, 253, 280, 196, 0, 33.62%, 21, 0, 2, 145.75, 251767, 769
13582, 25, 279, 280, 195, 0, 33.62%, 21, 0, 2, 146.47, 252518, 769
13587, 25, 279, 280, 195, 0, 33.62%, 21, 0, 2, 146.23, 253268, 769
13592, 25, 279, 280, 195, 0, 33.62%, 21, 0, 2, 144.84, 254014, 769
13598, 25, 279, 280, 195, 0, 33.62%, 21, 0, 2, 145.96, 254764, 769
13603, 25, 279, 280, 195, 0, 33.62%, 21, 0, 2, 146.27, 255514, 769
13608, 25, 279, 280, 195, 0, 33.62%, 21, 0, 2, 146.45, 256264, 769
13613, 25, 279, 280, 195, 0, 33.62%, 21, 0, 2, 145.93, 257014, 769
13618, 25, 279, 280, 195, 0, 33.62%, 21, 0, 2, 146.50, 257764, 769
13623, 25, 279, 280, 195, 0, 33.62%, 21, 0, 2, 146.62, 258514, 769
13628, 25, 279, 280, 195, 0, 33.62%, 21, 0, 2, 146.42, 259264, 769
13633, 25, 279, 280, 195, 0, 33.62%, 21, 0, 2, 146.94, 260014, 769
13639, 25, 279, 280, 195, 0, 33.62%, 21, 0, 2, 146.88, 260764, 769
13644, 25, 279, 280, 195, 0, 33.62%, 21, 0, 2, 146.59, 261514, 769
13649, 25, 279, 280, 195, 0, 33.62%, 21, 0, 2, 146.91, 262264, 769
13654, 25, 279, 280, 195, 0, 33.62%, 21, 0, 2, 146.22, 263006, 769
13659, 25, 279, 280, 195, 0, 33.62%, 21, 0, 2, 146.92, 263756, 769
13664, 25, 279, 280, 195, 0, 33.62%, 21, 0, 2, 146.80, 264506, 769
13669, 25, 279, 280, 195, 0, 33.62%, 21, 0, 2, 146.76, 265256, 769
13674, 25, 279, 280, 195, 0, 33.62%, 21, 0, 2, 146.54, 266006, 769
13679, 25, 279, 280, 195, 0, 33.62%, 21, 0, 2, 146.40, 266756, 769
13685, 25, 279, 280, 195, 0, 33.62%, 21, 0, 2, 146.92, 267506, 769
13690, 25, 279, 280, 195, 0, 33.62%, 21, 0, 2, 146.98, 268256, 769
13695, 25, 279, 280, 195, 0, 33.62%, 21, 0, 2, 146.99, 269006, 769
13700, 25, 279, 280, 195, 0, 33.62%, 21, 0, 2, 146.37, 269756, 769
13705, 25, 279, 280, 195, 0, 33.62%, 21, 0, 2, 146.44, 270506, 769
13710, 25, 279, 280, 195, 0, 33.62%, 21, 0, 2, 146.26, 271256, 769
13715, 25, 279, 280, 195, 0, 33.62%, 21, 0, 2, 146.89, 272006, 769
13720, 25, 279, 280, 195, 0, 33.62%, 21, 0, 2, 147.57, 272756, 769
13725, 25, 279, 280, 195, 0, 33.62%, 21, 0, 2, 146.12, 273506, 769
13731, 25, 279, 280, 195, 0, 33.62%, 21, 0, 2, 146.61, 274256, 769
13736, 25, 279, 280, 195, 0, 33.62%, 21, 0, 2, 144.50, 274990, 769
13741, 25, 279, 280, 195, 0, 33.62%, 21, 0, 2, 145.31, 275740, 769
13746, 25, 279, 280, 195, 0, 33.62%, 21, 0, 2, 144.32, 276482, 769
13751, 25, 279, 280, 195, 0, 33.62%, 21, 0, 2, 145.95, 277230, 769
13756, 25, 279, 280, 195, 0, 33.62%, 21, 0, 2, 146.38, 277980, 769
13761, 25, 279, 280, 195, 0, 33.62%, 21, 0, 2, 146.88, 278730, 769
13766, 25, 144, 280, 195, 0, 33.62%, 21, 0, 2, 146.59, 279480, 769
13772, 25, 279, 280, 194, 0, 33.62%, 21, 0, 2, 146.45, 280231, 769
13777, 25, 279, 280, 194, 0, 33.62%, 21, 0, 2, 145.70, 280973, 769
13782, 25, 279, 280, 194, 0, 33.62%, 21, 0, 2, 144.93, 281719, 769
13787, 25, 153, 280, 194, 0, 33.62%, 21, 0, 2, 145.64, 282469, 769
13792, 25, 279, 280, 193, 0, 33.62%, 21, 0, 2, 143.25, 283207, 769
13797, 25, 279, 280, 193, 0, 33.62%, 21, 0, 2, 130.89, 283823, 769
13802, 25, 279, 280, 193, 0, 33.62%, 21, 0, 2, 143.38, 284573, 769
13807, 25, 279, 280, 193, 0, 33.62%, 21, 0, 2, 146.06, 285323, 769
13813, 25, 279, 280, 193, 0, 33.62%, 21, 0, 2, 146.68, 286073, 769
13818, 25, 279, 280, 193, 0, 33.62%, 21, 0, 2, 146.66, 286823, 769
13823, 25, 279, 280, 193, 0, 33.62%, 21, 0, 2, 146.72, 287573, 769
13828, 25, 279, 280, 193, 0, 33.62%, 21, 0, 2, 145.70, 288319, 769
13833, 25, 279, 280, 193, 0, 33.62%, 21, 0, 2, 146.40, 289067, 769
13838, 25, 279, 280, 193, 0, 33.62%, 21, 0, 2, 134.49, 289777, 769
13843, 25, 279, 280, 193, 0, 33.62%, 21, 0, 2, 116.36, 290347, 769
13848, 25, 279, 280, 193, 0, 33.62%, 21, 0, 2, 122.42, 290943, 769
13853, 25, 279, 280, 193, 0, 33.62%, 21, 0, 2, 141.86, 291693, 769
13859, 25, 22, 280, 193, 0, 33.62%, 21, 0, 2, 145.54, 292443, 769
13864, 25, 279, 280, 193, 0, 33.62%, 21, 0, 2, 146.38, 293193, 769
13869, 25, 279, 280, 193, 0, 33.62%, 21, 0, 2, 146.47, 293943, 769
13874, 25, 279, 280, 193, 0, 33.62%, 21, 0, 2, 146.29, 294693, 769
13879, 25, 279, 280, 193, 0, 33.62%, 21, 0, 2, 146.65, 295443, 769
13884, 25, 279, 280, 193, 0, 33.62%, 21, 0, 2, 146.65, 296193, 769
13889, 25, 279, 280, 193, 0, 33.62%, 21, 0, 2, 147.04, 296943, 769
13894, 25, 279, 280, 193, 0, 33.62%, 21, 0, 2, 146.77, 297693, 769
13899, 25, 279, 280, 193, 0, 33.62%, 21, 0, 2, 146.68, 298443, 769
13905, 25, 279, 280, 193, 0, 33.62%, 21, 0, 2, 146.76, 299193, 769
13910, 25, 279, 280, 193, 0, 33.62%, 21, 0, 2, 146.79, 299943, 769
13915, 25, 279, 280, 193, 0, 33.62%, 21, 0, 2, 146.70, 300693, 769
13920, 25, 279, 280, 193, 0, 33.62%, 21, 0, 2, 146.55, 301443, 769
13925, 25, 279, 280, 193, 0, 33.62%, 21, 0, 2, 146.20, 302193, 769
13930, 25, 279, 280, 193, 0, 33.62%, 21, 0, 2, 146.42, 302941, 769
13935, 25, 279, 280, 193, 0, 33.62%, 21, 0, 2, 145.13, 303689, 769
13940, 25, 279, 280, 193, 0, 33.62%, 21, 0, 2, 146.26, 304439, 769
13946, 25, 279, 280, 193, 0, 33.62%, 21, 0, 2, 145.49, 305183, 769
13951, 25, 279, 280, 193, 0, 33.62%, 21, 0, 2, 146.12, 305933, 769
13956, 25, 279, 280, 193, 0, 33.62%, 21, 0, 2, 146.09, 306683, 769
13961, 25, 279, 280, 193, 0, 33.62%, 21, 0, 2, 146.59, 307433, 769
13966, 25, 279, 280, 193, 0, 33.62%, 21, 0, 2, 145.02, 308177, 769
13971, 25, 279, 280, 193, 0, 33.62%, 21, 0, 2, 146.06, 308927, 769
13976, 25, 279, 280, 193, 0, 33.62%, 21, 0, 2, 146.47, 309677, 769
13981, 25, 279, 280, 193, 0, 33.62%, 21, 0, 2, 146.30, 310427, 769
13987, 25, 279, 280, 193, 0, 33.62%, 21, 0, 2, 146.43, 311177, 769
13992, 25, 279, 280, 193, 0, 33.62%, 21, 0, 2, 146.31, 311927, 769
13997, 25, 279, 280, 193, 0, 33.62%, 21, 0, 2, 146.53, 312677, 769
14002, 25, 279, 280, 193, 0, 33.62%, 21, 0, 2, 146.48, 313427, 769
14007, 25, 279, 280, 193, 0, 33.62%, 21, 0, 2, 145.25, 314165, 769
14012, 25, 279, 280, 193, 0, 33.62%, 21, 0, 2, 146.04, 314915, 769
14017, 25, 279, 280, 193, 0, 33.62%, 21, 0, 2, 146.45, 315663, 769
14022, 25, 279, 280, 193, 0, 33.62%, 21, 0, 2, 146.62, 316413, 769
14028, 25, 228, 280, 193, 0, 33.62%, 21, 0, 2, 144.37, 317151, 769
14033, 25, 279, 280, 193, 0, 33.62%, 21, 0, 2, 145.79, 317901, 769
14038, 25, 279, 280, 193, 0, 33.62%, 21, 0, 2, 145.61, 318651, 769
14043, 25, 279, 280, 193, 0, 33.62%, 21, 0, 2, 145.74, 319401, 769
14048, 25, 279, 280, 193, 0, 33.62%, 21, 0, 2, 146.44, 320151, 769
14053, 25, 279, 280, 193, 0, 33.62%, 21, 0, 2, 146.72, 320901, 769
14058, 25, 279, 280, 193, 0, 33.62%, 21, 0, 2, 146.28, 321651, 769
14063, 25, 279, 280, 193, 0, 33.62%, 21, 0, 2, 146.30, 322401, 769
14069, 25, 279, 280, 193, 0, 33.62%, 21, 0, 2, 146.57, 323151, 769
14074, 25, 279, 280, 193, 0, 33.62%, 21, 0, 2, 146.54, 323901, 769
14079, 25, 200, 280, 193, 0, 33.62%, 21, 0, 2, 125.48, 324515, 769
14084, 25, 279, 280, 192, 0, 33.62%, 21, 0, 2, 142.92, 325265, 769
14089, 25, 279, 280, 192, 0, 33.62%, 21, 0, 2, 145.96, 326015, 769
14094, 25, 279, 280, 192, 0, 33.62%, 21, 0, 2, 145.91, 326765, 769
14099, 25, 279, 280, 192, 0, 33.62%, 21, 0, 2, 146.85, 327517, 769
14104, 25, 279, 280, 192, 0, 33.62%, 21, 0, 2, 146.92, 328265, 769
14109, 25, 279, 280, 192, 0, 33.62%, 21, 0, 2, 146.65, 329015, 769
14115, 25, 279, 280, 192, 0, 33.62%, 21, 0, 2, 145.24, 329763, 769
14120, 25, 279, 280, 192, 0, 33.62%, 21, 0, 2, 146.41, 330513, 769
14125, 25, 279, 280, 192, 0, 33.62%, 21, 0, 2, 147.06, 331263, 769
14130, 25, 265, 280, 192, 0, 33.62%, 21, 0, 2, 146.83, 332013, 769
14135, 25, 279, 280, 192, 0, 33.62%, 21, 0, 2, 146.61, 332763, 769
14140, 25, 279, 280, 192, 0, 33.62%, 21, 0, 2, 146.91, 333513, 769
14145, 25, 279, 280, 192, 0, 33.62%, 21, 0, 2, 146.24, 334263, 769
14150, 26, 279, 280, 192, 0, 33.62%, 21, 0, 2, 146.58, 335013, 769
14155, 26, 279, 280, 192, 0, 33.62%, 21, 0, 2, 146.75, 335763, 769
14161, 26, 279, 280, 192, 0, 33.62%, 21, 0, 2, 146.28, 336513, 769
14166, 26, 279, 280, 192, 0, 33.62%, 21, 0, 2, 146.22, 337263, 769
14171, 26, 235, 280, 192, 0, 33.62%, 21, 0, 2, 146.37, 338013, 769
14176, 26, 279, 280, 191, 0, 33.62%, 21, 0, 2, 146.29, 338764, 769
14181, 26, 279, 280, 191, 0, 33.62%, 21, 0, 2, 146.93, 339514, 769
14186, 26, 279, 280, 191, 0, 33.62%, 21, 0, 2, 146.31, 340264, 769
14191, 26, 279, 280, 191, 0, 33.62%, 21, 0, 2, 145.78, 341014, 769
14197, 26, 279, 280, 191, 0, 33.62%, 21, 0, 2, 144.34, 341738, 769
14202, 26, 279, 280, 191, 0, 33.62%, 21, 0, 2, 146.25, 342488, 769
14207, 26, 279, 280, 191, 0, 33.62%, 21, 0, 2, 147.25, 343238, 769
14212, 26, 279, 280, 191, 0, 33.62%, 21, 0, 2, 147.20, 343988, 769
14217, 26, 279, 280, 191, 0, 33.62%, 21, 0, 2, 145.69, 344734, 769
14222, 26, 279, 280, 191, 0, 33.62%, 21, 0, 2, 146.15, 345484, 769
14227, 26, 279, 280, 191, 0, 33.62%, 21, 0, 2, 146.27, 346234, 769
14232, 26, 279, 280, 191, 0, 33.62%, 21, 0, 2, 146.40, 346984, 769
14237, 26, 279, 280, 191, 0, 33.62%, 21, 0, 2, 146.26, 347734, 769
14243, 26, 279, 280, 191, 0, 33.62%, 21, 0, 2, 146.90, 348484, 769
14248, 26, 279, 280, 191, 0, 33.62%, 21, 0, 2, 146.83, 349234, 769
14253, 26, 279, 280, 191, 0, 33.62%, 21, 0, 2, 145.51, 349982, 769
14258, 26, 279, 280, 191, 0, 33.62%, 21, 0, 2, 146.27, 350732, 769
14263, 26, 279, 280, 191, 0, 33.62%, 21, 0, 2, 145.95, 351482, 769
14268, 26, 279, 280, 191, 0, 33.62%, 21, 0, 2, 145.38, 352228, 769
14273, 26, 279, 280, 191, 0, 33.62%, 21, 0, 2, 146.15, 352978, 769
14279, 26, 279, 280, 191, 0, 33.62%, 21, 0, 2, 146.47, 353728, 769
14284, 26, 279, 280, 191, 0, 33.62%, 21, 0, 2, 145.82, 354474, 769
14289, 26, 279, 280, 191, 0, 33.62%, 21, 0, 2, 146.56, 355224, 769
14294, 26, 279, 280, 191, 0, 33.62%, 21, 0, 2, 146.48, 355974, 769
14299, 26, 279, 280, 191, 0, 33.62%, 22, 0, 2, 145.56, 356724, 769
14304, 26, 279, 280, 191, 0, 33.62%, 22, 0, 2, 140.23, 357454, 769
14309, 26, 279, 280, 191, 0, 33.62%, 22, 0, 2, 138.52, 358138, 769
14314, 26, 279, 280, 191, 0, 33.62%, 22, 0, 2, 144.65, 358886, 769
14320, 26, 279, 280, 191, 0, 33.62%, 22, 0, 2, 144.29, 359622, 769
14325, 26, 279, 280, 191, 0, 33.62%, 22, 0, 2, 145.74, 360372, 769
14330, 26, 279, 280, 191, 0, 33.62%, 22, 0, 2, 146.06, 361116, 769
14335, 26, 279, 280, 191, 0, 33.62%, 22, 0, 2, 146.20, 361866, 769
14340, 26, 279, 280, 191, 0, 33.62%, 22, 0, 2, 146.31, 362616, 769
14345, 26, 279, 280, 191, 0, 33.62%, 22, 0, 2, 146.98, 363366, 769
14350, 26, 38, 280, 191, 0, 33.62%, 22, 0, 2, 145.20, 364114, 769
14355, 26, 38, 280, 191, 0, 33.62%, 22, 0, 2, 145.35, 364864, 769
14361, 26, 279, 280, 190, 0, 33.62%, 22, 0, 2, 146.83, 365614, 769
14366, 26, 279, 280, 190, 0, 33.62%, 22, 0, 2, 146.69, 366374, 769
14371, 26, 279, 280, 190, 0, 33.62%, 22, 0, 2, 146.52, 367132, 769
14376, 26, 279, 280, 190, 0, 33.62%, 22, 0, 2, 147.20, 367893, 769
14381, 26, 279, 280, 190, 0, 33.62%, 22, 0, 2, 145.94, 368645, 769
14386, 26, 279, 280, 190, 0, 33.62%, 22, 0, 2, 145.62, 369392, 769
14392, 26, 279, 280, 190, 0, 33.62%, 22, 0, 2, 145.61, 370145, 769
14397, 26, 279, 280, 190, 0, 33.62%, 22, 0, 2, 145.65, 370899, 769
14402, 26, 279, 280, 190, 0, 33.62%, 22, 0, 2, 121.33, 371495, 769
14407, 26, 279, 280, 190, 0, 33.62%, 22, 0, 2, 113.19, 372053, 769
14412, 26, 279, 280, 190, 0, 33.62%, 22, 0, 2, 136.56, 372768, 769
14417, 26, 279, 280, 190, 0, 33.62%, 22, 0, 2, 144.42, 373521, 769
14422, 26, 279, 280, 190, 0, 33.62%, 22, 0, 2, 145.21, 374276, 769
14427, 26, 279, 280, 190, 0, 33.62%, 22, 0, 2, 145.21, 375024, 769
14433, 26, 279, 280, 190, 0, 33.62%, 22, 0, 2, 144.67, 375771, 769
14438, 26, 279, 280, 190, 0, 33.62%, 22, 0, 2, 146.46, 376528, 769
14443, 26, 279, 280, 190, 0, 33.62%, 22, 0, 2, 145.73, 377282, 769
14448, 26, 279, 280, 190, 0, 33.62%, 22, 0, 2, 139.51, 378011, 769
14453, 26, 279, 280, 190, 0, 33.62%, 22, 0, 2, 117.25, 378570, 769
14458, 26, 279, 280, 190, 0, 33.62%, 22, 0, 2, 112.48, 379130, 769
14463, 26, 279, 280, 190, 0, 33.62%, 22, 0, 2, 130.21, 379776, 769
14468, 26, 279, 280, 190, 0, 33.62%, 22, 0, 2, 142.22, 380526, 769
14474, 26, 279, 280, 190, 0, 33.62%, 22, 0, 2, 144.23, 381270, 769
14479, 26, 279, 280, 190, 0, 33.62%, 22, 0, 2, 143.89, 382012, 769
14484, 26, 279, 280, 190, 0, 33.62%, 22, 0, 2, 144.50, 382759, 769
14489, 26, 279, 280, 190, 0, 33.62%, 22, 0, 2, 145.24, 383507, 769
14494, 26, 279, 280, 190, 0, 33.62%, 22, 0, 2, 145.36, 384257, 769
14499, 26, 279, 280, 190, 0, 33.62%, 22, 0, 2, 143.75, 384999, 769
14504, 26, 279, 280, 190, 0, 33.62%, 22, 0, 2, 146.23, 385755, 769
14510, 26, 279, 280, 190, 0, 33.62%, 22, 0, 2, 145.38, 386505, 769
14515, 26, 279, 280, 190, 0, 33.62%, 22, 0, 2, 146.13, 387263, 769
14520, 26, 279, 280, 190, 0, 33.62%, 22, 0, 2, 146.37, 388022, 769
14525, 26, 279, 280, 190, 0, 33.62%, 22, 0, 2, 146.66, 388782, 769
14530, 26, 279, 280, 190, 0, 33.62%, 22, 0, 2, 145.39, 389533, 769
14536, 26, 279, 280, 190, 0, 33.62%, 22, 0, 2, 146.47, 390293, 769
14541, 26, 279, 280, 190, 0, 33.62%, 22, 0, 2, 146.29, 391053, 769
14546, 26, 228, 280, 190, 0, 33.62%, 22, 0, 2, 146.13, 391811, 769
14551, 26, 279, 280, 190, 0, 33.62%, 22, 0, 2, 145.83, 392560, 769
14556, 26, 279, 280, 190, 0, 33.62%, 22, 0, 2, 145.82, 393315, 769
14561, 26, 255, 280, 190, 0, 33.62%, 22, 0, 2, 145.42, 394066, 769
14567, 26, 279, 280, 189, 0, 33.62%, 22, 0, 2, 146.06, 394817, 769
14572, 26, 279, 280, 189, 0, 33.62%, 22, 0, 2, 146.47, 395567, 769
14577, 26, 279, 280, 189, 0, 33.62%, 22, 0, 2, 146.34, 396317, 769
14582, 26, 279, 280, 189, 0, 33.62%, 22, 0, 2, 145.97, 397067, 769
14587, 26, 279, 280, 189, 0, 33.62%, 22, 0, 2, 146.36, 397817, 769
14592, 26, 279, 280, 189, 0, 33.62%, 22, 0, 2, 146.09, 398567, 769
14597, 26, 279, 280, 189, 0, 33.62%, 22, 0, 2, 146.76, 399317, 769
14602, 26, 279, 280, 189, 0, 33.62%, 22, 0, 2, 146.25, 400067, 769
14608, 26, 279, 280, 189, 0, 33.62%, 22, 0, 2, 145.61, 400809, 769
14613, 26, 279, 280, 189, 0, 33.62%, 22, 0, 2, 146.09, 401559, 769
14618, 26, 279, 280, 189, 0, 33.62%, 22, 0, 2, 145.96, 402309, 769
14623, 26, 279, 280, 189, 0, 33.62%, 22, 0, 2, 147.27, 403059, 769
14628, 26, 279, 280, 189, 0, 33.62%, 22, 0, 2, 147.05, 403809, 769
14633, 26, 279, 280, 189, 0, 33.62%, 22, 0, 2, 146.68, 404559, 769
14638, 26, 279, 280, 189, 0, 33.62%, 22, 0, 2, 146.73, 405309, 769
14643, 26, 279, 280, 189, 0, 33.62%, 22, 0, 2, 146.19, 406059, 769
14649, 26, 279, 280, 189, 0, 33.62%, 22, 0, 2, 146.60, 406809, 769
14654, 26, 279, 280, 189, 0, 33.62%, 22, 0, 2, 146.36, 407559, 769
14659, 26, 279, 280, 189, 0, 33.62%, 22, 0, 2, 146.62, 408309, 769
14664, 26, 22, 280, 189, 0, 33.62%, 22, 0, 2, 144.59, 409049, 769
14669, 26, 279, 280, 189, 0, 33.62%, 22, 0, 2, 146.57, 409799, 769
14674, 26, 2, 280, 189, 0, 33.62%, 22, 0, 2, 142.77, 410535, 769
14679, 26, 2, 280, 189, 0, 33.62%, 22, 0, 2, 142.28, 411251, 769
14684, 26, 279, 280, 188, 0, 33.62%, 22, 0, 2, 144.66, 412001, 769
14689, 26, 279, 280, 188, 0, 33.62%, 22, 0, 2, 145.58, 412745, 769
14695, 26, 279, 280, 188, 0, 33.62%, 22, 0, 2, 145.86, 413495, 769
14700, 26, 241, 281, 189, 0, 33.62%, 22, 0, 3, 146.24, 414244, 769
14705, 26, 279, 281, 188, 0, 33.62%, 22, 0, 3, 146.75, 414994, 769
14710, 26, 279, 281, 188, 0, 33.62%, 22, 0, 3, 146.31, 415744, 769
14715, 26, 218, 281, 188, 0, 33.62%, 22, 0, 3, 146.76, 416495, 769
14720, 26, 279, 281, 187, 0, 33.62%, 22, 0, 3, 146.60, 417245, 769
14725, 26, 53, 281, 187, 0, 33.62%, 22, 0, 3, 146.92, 417995, 769
14730, 26, 279, 281, 186, 0, 33.62%, 22, 0, 3, 146.85, 418745, 769
14736, 26, 279, 281, 186, 0, 33.62%, 22, 0, 3, 146.91, 419495, 769
14741, 26, 279, 281, 186, 0, 33.62%, 22, 0, 3, 144.59, 420239, 769
14746, 26, 279, 281, 185, 0, 33.62%, 22, 0, 3, 144.85, 420990, 769
14751, 26, 279, 282, 186, 0, 33.62%, 22, 0, 3, 145.09, 421730, 769
14756, 26, 279, 282, 186, 0, 33.62%, 22, 0, 3, 146.21, 422480, 769
14761, 26, 279, 282, 186, 0, 33.62%, 22, 0, 3, 145.99, 423228, 769
14766, 26, 246, 282, 186, 0, 33.62%, 22, 0, 3, 146.21, 423978, 769
14772, 26, 279, 282, 185, 0, 33.62%, 22, 0, 3, 145.29, 424723, 769
14777, 26, 279, 282, 185, 0, 33.62%, 22, 0, 3, 132.90, 425427, 769
14782, 26, 279, 282, 185, 0, 33.62%, 22, 0, 3, 115.90, 425995, 769
14787, 26, 279, 282, 185, 0, 33.62%, 22, 0, 3, 112.21, 426563, 769
14792, 26, 279, 282, 185, 0, 33.62%, 22, 0, 3, 111.50, 427129, 769
14797, 26, 279, 282, 185, 0, 33.62%, 22, 0, 3, 111.28, 427695, 769
14802, 26, 279, 282, 185, 0, 33.62%, 22, 0, 3, 111.37, 428265, 769
14807, 26, 265, 282, 185, 0, 33.62%, 22, 0, 3, 111.46, 428839, 769
14812, 26, 279, 282, 185, 0, 33.62%, 22, 0, 3, 126.14, 429465, 769
14818, 26, 279, 282, 185, 0, 33.62%, 22, 0, 3, 141.17, 430207, 769
14823, 26, 279, 282, 185, 0, 33.62%, 22, 0, 3, 144.96, 430955, 769
14828, 26, 279, 282, 185, 0, 33.62%, 22, 0, 3, 146.13, 431703, 769
14833, 26, 279, 282, 185, 0, 33.62%, 22, 0, 3, 146.30, 432453, 769
14838, 26, 279, 282, 185, 0, 33.62%, 22, 0, 3, 140.47, 433183, 769
14843, 26, 279, 282, 185, 0, 33.62%, 22, 0, 3, 124.32, 433773, 769
14848, 26, 279, 282, 185, 0, 33.62%, 22, 0, 3, 142.45, 434523, 769
14853, 26, 279, 282, 185, 0, 33.62%, 22, 0, 3, 145.30, 435269, 769
14858, 26, 279, 282, 185, 0, 33.62%, 22, 0, 3, 145.80, 436017, 769
14864, 26, 279, 282, 185, 0, 33.62%, 22, 0, 3, 146.30, 436767, 769
14869, 26, 279, 282, 185, 0, 33.62%, 22, 0, 3, 145.32, 437508, 769
14874, 26, 279, 282, 185, 0, 33.62%, 22, 0, 3, 145.47, 438257, 769
14879, 26, 279, 282, 185, 0, 33.62%, 22, 0, 3, 146.04, 439007, 769
14884, 26, 279, 282, 185, 0, 33.62%, 22, 0, 3, 129.86, 439665, 769
14889, 26, 192, 282, 185, 0, 33.62%, 22, 0, 3, 115.35, 440233, 769
14894, 26, 279, 282, 184, 0, 33.62%, 22, 0, 3, 112.26, 440805, 769
14899, 26, 279, 282, 184, 0, 33.62%, 22, 0, 3, 111.63, 441379, 769
14904, 26, 279, 282, 184, 0, 33.62%, 22, 0, 3, 111.34, 441945, 769
14910, 26, 279, 282, 184, 0, 33.62%, 22, 0, 3, 111.56, 442517, 769
14915, 26, 279, 282, 184, 0, 33.62%, 22, 0, 3, 111.45, 443085, 769
14920, 26, 279, 282, 184, 0, 33.62%, 22, 0, 3, 111.57, 443657, 769
14925, 26, 240, 282, 184, 0, 33.62%, 22, 0, 3, 111.75, 444229, 769
14930, 26, 279, 282, 184, 0, 33.62%, 22, 0, 3, 122.35, 444833, 769
14935, 26, 279, 282, 184, 0, 33.62%, 22, 0, 3, 139.95, 445575, 769
14940, 26, 213, 282, 184, 0, 33.62%, 22, 0, 3, 143.00, 446315, 769
14945, 26, 279, 282, 183, 0, 33.62%, 22, 0, 3, 144.53, 447057, 769
14951, 26, 279, 282, 183, 0, 33.62%, 22, 0, 3, 145.70, 447807, 769
14956, 26, 5, 282, 183, 0, 33.62%, 22, 0, 3, 143.20, 448543, 769
14961, 26, 5, 282, 183, 0, 33.62%, 22, 0, 3, 139.22, 449245, 769
14966, 26, 279, 282, 182, 0, 33.62%, 22, 0, 3, 142.51, 449967, 769
14971, 26, 279, 282, 182, 0, 33.62%, 22, 0, 3, 145.57, 450718, 769
14976, 26, 279, 282, 182, 0, 33.62%, 22, 0, 3, 146.41, 451468, 769
14981, 26, 279, 282, 182, 0, 33.62%, 22, 0, 3, 146.27, 452218, 769
14986, 26, 279, 282, 182, 0, 33.62%, 22, 0, 3, 145.62, 452962, 769
14991, 26, 265, 282, 182, 0, 33.62%, 22, 0, 3, 146.59, 453712, 769
14997, 26, 279, 282, 182, 0, 33.62%, 22, 0, 3, 145.99, 454460, 769
15002, 26, 279, 282, 182, 0, 33.62%, 22, 0, 3, 146.20, 455210, 769
15007, 26, 279, 282, 182, 0, 33.62%, 22, 0, 3, 146.19, 455960, 769
15012, 26, 279, 282, 182, 0, 33.62%, 22, 0, 3, 146.19, 456710, 769
15017, 26, 279, 282, 182, 0, 33.62%, 22, 0, 3, 146.02, 457458, 769
15022, 27, 279, 282, 182, 0, 33.62%, 22, 0, 3, 146.55, 458208, 769
15027, 27, 279, 282, 182, 0, 33.62%, 22, 0, 3, 146.47, 458958, 769
15032, 27, 279, 282, 182, 0, 33.62%, 22, 0, 3, 146.25, 459708, 769
15038, 27, 279, 282, 182, 0, 33.62%, 22, 0, 3, 145.79, 460458, 769
15043, 27, 279, 282, 182, 0, 33.62%, 22, 0, 3, 146.35, 461208, 769
15048, 27, 279, 282, 182, 0, 33.62%, 22, 0, 3, 146.25, 461958, 769
15053, 27, 279, 282, 182, 0, 33.62%, 22, 0, 3, 146.54, 462708, 769
15058, 27, 279, 283, 183, 0, 33.62%, 22, 0, 3, 146.36, 463456, 769
15063, 27, 279, 283, 183, 0, 33.62%, 22, 0, 3, 145.53, 464204, 769
15068, 27, 279, 283, 183, 0, 33.62%, 22, 0, 3, 145.85, 464954, 769
15073, 27, 279, 284, 184, 0, 33.62%, 22, 0, 3, 145.78, 465702, 769
15079, 27, 240, 284, 184, 0, 33.62%, 22, 0, 3, 146.09, 466452, 769
15084, 27, 279, 284, 184, 0, 33.62%, 22, 0, 3, 146.59, 467202, 769
15089, 27, 12, 284, 184, 0, 33.62%, 22, 0, 3, 145.78, 467952, 769
15094, 27, 12, 284, 184, 0, 33.62%, 22, 0, 3, 142.79, 468668, 769
15099, 27, 279, 284, 183, 0, 33.62%, 22, 0, 3, 144.08, 469415, 769
15104, 27, 279, 284, 183, 0, 33.62%, 22, 0, 3, 146.39, 470165, 769
15109, 27, 279, 284, 183, 0, 33.62%, 22, 0, 3, 125.76, 470797, 769
15114, 27, 279, 284, 183, 0, 33.62%, 22, 0, 3, 123.85, 471433, 769
15119, 27, 279, 284, 183, 0, 33.62%, 22, 0, 3, 113.28, 472001, 769
15124, 27, 279, 284, 183, 0, 33.62%, 22, 0, 3, 111.72, 472573, 769
15130, 27, 15, 284, 183, 0, 33.62%, 22, 0, 3, 108.00, 473129, 769
15135, 27, 15, 284, 183, 0, 33.62%, 22, 0, 3, 106.99, 473679, 769
15140, 27, 15, 284, 183, 0, 33.62%, 22, 0, 3, 107.03, 474230, 769
15145, 27, 279, 284, 182, 0, 33.62%, 22, 0, 3, 110.48, 474800, 769
15150, 27, 279, 284, 182, 0, 33.62%, 22, 0, 3, 111.30, 475370, 769
15155, 27, 279, 284, 182, 0, 33.62%, 22, 0, 3, 111.39, 475934, 769
15160, 27, 279, 284, 182, 0, 33.62%, 22, 0, 3, 110.98, 476496, 769
15165, 27, 279, 285, 183, 0, 33.62%, 22, 0, 3, 134.99, 477198, 769
15171, 27, 279, 285, 183, 0, 33.62%, 22, 0, 3, 143.76, 477948, 769
15176, 27, 279, 285, 183, 0, 33.62%, 22, 0, 3, 144.90, 478696, 769
15181, 27, 279, 285, 183, 0, 33.62%, 22, 0, 3, 144.42, 479438, 769
15186, 27, 279, 285, 183, 0, 33.62%, 22, 0, 3, 144.11, 480182, 769
15191, 27, 279, 285, 183, 0, 33.62%, 22, 0, 3, 144.85, 480928, 769
15196, 27, 279, 285, 183, 0, 33.62%, 22, 0, 3, 144.75, 481676, 769
15201, 27, 279, 285, 183, 0, 33.62%, 22, 0, 3, 144.57, 482422, 769
15207, 27, 101, 285, 183, 0, 33.62%, 22, 0, 3, 145.13, 483168, 769
15212, 27, 279, 285, 182, 0, 33.62%, 22, 0, 3, 144.34, 483914, 769
15217, 27, 279, 285, 182, 0, 33.62%, 22, 0, 3, 145.44, 484656, 769
15222, 27, 42, 285, 182, 0, 33.62%, 22, 0, 3, 144.46, 485402, 769
15227, 27, 42, 285, 182, 0, 33.62%, 22, 0, 3, 144.10, 486148, 769
15232, 27, 268, 285, 181, 0, 33.62%, 22, 0, 3, 142.43, 486887, 769
15237, 27, 268, 285, 181, 0, 33.62%, 22, 0, 3, 139.97, 487603, 769
15242, 27, 268, 285, 181, 0, 33.62%, 22, 0, 3, 141.69, 488318, 769
15248, 27, 279, 285, 180, 0, 33.62%, 22, 0, 3, 145.12, 489068, 769
15253, 27, 279, 285, 180, 0, 33.62%, 22, 0, 3, 145.31, 489814, 769
15258, 27, 279, 285, 180, 0, 33.62%, 22, 0, 3, 145.43, 490564, 769
15263, 27, 279, 285, 179, 0, 33.62%, 22, 0, 3, 146.03, 491313, 769
15268, 27, 279, 285, 179, 0, 33.62%, 22, 0, 3, 146.29, 492063, 769
15273, 27, 279, 285, 179, 0, 33.62%, 22, 0, 3, 145.95, 492808, 769
15278, 27, 279, 285, 179, 0, 33.62%, 22, 0, 3, 144.09, 493547, 769
15284, 27, 279, 285, 179, 0, 33.62%, 22, 0, 3, 143.22, 494275, 769
15289, 27, 279, 285, 179, 0, 33.62%, 22, 0, 3, 145.11, 495025, 769
15294, 27, 279, 285, 179, 0, 33.62%, 22, 0, 3, 145.88, 495775, 769
15299, 27, 279, 285, 179, 0, 33.62%, 22, 0, 3, 145.79, 496525, 769
15304, 27, 279, 285, 179, 0, 33.62%, 22, 0, 3, 145.47, 497271, 769
15309, 27, 279, 285, 179, 0, 33.62%, 22, 0, 3, 145.91, 498019, 769
15314, 27, 279, 285, 179, 0, 33.62%, 22, 0, 3, 146.50, 498769, 769
15319, 27, 279, 285, 179, 0, 33.62%, 22, 0, 3, 146.12, 499519, 769
15325, 27, 22, 285, 179, 0, 33.62%, 22, 0, 3, 146.10, 500269, 769
15330, 27, 265, 285, 179, 0, 33.62%, 22, 0, 3, 146.14, 501019, 769
15335, 27, 279, 285, 179, 0, 33.62%, 22, 0, 3, 145.99, 501768, 769
15340, 27, 279, 285, 179, 0, 33.62%, 22, 0, 3, 146.14, 502519, 769
15345, 27, 279, 285, 179, 0, 33.62%, 22, 0, 3, 146.35, 503269, 769
15350, 27, 279, 285, 179, 0, 33.62%, 22, 0, 3, 146.56, 504019, 769
15355, 27, 279, 285, 179, 0, 33.62%, 22, 0, 3, 144.83, 504763, 769
15361, 27, 279, 285, 179, 0, 33.62%, 22, 0, 3, 144.82, 505509, 769
15366, 27, 279, 285, 179, 0, 33.62%, 22, 0, 3, 145.89, 506259, 769
15371, 27, 279, 285, 179, 0, 33.62%, 22, 0, 3, 143.87, 506999, 769
15376, 27, 279, 285, 179, 0, 33.62%, 22, 0, 3, 144.54, 507743, 769
15381, 27, 279, 285, 179, 0, 33.62%, 22, 0, 3, 144.58, 508487, 769
15386, 27, 279, 285, 179, 0, 33.62%, 22, 0, 3, 143.17, 509219, 769
15391, 27, 279, 285, 179, 0, 33.62%, 22, 0, 3, 144.44, 509965, 769
15397, 27, 279, 285, 179, 0, 33.62%, 22, 0, 3, 145.21, 510715, 769
15402, 27, 279, 285, 179, 0, 33.62%, 22, 0, 3, 145.93, 511465, 769
15407, 27, 279, 285, 179, 0, 33.62%, 22, 0, 3, 146.37, 512215, 769
15412, 27, 279, 285, 179, 0, 33.62%, 22, 0, 3, 146.71, 512965, 769
15417, 27, 279, 285, 179, 0, 33.62%, 22, 0, 3, 146.63, 513715, 769
15421, 27, 279, 285, 179, 0, 33.62%, 22, 0, 3, 146.28, 514219, 769
